obra_id,material_id,proporcion_estimada
1,501,88.93
2,3,90.25
3,20,86.99
4,25,66.37
5,31,89.78
6,43,60.52
7,58,50.39
8,68,70.33
9,80,74.85
10,84,83.81
11,91,71.74
12,101,80.47
13,119,95.94
14,129,85.73
15,132,56.58
16,142,89.76
17,160,84.16
18,165,53.4
19,172,63.98
20,183,96.35
21,198,94.43
22,203,86.68
23,220,87.17
24,230,99.59
25,232,82.36
26,243,78.2
27,252,89.38
28,266,97.56
29,275,93.06
30,284,75.12
31,296,91.13
32,310,58.41
33,320,63.52
34,329,73.52
35,336,97.58
36,341,88.5
37,360,81.82
38,363,56.43
39,374,57.55
40,390,56.13
41,391,87.21
42,404,95.25
43,411,59.86
44,430,70.31
45,439,76.12
46,442,91.15
47,452,56.65
48,461,84.92
49,472,64.97
50,482,76.59
51,496,98.05
52,501,69.08
53,520,80.85
54,521,57.96
55,531,79.6
56,549,53.29
57,553,77.65
58,564,53.98
59,574,51.62
60,589,54.71
61,591,60.55
62,606,99.73
63,620,79.75
64,630,56.57
65,633,71.69
66,644,86.01
67,658,73.72
68,666,61.55
69,679,53.37
70,684,97.82
71,695,56.01
72,708,92.25
73,714,86.92
74,730,97.57
75,731,89.14
76,742,54.84
77,755,74.78
78,768,57.47
79,780,63.87
80,782,98.67
81,796,79.45
82,803,66.92
83,816,91.31
84,826,51.56
85,835,66.54
86,848,93.49
87,853,81.32
88,864,96.91
89,874,61.67
90,881,86.93
91,898,63.35
92,909,65.78
93,916,99.01
94,925,66.21
95,939,66.4
96,945,91.77
97,956,84.85
98,966,76.5
99,978,57.71
100,984,68.37
101,999,69.46
102,1001,69.17
103,1020,66.1
104,325,88.07
105,818,56.94
106,401,92.23
107,240,89.33
108,599,54.88
109,664,65.77
110,897,91.91
111,705,76.13
112,752,52.45
113,116,53.47
114,295,58.45
115,53,63.54
116,791,67.53
117,774,77.85
118,904,90.27
119,699,88.83
120,716,96.1
121,91,50.66
122,842,76.34
123,40,89.08
124,262,54.68
125,976,91.14
126,212,77.75
127,910,53.03
128,768,86.39
129,52,64.94
130,701,55.3
131,123,79.15
132,112,66.19
133,616,57.75
134,679,54.83
135,70,97.11
136,876,52.31
137,885,84.19
138,42,93.31
139,786,91.79
140,307,94.85
141,138,89.01
142,608,76.25
143,175,66.12
144,175,96.51
145,797,68.33
146,454,90.54
147,177,81.46
148,767,97.1
149,262,54.63
150,656,58.84
151,874,73.41
152,344,87.49
153,214,57.22
154,342,69.31
155,175,56.43
156,157,75.48
157,73,87.87
158,315,70.16
159,324,93.33
160,240,54.18
161,195,82.25
162,8,98.73
163,16,68.5
164,26,66.47
165,32,70.0
166,42,56.4
167,54,60.64
168,69,88.65
169,74,97.94
170,90,97.16
171,93,79.35
172,102,77.85
173,112,78.14
174,128,60.5
175,140,58.33
176,149,54.92
177,160,79.58
178,166,54.68
179,174,66.26
180,183,62.27
181,196,56.83
182,204,64.04
183,213,83.36
184,226,54.93
185,233,52.41
186,249,95.91
187,258,66.75
188,265,87.84
189,275,74.33
190,285,79.99
191,295,70.04
192,309,61.08
193,312,67.12
194,330,73.11
195,334,76.11
196,350,51.79
197,351,72.61
198,363,81.85
199,373,85.97
200,390,51.82
201,396,94.83
202,409,71.4
203,420,56.37
204,423,69.31
205,440,68.51
206,448,95.76
207,458,79.13
208,468,73.1
209,471,53.73
210,481,60.64
211,499,59.5
212,510,53.04
213,520,94.01
214,530,97.37
215,538,76.92
216,543,99.28
217,560,77.41
218,570,54.13
219,572,50.16
220,581,83.34
221,594,83.72
222,605,50.79
223,616,50.45
224,623,99.1
225,639,92.51
226,646,63.05
227,652,61.13
228,664,82.0
229,674,73.11
230,686,73.27
231,696,66.9
232,702,81.35
233,714,52.38
234,724,55.2
235,735,57.88
236,748,57.26
237,760,99.8
238,763,71.64
239,779,54.98
240,781,64.91
241,796,72.87
242,804,91.23
243,812,59.37
244,821,60.22
245,836,58.2
246,850,88.95
247,851,88.86
248,870,96.82
249,880,71.05
250,886,53.97
251,892,98.16
252,904,62.05
253,914,55.57
254,928,69.85
255,931,95.71
256,946,74.9
257,960,65.48
258,969,95.31
259,971,63.77
260,989,97.1
261,993,68.47
262,1002,52.28
263,1014,96.68
264,733,98.92
265,904,87.43
266,924,77.14
267,149,89.25
268,719,54.51
269,80,78.67
270,526,86.15
271,285,83.75
272,208,81.3
273,646,75.89
274,652,68.13
275,389,91.69
276,433,92.33
277,857,59.2
278,704,53.74
279,972,95.82
280,537,97.24
281,752,91.68
282,870,88.62
283,394,73.55
284,126,67.63
285,419,61.56
286,516,84.11
287,432,87.62
288,289,83.89
289,395,99.37
290,134,91.95
291,544,78.04
292,866,60.04
293,394,85.88
294,152,81.53
295,163,55.3
296,389,61.82
297,500,53.32
298,259,86.04
299,1008,63.36
300,547,65.27
301,885,94.29
302,765,95.11
303,945,57.04
304,936,89.47
305,783,88.87
306,477,89.35
307,905,83.31
308,587,69.85
309,197,85.29
310,574,91.2
311,412,90.24
312,51,63.58
313,418,50.78
314,982,75.78
315,797,58.5
316,267,97.7
317,800,99.91
318,674,84.91
319,388,72.34
320,562,76.23
321,956,58.95
322,10,61.72
323,11,52.81
324,22,83.57
325,38,59.97
326,48,66.54
327,60,88.89
328,62,76.49
329,71,84.05
330,88,66.57
331,94,62.38
332,101,83.42
333,113,62.27
334,128,92.81
335,139,68.82
336,142,96.6
337,159,67.26
338,164,55.4
339,172,75.4
340,185,57.94
341,196,67.06
342,204,86.9
343,214,62.38
344,228,56.77
345,232,56.56
346,241,52.93
347,258,68.72
348,264,77.32
349,276,71.41
350,289,98.18
351,298,54.39
352,304,60.52
353,312,90.4
354,326,65.48
355,338,70.65
356,349,55.3
357,353,59.58
358,364,71.77
359,372,50.42
360,385,85.63
361,393,70.26
362,406,83.38
363,412,63.73
364,421,73.82
365,440,66.8
366,449,67.42
367,458,68.49
368,468,54.47
369,471,60.86
370,485,67.86
371,500,83.15
372,510,62.18
373,519,76.51
374,524,68.91
375,539,82.79
376,544,53.02
377,558,75.73
378,569,64.61
379,572,90.27
380,584,96.85
381,598,72.69
382,606,53.93
383,620,67.7
384,623,97.46
385,631,81.34
386,649,88.24
387,656,90.23
388,670,55.72
389,678,63.48
390,690,61.71
391,691,55.79
392,708,67.65
393,718,53.0
394,722,94.93
395,738,70.69
396,742,87.17
397,759,93.38
398,762,73.64
399,780,74.94
400,790,99.36
401,794,86.92
402,806,93.43
403,820,72.22
404,824,73.62
405,839,67.11
406,846,93.51
407,858,66.56
408,861,71.36
409,872,81.27
410,886,55.07
411,894,93.46
412,905,92.93
413,920,63.82
414,929,61.63
415,939,94.07
416,945,76.62
417,959,62.86
418,968,64.85
419,972,81.87
420,985,56.69
421,1000,82.04
422,1006,81.11
423,1014,61.21
424,706,60.82
425,510,51.1
426,766,97.21
427,265,58.5
428,667,51.8
429,164,56.54
430,167,93.35
431,545,66.02
432,468,50.35
433,257,63.2
434,552,55.27
435,522,88.71
436,46,83.56
437,57,65.14
438,828,93.13
439,512,91.07
440,771,90.3
441,928,50.05
442,572,76.25
443,264,75.46
444,1013,67.25
445,775,93.74
446,945,59.03
447,365,94.22
448,594,55.3
449,118,67.09
450,690,90.02
451,187,76.75
452,662,91.9
453,804,53.54
454,791,80.24
455,360,83.2
456,581,87.03
457,428,64.0
458,479,97.5
459,270,63.01
460,553,74.17
461,597,76.91
462,753,75.21
463,249,94.78
464,339,51.74
465,73,57.59
466,279,58.58
467,246,53.2
468,932,63.1
469,607,53.46
470,518,51.97
471,40,53.92
472,444,70.25
473,976,72.68
474,789,75.23
475,336,51.99
476,115,56.8
477,21,78.69
478,796,64.46
479,320,90.06
480,277,82.5
481,1001,63.03
482,9,72.19
483,16,87.32
484,24,86.2
485,40,87.52
486,42,86.35
487,53,53.54
488,61,67.27
489,71,73.26
490,82,93.73
491,94,98.33
492,103,88.12
493,113,53.43
494,129,62.91
495,135,78.6
496,141,75.08
497,160,50.84
498,163,96.25
499,176,90.16
500,190,74.26
501,194,68.23
502,202,52.64
503,212,55.5
504,224,94.75
505,233,80.86
506,246,79.69
507,260,59.85
508,261,91.27
509,278,83.13
510,283,69.88
511,292,94.58
512,306,67.79
513,316,72.11
514,326,83.78
515,335,59.82
516,345,54.98
517,360,83.61
518,370,56.46
519,376,99.91
520,385,87.6
521,400,71.67
522,405,78.19
523,412,70.52
524,421,97.57
525,438,60.36
526,450,65.87
527,456,68.99
528,468,88.91
529,476,52.72
530,485,62.32
531,492,69.87
532,503,69.75
533,516,84.13
534,528,94.3
535,535,77.29
536,550,78.51
537,559,60.15
538,570,85.38
539,578,96.48
540,589,50.79
541,599,77.54
542,601,99.42
543,620,98.87
544,625,81.06
545,631,79.87
546,643,65.98
547,658,50.56
548,666,93.86
549,673,84.92
550,682,90.8
551,691,58.66
552,703,51.42
553,716,64.53
554,722,69.69
555,731,92.06
556,745,77.51
557,751,73.29
558,762,85.28
559,776,54.22
560,786,77.13
561,798,85.07
562,803,73.68
563,812,88.4
564,825,67.9
565,835,89.13
566,845,86.14
567,858,97.9
568,862,87.93
569,873,68.64
570,882,74.92
571,900,57.95
572,902,71.67
573,919,71.41
574,928,94.3
575,940,92.95
576,946,62.35
577,956,75.13
578,966,79.02
579,979,61.89
580,985,67.7
581,1000,77.55
582,1009,81.63
583,1012,53.49
584,166,52.05
585,268,61.83
586,153,87.73
587,1007,69.34
588,943,77.98
589,253,98.26
590,862,73.01
591,855,93.65
592,860,91.34
593,432,94.42
594,327,76.21
595,895,87.65
596,256,85.11
597,308,59.94
598,521,53.34
599,991,62.39
600,245,91.04
601,100,73.12
602,648,86.6
603,119,57.87
604,376,84.7
605,868,75.54
606,104,64.2
607,611,63.45
608,423,53.48
609,75,56.17
610,360,94.36
611,241,60.02
612,142,52.69
613,485,61.73
614,214,72.16
615,880,92.15
616,401,92.8
617,750,59.87
618,617,72.11
619,421,73.02
620,909,59.86
621,463,95.42
622,316,87.21
623,830,93.89
624,827,72.2
625,546,63.54
626,549,65.66
627,638,69.38
628,669,90.86
629,745,83.98
630,326,69.37
631,640,94.61
632,186,67.01
633,704,78.68
634,660,89.93
635,18,68.18
636,667,76.49
637,242,99.13
638,410,53.96
639,399,71.08
640,674,92.71
641,952,81.84
642,5,65.87
643,19,55.9
644,28,97.5
645,39,71.07
646,48,61.96
647,58,82.06
648,66,92.62
649,78,56.82
650,88,89.52
651,92,82.97
652,109,92.35
653,111,84.8
654,125,91.29
655,140,95.01
656,141,92.49
657,153,65.44
658,164,66.26
659,179,68.25
660,186,99.04
661,199,77.16
662,205,92.43
663,211,84.54
664,221,64.84
665,236,99.12
666,246,73.36
667,251,68.88
668,269,87.93
669,273,72.83
670,285,89.23
671,299,69.56
672,303,73.37
673,318,65.84
674,329,64.57
675,334,89.4
676,344,70.35
677,351,92.94
678,363,55.67
679,373,76.78
680,383,73.86
681,400,75.97
682,409,98.93
683,414,57.06
684,429,52.14
685,433,65.04
686,442,68.48
687,456,84.14
688,462,69.8
689,471,75.06
690,484,54.45
691,494,59.4
692,503,78.94
693,515,58.61
694,528,80.2
695,540,72.05
696,542,67.17
697,559,99.73
698,561,57.06
699,579,65.95
700,584,58.3
701,591,72.82
702,602,68.41
703,611,84.83
704,622,56.39
705,635,56.12
706,649,52.37
707,659,68.43
708,661,97.93
709,671,68.26
710,686,50.94
711,691,65.42
712,708,77.8
713,720,88.97
714,722,78.8
715,740,67.95
716,741,76.28
717,755,72.78
718,769,88.88
719,779,75.81
720,782,68.99
721,796,52.72
722,801,83.89
723,812,85.19
724,822,77.24
725,839,98.25
726,842,65.99
727,853,86.59
728,862,85.74
729,875,77.87
730,889,78.93
731,893,99.17
732,908,98.23
733,912,61.48
734,928,75.36
735,934,68.71
736,944,50.54
737,953,92.69
738,966,61.88
739,976,87.16
740,984,88.19
741,995,92.91
742,1008,57.57
743,1011,72.63
744,436,53.14
745,613,73.42
746,843,85.87
747,178,87.91
748,709,87.07
749,705,86.27
750,753,97.17
751,299,78.27
752,944,76.8
753,928,69.37
754,815,77.53
755,934,96.84
756,446,70.02
757,2,90.25
758,862,64.24
759,378,60.11
760,499,62.26
761,37,93.03
762,798,91.05
763,589,75.93
764,653,91.33
765,519,87.88
766,36,99.2
767,195,99.61
768,850,77.75
769,531,77.05
770,322,98.52
771,797,88.81
772,594,88.7
773,652,74.88
774,542,93.08
775,554,98.91
776,837,56.58
777,805,58.18
778,623,88.07
779,805,55.54
780,965,59.78
781,504,54.04
782,931,73.93
783,54,56.58
784,157,90.2
785,533,68.72
786,148,59.39
787,209,51.7
788,665,86.0
789,41,91.67
790,95,61.6
791,999,98.95
792,661,70.95
793,374,89.73
794,230,52.45
795,623,84.18
796,425,53.39
797,641,88.81
798,29,95.55
799,94,83.09
800,228,63.83
801,598,93.52
802,8,51.52
803,14,65.56
804,25,84.11
805,33,86.58
806,48,53.94
807,60,95.14
808,69,63.51
809,73,98.13
810,86,50.09
811,96,94.78
812,106,81.71
813,120,66.43
814,122,62.16
815,134,62.0
816,142,59.01
817,154,87.83
818,162,89.81
819,175,60.39
820,189,89.46
821,196,62.52
822,206,99.32
823,219,99.87
824,226,76.26
825,236,53.61
826,242,82.33
827,251,61.09
828,264,65.94
829,280,94.58
830,284,81.85
831,300,92.42
832,303,84.76
833,312,69.94
834,324,56.19
835,336,72.13
836,348,61.35
837,353,80.63
838,363,61.61
839,373,73.38
840,385,83.92
841,393,56.79
842,408,66.86
843,411,75.09
844,423,88.64
845,438,74.77
846,446,50.33
847,458,71.32
848,462,50.35
849,478,58.34
850,486,79.04
851,495,75.12
852,502,58.46
853,514,77.61
854,524,71.1
855,540,80.46
856,545,71.25
857,551,50.64
858,568,92.1
859,573,70.37
860,584,95.69
861,596,53.01
862,602,68.44
863,614,87.6
864,629,91.74
865,635,69.74
866,648,51.19
867,655,76.69
868,663,91.19
869,680,51.87
870,682,66.84
871,695,58.87
872,703,93.59
873,712,70.16
874,723,62.55
875,731,64.05
876,742,95.53
877,760,53.18
878,763,87.28
879,780,51.44
880,789,70.88
881,792,98.93
882,809,59.62
883,813,84.84
884,828,94.75
885,833,58.5
886,848,50.25
887,852,98.16
888,870,99.44
889,875,51.54
890,890,69.57
891,891,57.56
892,906,56.38
893,920,99.84
894,930,81.0
895,932,61.29
896,943,88.51
897,959,75.14
898,961,70.42
899,972,68.86
900,983,94.71
901,996,53.81
902,1006,88.42
903,1020,81.93
904,282,62.84
905,128,79.82
906,56,69.41
907,434,71.69
908,998,93.78
909,382,90.65
910,22,73.19
911,476,93.25
912,198,96.0
913,368,70.91
914,372,60.83
915,980,82.95
916,955,67.57
917,672,89.93
918,220,69.6
919,552,69.26
920,589,51.25
921,994,85.73
922,833,94.7
923,13,90.92
924,212,51.84
925,615,82.71
926,611,91.54
927,966,89.38
928,500,80.1
929,704,96.86
930,506,74.13
931,13,54.04
932,733,78.4
933,826,75.05
934,533,98.83
935,652,54.5
936,236,63.49
937,251,65.23
938,130,54.69
939,385,79.82
940,259,74.2
941,721,96.6
942,253,59.4
943,354,95.16
944,480,65.71
945,32,58.05
946,596,78.11
947,510,86.03
948,417,98.66
949,423,97.48
950,660,78.99
951,738,96.2
952,953,58.83
953,546,80.66
954,812,88.79
955,715,80.77
956,5,98.05
957,55,64.54
958,108,82.96
959,159,57.75
960,22,54.98
961,20,80.86
962,2,59.49
963,15,59.58
964,30,72.73
965,33,70.1
966,46,65.97
967,52,57.45
968,64,82.13
969,79,96.17
970,83,81.92
971,100,57.21
972,108,67.96
973,116,66.67
974,122,61.24
975,140,92.59
976,144,85.1
977,152,58.41
978,161,68.8
979,173,93.71
980,186,65.11
981,198,89.45
982,209,79.9
983,211,75.6
984,222,92.38
985,231,62.89
986,243,98.12
987,255,93.88
988,266,81.93
989,275,99.09
990,281,97.56
991,300,97.1
992,305,68.21
993,311,50.27
994,326,78.78
995,334,76.3
996,343,78.05
997,356,90.05
998,368,78.31
999,379,73.16
1000,381,53.44
1001,393,99.13
1002,408,70.55
1003,413,90.89
1004,423,67.23
1005,439,67.01
1006,449,83.92
1007,455,75.44
1008,469,67.72
1009,478,78.63
1010,481,57.43
1011,492,63.01
1012,502,57.1
1013,518,85.78
1014,523,76.75
1015,539,72.91
1016,550,99.02
1017,556,77.55
1018,568,62.48
1019,580,86.79
1020,584,50.89
