id_produccion,departamento_pcode,municipio_pcode,tipo_obra_id,anio,volumen_estimado_unidades,valor_estimado_mercado_q,cantidad_artesanos_activos
1,GT04,GT0401,1,2021,433,353440.2,42
2,GT04,GT0401,1,2022,2500,468926.3,146
3,GT04,GT0401,1,2023,4397,385238.77,30
4,GT04,GT0401,1,2024,659,77535.86,284
5,GT04,GT0401,1,2025,1323,287491.77,223
6,GT04,GT0401,2,2021,1347,130464.01,295
7,GT04,GT0401,2,2022,2727,189702.43,301
8,GT04,GT0401,2,2023,445,749590.1,203
9,GT04,GT0401,2,2024,577,452635.62,42
10,GT04,GT0401,2,2025,4153,512643.1,162
11,GT04,GT0401,3,2021,2266,137435.04,85
12,GT04,GT0401,3,2022,4170,557322.51,276
13,GT04,GT0401,3,2023,2414,141619.46,54
14,GT04,GT0401,3,2024,4245,488361.03,19
15,GT04,GT0401,3,2025,2526,747497.36,140
16,GT04,GT0402,11,2021,4061,531476.87,167
17,GT04,GT0402,11,2022,3156,503171.81,305
18,GT04,GT0402,11,2023,956,322813.5,51
19,GT04,GT0402,11,2024,2731,610855.73,169
20,GT04,GT0402,11,2025,714,86164.93,40
21,GT04,GT0402,12,2021,3113,735060.11,118
22,GT04,GT0402,12,2022,1601,795765.41,43
23,GT04,GT0402,12,2023,751,667038.83,36
24,GT04,GT0402,12,2024,3053,674999.89,261
25,GT04,GT0402,12,2025,2627,806139.25,235
26,GT04,GT0402,13,2021,1330,84609.99,81
27,GT04,GT0402,13,2022,2813,278893.25,54
28,GT04,GT0402,13,2023,816,100282.27,232
29,GT04,GT0402,13,2024,3622,784355.33,281
30,GT04,GT0402,13,2025,1820,624253.48,118
31,GT04,GT0403,21,2021,431,405818.67,264
32,GT04,GT0403,21,2022,1208,473881.75,99
33,GT04,GT0403,21,2023,187,720019.5,134
34,GT04,GT0403,21,2024,765,268508.78,51
35,GT04,GT0403,21,2025,1858,826630.41,119
36,GT04,GT0403,22,2021,3740,187467.44,175
37,GT04,GT0403,22,2022,2437,568572.53,196
38,GT04,GT0403,22,2023,3367,170901.88,118
39,GT04,GT0403,22,2024,3044,628024.18,137
40,GT04,GT0403,22,2025,338,370607.76,318
41,GT04,GT0403,23,2021,1450,796269.71,90
42,GT04,GT0403,23,2022,546,148349.19,241
43,GT04,GT0403,23,2023,2797,578778.46,247
44,GT04,GT0403,23,2024,3680,518293.81,268
45,GT04,GT0403,23,2025,2606,568799.17,203
46,GT04,GT0404,31,2021,3476,665035.43,142
47,GT04,GT0404,31,2022,3850,127325.66,136
48,GT04,GT0404,31,2023,4203,96822.31,264
49,GT04,GT0404,31,2024,797,799818.89,40
50,GT04,GT0404,31,2025,2900,636327.79,159
51,GT04,GT0404,32,2021,3564,600849.52,196
52,GT04,GT0404,32,2022,3730,629936.38,37
53,GT04,GT0404,32,2023,3456,709801.79,58
54,GT04,GT0404,32,2024,4011,513961.94,52
55,GT04,GT0404,32,2025,3298,423164.07,310
56,GT04,GT0404,33,2021,2275,217744.25,55
57,GT04,GT0404,33,2022,151,582906.73,147
58,GT04,GT0404,33,2023,340,529877.74,84
59,GT04,GT0404,33,2024,3619,303652.68,171
60,GT04,GT0404,33,2025,4121,569372.8,296
61,GT04,GT0405,41,2021,2848,168837.19,299
62,GT04,GT0405,41,2022,1914,162687.35,138
63,GT04,GT0405,41,2023,1604,114799.94,26
64,GT04,GT0405,41,2024,3452,609391.4,38
65,GT04,GT0405,41,2025,487,634796.47,276
66,GT04,GT0405,42,2021,1076,264191.66,213
67,GT04,GT0405,42,2022,3722,491574.05,77
68,GT04,GT0405,42,2023,1588,719563.03,140
69,GT04,GT0405,42,2024,1024,68063.76,173
70,GT04,GT0405,42,2025,3556,664251.15,295
71,GT04,GT0405,43,2021,1963,203750.47,174
72,GT04,GT0405,43,2022,1283,706098.55,178
73,GT04,GT0405,43,2023,2597,349574.47,88
74,GT04,GT0405,43,2024,915,640892.87,16
75,GT04,GT0405,43,2025,1541,470659.62,178
76,GT04,GT0406,51,2021,4210,304035.22,291
77,GT04,GT0406,51,2022,3001,279143.66,138
78,GT04,GT0406,51,2023,3647,180612.57,195
79,GT04,GT0406,51,2024,3898,207096.04,300
80,GT04,GT0406,51,2025,831,218880.16,137
81,GT04,GT0406,52,2021,1214,598089.8,307
82,GT04,GT0406,52,2022,3823,316108.17,73
83,GT04,GT0406,52,2023,2456,553794.17,309
84,GT04,GT0406,52,2024,2904,824288.88,293
85,GT04,GT0406,52,2025,2585,193375.08,185
86,GT04,GT0406,53,2021,2090,485799.64,44
87,GT04,GT0406,53,2022,255,440831.9,168
88,GT04,GT0406,53,2023,1051,588124.63,96
89,GT04,GT0406,53,2024,3169,224475.96,193
90,GT04,GT0406,53,2025,676,332543.9,78
91,GT04,GT0407,61,2021,1185,557907.9,135
92,GT04,GT0407,61,2022,2688,494179.63,225
93,GT04,GT0407,61,2023,505,404318.55,23
94,GT04,GT0407,61,2024,3878,282179.4,145
95,GT04,GT0407,61,2025,3395,231291.08,315
96,GT04,GT0407,62,2021,3494,443128.16,83
97,GT04,GT0407,62,2022,1139,248884.83,231
98,GT04,GT0407,62,2023,1244,651754.1,181
99,GT04,GT0407,62,2024,3360,406653.42,260
100,GT04,GT0407,62,2025,2597,370558.93,93
101,GT04,GT0407,63,2021,4119,379122.86,281
102,GT04,GT0407,63,2022,2136,219648.87,314
103,GT04,GT0407,63,2023,3379,773845.19,205
104,GT04,GT0407,63,2024,2390,808533.27,213
105,GT04,GT0407,63,2025,2053,513735.91,177
106,GT04,GT0408,71,2021,1264,700261.88,282
107,GT04,GT0408,71,2022,606,107884.59,132
108,GT04,GT0408,71,2023,4437,516958.09,36
109,GT04,GT0408,71,2024,3455,63938.08,31
110,GT04,GT0408,71,2025,785,234537.41,78
111,GT04,GT0408,72,2021,2917,167419.27,116
112,GT04,GT0408,72,2022,327,441975.39,257
113,GT04,GT0408,72,2023,2156,520628.78,77
114,GT04,GT0408,72,2024,4390,572521.85,22
115,GT04,GT0408,72,2025,3583,32779.8,72
116,GT04,GT0408,73,2021,176,533368.74,157
117,GT04,GT0408,73,2022,1286,554050.9,123
118,GT04,GT0408,73,2023,132,817672.22,129
119,GT04,GT0408,73,2024,2140,176584.89,141
120,GT04,GT0408,73,2025,2095,516890.68,109
121,GT04,GT0409,81,2021,3611,673596.35,56
122,GT04,GT0409,81,2022,2527,624160.33,144
123,GT04,GT0409,81,2023,377,506895.75,21
124,GT04,GT0409,81,2024,4240,461832.06,128
125,GT04,GT0409,81,2025,148,434672.2,104
126,GT04,GT0409,82,2021,155,234332.78,130
127,GT04,GT0409,82,2022,196,567433.08,252
128,GT04,GT0409,82,2023,1426,673834.4,230
129,GT04,GT0409,82,2024,1121,571787.16,159
130,GT04,GT0409,82,2025,766,95923.45,218
131,GT04,GT0409,83,2021,1245,609742.0,109
132,GT04,GT0409,83,2022,1373,463305.21,194
133,GT04,GT0409,83,2023,710,709918.73,187
134,GT04,GT0409,83,2024,2996,160145.54,72
135,GT04,GT0409,83,2025,1045,521761.41,181
136,GT04,GT0410,91,2021,2781,72991.27,77
137,GT04,GT0410,91,2022,2150,737980.02,25
138,GT04,GT0410,91,2023,4160,151032.45,42
139,GT04,GT0410,91,2024,3049,800588.72,182
140,GT04,GT0410,91,2025,3244,783802.09,87
141,GT04,GT0410,92,2021,3439,600707.86,279
142,GT04,GT0410,92,2022,335,478417.9,150
143,GT04,GT0410,92,2023,449,747276.82,224
144,GT04,GT0410,92,2024,1517,506183.85,192
145,GT04,GT0410,92,2025,4034,503541.21,23
146,GT04,GT0410,93,2021,1431,295065.5,38
147,GT04,GT0410,93,2022,2296,834716.96,25
148,GT04,GT0410,93,2023,3506,245162.7,255
149,GT04,GT0410,93,2024,1078,332593.13,155
150,GT04,GT0410,93,2025,1785,242551.87,113
151,GT04,GT0411,101,2021,173,651172.06,303
152,GT04,GT0411,101,2022,3941,263916.74,272
153,GT04,GT0411,101,2023,1557,794614.62,71
154,GT04,GT0411,101,2024,2246,826952.95,173
155,GT04,GT0411,101,2025,3857,169498.69,99
156,GT04,GT0411,102,2021,649,822124.6,140
157,GT04,GT0411,102,2022,3962,200134.63,92
158,GT04,GT0411,102,2023,3563,828426.21,63
159,GT04,GT0411,102,2024,4240,307123.51,242
160,GT04,GT0411,102,2025,1127,833207.75,249
161,GT04,GT0411,103,2021,771,708049.17,39
162,GT04,GT0411,103,2022,3521,451420.99,183
163,GT04,GT0411,103,2023,3809,607563.86,283
164,GT04,GT0411,103,2024,4112,331235.99,285
165,GT04,GT0411,103,2025,1767,431624.92,46
166,GT04,GT0412,111,2021,4305,436190.49,243
167,GT04,GT0412,111,2022,1409,69968.64,75
168,GT04,GT0412,111,2023,3782,198101.55,165
169,GT04,GT0412,111,2024,2245,175335.08,198
170,GT04,GT0412,111,2025,2857,689901.32,31
171,GT04,GT0412,112,2021,403,215829.51,27
172,GT04,GT0412,112,2022,2163,598383.82,212
173,GT04,GT0412,112,2023,1478,607230.18,35
174,GT04,GT0412,112,2024,3637,31721.86,299
175,GT04,GT0412,112,2025,1937,390167.3,37
176,GT04,GT0412,113,2021,1648,334385.6,189
177,GT04,GT0412,113,2022,3669,509097.9,111
178,GT04,GT0412,113,2023,2759,112436.78,61
179,GT04,GT0412,113,2024,1387,376897.45,312
180,GT04,GT0412,113,2025,3071,212168.18,230
181,GT04,GT0413,121,2021,592,168434.61,163
182,GT04,GT0413,121,2022,145,107893.25,84
183,GT04,GT0413,121,2023,2709,639418.37,27
184,GT04,GT0413,121,2024,1823,654742.1,142
185,GT04,GT0413,121,2025,4484,414600.77,146
186,GT04,GT0413,122,2021,338,261366.99,24
187,GT04,GT0413,122,2022,3344,810408.88,264
188,GT04,GT0413,122,2023,4261,766010.95,121
189,GT04,GT0413,122,2024,3386,51095.07,203
190,GT04,GT0413,122,2025,2277,84608.87,34
191,GT04,GT0413,123,2021,319,630142.08,247
192,GT04,GT0413,123,2022,2231,697742.92,165
193,GT04,GT0413,123,2023,2230,205867.44,206
194,GT04,GT0413,123,2024,2892,28968.02,44
195,GT04,GT0413,123,2025,2768,193938.72,254
196,GT04,GT0414,131,2021,2986,720839.49,130
197,GT04,GT0414,131,2022,1316,264116.17,189
198,GT04,GT0414,131,2023,435,779557.56,83
199,GT04,GT0414,131,2024,4409,233102.24,229
200,GT04,GT0414,131,2025,1825,775458.72,297
201,GT04,GT0414,132,2021,3801,455189.04,303
202,GT04,GT0414,132,2022,4385,535511.32,247
203,GT04,GT0414,132,2023,3693,244617.5,228
204,GT04,GT0414,132,2024,629,413284.81,263
205,GT04,GT0414,132,2025,3710,782796.88,199
206,GT04,GT0414,133,2021,3291,333393.54,233
207,GT04,GT0414,133,2022,1113,466899.2,250
208,GT04,GT0414,133,2023,1565,49907.47,175
209,GT04,GT0414,133,2024,2670,58550.58,89
210,GT04,GT0414,133,2025,226,500983.83,83
211,GT04,GT0415,141,2021,3568,249822.84,293
212,GT04,GT0415,141,2022,457,835046.9,86
213,GT04,GT0415,141,2023,447,639645.25,199
214,GT04,GT0415,141,2024,3871,37566.37,260
215,GT04,GT0415,141,2025,1396,385685.98,214
216,GT04,GT0415,142,2021,1128,632518.39,307
217,GT04,GT0415,142,2022,800,795222.62,255
218,GT04,GT0415,142,2023,1808,731639.18,168
219,GT04,GT0415,142,2024,1981,25656.72,307
220,GT04,GT0415,142,2025,3275,251729.82,254
221,GT04,GT0415,143,2021,2856,440919.88,294
222,GT04,GT0415,143,2022,1064,383261.01,126
223,GT04,GT0415,143,2023,735,441960.71,183
224,GT04,GT0415,143,2024,678,790218.0,54
225,GT04,GT0415,143,2025,196,144380.82,316
226,GT04,GT0416,151,2021,337,514498.48,306
227,GT04,GT0416,151,2022,1760,832041.44,80
228,GT04,GT0416,151,2023,2229,592145.91,272
229,GT04,GT0416,151,2024,3761,560387.72,290
230,GT04,GT0416,151,2025,4109,572962.16,39
231,GT04,GT0416,152,2021,1415,474673.45,248
232,GT04,GT0416,152,2022,3859,811975.4,294
233,GT04,GT0416,152,2023,3019,803570.67,260
234,GT04,GT0416,152,2024,149,137997.09,37
235,GT04,GT0416,152,2025,1257,47743.21,260
236,GT04,GT0416,153,2021,2201,276607.79,46
237,GT04,GT0416,153,2022,3585,818545.65,228
238,GT04,GT0416,153,2023,1801,37530.93,212
239,GT04,GT0416,153,2024,3256,609598.28,218
240,GT04,GT0416,153,2025,1759,660602.44,83
241,GT07,GT0700,161,2021,2963,713519.82,312
242,GT07,GT0700,161,2022,2642,684727.02,155
243,GT07,GT0700,161,2023,4471,655716.57,311
244,GT07,GT0700,161,2024,1655,691187.5,203
245,GT07,GT0700,161,2025,717,435994.64,15
246,GT07,GT0700,162,2021,2721,392654.93,163
247,GT07,GT0700,162,2022,1251,265814.01,217
248,GT07,GT0700,162,2023,417,528166.53,312
249,GT07,GT0700,162,2024,3235,490381.92,289
250,GT07,GT0700,162,2025,3799,696503.69,232
251,GT07,GT0700,163,2021,924,338214.14,312
252,GT07,GT0700,163,2022,4253,164596.29,229
253,GT07,GT0700,163,2023,2766,774613.13,266
254,GT07,GT0700,163,2024,2979,769676.41,282
255,GT07,GT0700,163,2025,1481,94098.82,274
256,GT07,GT0701,171,2021,2178,303113.51,162
257,GT07,GT0701,171,2022,807,363539.06,284
258,GT07,GT0701,171,2023,3216,43234.78,291
259,GT07,GT0701,171,2024,2198,181722.17,320
260,GT07,GT0701,171,2025,3290,533634.78,273
261,GT07,GT0701,172,2021,1424,472680.03,246
262,GT07,GT0701,172,2022,4027,224703.42,222
263,GT07,GT0701,172,2023,2426,329855.84,117
264,GT07,GT0701,172,2024,2555,350685.13,66
265,GT07,GT0701,172,2025,168,680783.86,40
266,GT07,GT0701,173,2021,2510,253396.51,209
267,GT07,GT0701,173,2022,3674,456027.15,297
268,GT07,GT0701,173,2023,546,255444.16,106
269,GT07,GT0701,173,2024,4228,320903.44,239
270,GT07,GT0701,173,2025,1901,585892.26,271
271,GT07,GT0702,181,2021,1488,697024.01,87
272,GT07,GT0702,181,2022,1695,337879.1,194
273,GT07,GT0702,181,2023,1534,212370.12,80
274,GT07,GT0702,181,2024,392,774335.75,127
275,GT07,GT0702,181,2025,1999,570111.83,212
276,GT07,GT0702,182,2021,4032,463140.15,249
277,GT07,GT0702,182,2022,4028,225794.74,286
278,GT07,GT0702,182,2023,2726,49578.22,43
279,GT07,GT0702,182,2024,3188,574397.7,179
280,GT07,GT0702,182,2025,393,230049.04,159
281,GT07,GT0702,183,2021,4218,446296.02,177
282,GT07,GT0702,183,2022,4281,846776.6,52
283,GT07,GT0702,183,2023,2202,162605.98,166
284,GT07,GT0702,183,2024,3306,297234.48,107
285,GT07,GT0702,183,2025,1640,68610.22,44
286,GT07,GT0703,191,2021,3627,145092.44,146
287,GT07,GT0703,191,2022,424,204744.96,161
288,GT07,GT0703,191,2023,3219,143456.4,192
289,GT07,GT0703,191,2024,2567,177127.37,301
290,GT07,GT0703,191,2025,3358,535696.63,301
291,GT07,GT0703,192,2021,2621,202050.6,291
292,GT07,GT0703,192,2022,910,26587.73,125
293,GT07,GT0703,192,2023,1898,31813.5,309
294,GT07,GT0703,192,2024,3981,781723.25,69
295,GT07,GT0703,192,2025,2509,119551.17,281
296,GT07,GT0703,193,2021,846,327113.09,34
297,GT07,GT0703,193,2022,1517,229182.75,88
298,GT07,GT0703,193,2023,4380,438481.78,259
299,GT07,GT0703,193,2024,861,595587.0,307
300,GT07,GT0703,193,2025,3429,223859.43,128
301,GT07,GT0704,201,2021,4388,498775.22,22
302,GT07,GT0704,201,2022,1772,629996.8,25
303,GT07,GT0704,201,2023,1868,632967.9,225
304,GT07,GT0704,201,2024,3291,839523.02,145
305,GT07,GT0704,201,2025,1510,705423.8,160
306,GT07,GT0704,202,2021,2858,83083.23,284
307,GT07,GT0704,202,2022,2712,61191.9,264
308,GT07,GT0704,202,2023,3077,385815.28,151
309,GT07,GT0704,202,2024,1169,552894.52,252
310,GT07,GT0704,202,2025,616,435280.26,231
311,GT07,GT0704,203,2021,3045,191127.5,104
312,GT07,GT0704,203,2022,2723,381512.69,271
313,GT07,GT0704,203,2023,2335,822015.1,204
314,GT07,GT0704,203,2024,3296,755203.36,83
315,GT07,GT0704,203,2025,3892,165297.89,183
316,GT07,GT0705,211,2021,495,418671.14,123
317,GT07,GT0705,211,2022,3047,530003.13,22
318,GT07,GT0705,211,2023,4050,488778.46,191
319,GT07,GT0705,211,2024,3485,779566.13,133
320,GT07,GT0705,211,2025,1884,735833.63,67
321,GT07,GT0705,212,2021,1420,59265.17,94
322,GT07,GT0705,212,2022,2582,592269.05,248
323,GT07,GT0705,212,2023,1065,764167.65,121
324,GT07,GT0705,212,2024,798,820921.93,72
325,GT07,GT0705,212,2025,437,48951.01,142
326,GT07,GT0705,213,2021,230,81261.32,55
327,GT07,GT0705,213,2022,2013,393943.09,254
328,GT07,GT0705,213,2023,1209,733542.91,46
329,GT07,GT0705,213,2024,4179,92735.57,116
330,GT07,GT0705,213,2025,586,434587.58,240
331,GT07,GT0706,221,2021,2528,736594.43,220
332,GT07,GT0706,221,2022,2849,338942.62,40
333,GT07,GT0706,221,2023,489,400662.06,291
334,GT07,GT0706,221,2024,2780,95158.69,164
335,GT07,GT0706,221,2025,1491,682523.43,243
336,GT07,GT0706,222,2021,3143,454093.42,57
337,GT07,GT0706,222,2022,292,408695.77,190
338,GT07,GT0706,222,2023,2032,264705.44,85
339,GT07,GT0706,222,2024,1506,825761.99,255
340,GT07,GT0706,222,2025,3967,186393.43,315
341,GT07,GT0706,223,2021,1471,659446.26,103
342,GT07,GT0706,223,2022,705,285329.22,192
343,GT07,GT0706,223,2023,2274,756087.25,231
344,GT07,GT0706,223,2024,695,112338.74,108
345,GT07,GT0706,223,2025,153,570755.09,107
346,GT07,GT0707,231,2021,510,404727.21,171
347,GT07,GT0707,231,2022,3032,353538.86,163
348,GT07,GT0707,231,2023,2372,539876.79,115
349,GT07,GT0707,231,2024,718,133477.84,312
350,GT07,GT0707,231,2025,1585,265098.02,290
351,GT07,GT0707,232,2021,3620,692108.72,280
352,GT07,GT0707,232,2022,493,287686.96,91
353,GT07,GT0707,232,2023,1102,226743.47,210
354,GT07,GT0707,232,2024,3458,292127.68,284
355,GT07,GT0707,232,2025,2983,686402.83,65
356,GT07,GT0707,233,2021,861,603793.91,244
357,GT07,GT0707,233,2022,3279,456432.37,154
358,GT07,GT0707,233,2023,450,372339.61,72
359,GT07,GT0707,233,2024,1027,30658.93,285
360,GT07,GT0707,233,2025,2277,596728.06,26
361,GT07,GT0708,241,2021,2092,45560.46,257
362,GT07,GT0708,241,2022,1963,449147.75,217
363,GT07,GT0708,241,2023,3441,92298.98,96
364,GT07,GT0708,241,2024,4014,162872.97,48
365,GT07,GT0708,241,2025,3536,213379.82,175
366,GT07,GT0708,242,2021,1130,739255.67,240
367,GT07,GT0708,242,2022,2314,390571.27,237
368,GT07,GT0708,242,2023,2170,409770.13,104
369,GT07,GT0708,242,2024,1991,510388.23,108
370,GT07,GT0708,242,2025,3862,292435.79,111
371,GT07,GT0708,243,2021,575,305142.42,94
372,GT07,GT0708,243,2022,1939,716761.56,201
373,GT07,GT0708,243,2023,952,434202.28,74
374,GT07,GT0708,243,2024,2023,489946.24,76
375,GT07,GT0708,243,2025,1005,350148.88,267
376,GT07,GT0709,251,2021,2532,166091.67,254
377,GT07,GT0709,251,2022,603,643093.44,95
378,GT07,GT0709,251,2023,3438,88270.44,206
379,GT07,GT0709,251,2024,2514,754196.15,197
380,GT07,GT0709,251,2025,3784,395161.81,220
381,GT07,GT0709,252,2021,2814,842712.3,283
382,GT07,GT0709,252,2022,1965,354754.15,39
383,GT07,GT0709,252,2023,2833,91920.99,220
384,GT07,GT0709,252,2024,3978,475009.86,43
385,GT07,GT0709,252,2025,468,262162.3,88
386,GT07,GT0709,253,2021,1135,844972.99,107
387,GT07,GT0709,253,2022,3893,298615.88,72
388,GT07,GT0709,253,2023,3730,294728.77,213
389,GT07,GT0709,253,2024,2581,744835.07,218
390,GT07,GT0709,253,2025,2443,187898.59,148
391,GT07,GT0710,261,2021,2072,520528.92,118
392,GT07,GT0710,261,2022,2532,594063.32,92
393,GT07,GT0710,261,2023,2181,626622.12,175
394,GT07,GT0710,261,2024,2835,298602.69,111
395,GT07,GT0710,261,2025,3805,422900.9,56
396,GT07,GT0710,262,2021,3304,684978.69,199
397,GT07,GT0710,262,2022,2519,168393.05,234
398,GT07,GT0710,262,2023,1823,778641.01,222
399,GT07,GT0710,262,2024,903,732370.89,152
400,GT07,GT0710,262,2025,3051,71627.94,247
401,GT07,GT0710,263,2021,714,611819.76,301
402,GT07,GT0710,263,2022,1406,705620.55,120
403,GT07,GT0710,263,2023,2284,397424.81,124
404,GT07,GT0710,263,2024,1276,33586.13,43
405,GT07,GT0710,263,2025,4117,396086.45,265
406,GT07,GT0711,271,2021,1025,298293.1,267
407,GT07,GT0711,271,2022,3259,524674.4,196
408,GT07,GT0711,271,2023,2813,741423.63,244
409,GT07,GT0711,271,2024,1864,615987.33,226
410,GT07,GT0711,271,2025,653,809995.73,110
411,GT07,GT0711,272,2021,3148,236980.56,98
412,GT07,GT0711,272,2022,3815,79085.97,28
413,GT07,GT0711,272,2023,3194,319324.12,242
414,GT07,GT0711,272,2024,2923,566492.68,102
415,GT07,GT0711,272,2025,4332,738970.78,237
416,GT07,GT0711,273,2021,151,579982.58,77
417,GT07,GT0711,273,2022,858,273160.47,102
418,GT07,GT0711,273,2023,3491,45893.65,117
419,GT07,GT0711,273,2024,4317,829623.47,271
420,GT07,GT0711,273,2025,1514,344095.75,75
421,GT07,GT0712,281,2021,4143,341864.02,46
422,GT07,GT0712,281,2022,4289,783379.66,184
423,GT07,GT0712,281,2023,3331,137004.01,223
424,GT07,GT0712,281,2024,2672,739286.14,27
425,GT07,GT0712,281,2025,3857,532361.29,184
426,GT07,GT0712,282,2021,2466,26640.27,111
427,GT07,GT0712,282,2022,2376,644998.83,256
428,GT07,GT0712,282,2023,660,432410.56,127
429,GT07,GT0712,282,2024,1478,301457.07,294
430,GT07,GT0712,282,2025,905,294953.5,137
431,GT07,GT0712,283,2021,3243,306863.06,62
432,GT07,GT0712,283,2022,2162,50080.58,153
433,GT07,GT0712,283,2023,3901,618041.95,196
434,GT07,GT0712,283,2024,860,645983.65,187
435,GT07,GT0712,283,2025,4106,769105.04,216
436,GT07,GT0713,291,2021,1208,306783.64,127
437,GT07,GT0713,291,2022,2524,770311.43,178
438,GT07,GT0713,291,2023,1488,461165.45,42
439,GT07,GT0713,291,2024,2837,492768.75,302
440,GT07,GT0713,291,2025,2555,36158.75,91
441,GT07,GT0713,292,2021,1735,278360.01,22
442,GT07,GT0713,292,2022,742,607809.3,279
443,GT07,GT0713,292,2023,3111,187755.59,127
444,GT07,GT0713,292,2024,4450,188102.36,107
445,GT07,GT0713,292,2025,4162,552690.86,214
446,GT07,GT0713,293,2021,1397,639204.08,274
447,GT07,GT0713,293,2022,3037,223106.22,60
448,GT07,GT0713,293,2023,1572,461022.24,212
449,GT07,GT0713,293,2024,2567,620499.55,274
450,GT07,GT0713,293,2025,1838,359271.99,302
451,GT07,GT0714,301,2021,1161,566103.81,271
452,GT07,GT0714,301,2022,1787,220304.43,126
453,GT07,GT0714,301,2023,1363,33367.66,136
454,GT07,GT0714,301,2024,2601,366525.26,24
455,GT07,GT0714,301,2025,3260,125291.6,174
456,GT07,GT0714,302,2021,3003,582729.25,67
457,GT07,GT0714,302,2022,2458,232899.86,208
458,GT07,GT0714,302,2023,3758,701134.59,299
459,GT07,GT0714,302,2024,1769,72632.87,260
460,GT07,GT0714,302,2025,1328,292613.8,248
461,GT07,GT0714,303,2021,1790,742199.69,166
462,GT07,GT0714,303,2022,3603,328787.88,290
463,GT07,GT0714,303,2023,1428,491411.0,90
464,GT07,GT0714,303,2024,1985,65705.88,176
465,GT07,GT0714,303,2025,1665,122582.93,107
466,GT07,GT0715,311,2021,1056,818971.66,197
467,GT07,GT0715,311,2022,1088,271175.81,244
468,GT07,GT0715,311,2023,381,583527.23,253
469,GT07,GT0715,311,2024,2071,577847.85,109
470,GT07,GT0715,311,2025,2594,663073.74,204
471,GT07,GT0715,312,2021,2361,214571.88,53
472,GT07,GT0715,312,2022,2317,160813.97,205
473,GT07,GT0715,312,2023,1633,499922.29,104
474,GT07,GT0715,312,2024,1618,812047.09,278
475,GT07,GT0715,312,2025,1643,403584.18,287
476,GT07,GT0715,313,2021,955,632802.82,290
477,GT07,GT0715,313,2022,1094,498258.72,292
478,GT07,GT0715,313,2023,2683,816686.9,280
479,GT07,GT0715,313,2024,1436,693323.83,33
480,GT07,GT0715,313,2025,2143,639535.54,63
481,GT07,GT0716,321,2021,1114,592008.31,320
482,GT07,GT0716,321,2022,3251,34630.73,267
483,GT07,GT0716,321,2023,1959,845490.27,132
484,GT07,GT0716,321,2024,3570,499728.76,66
485,GT07,GT0716,321,2025,1291,749578.71,58
486,GT07,GT0716,322,2021,3350,765688.36,37
487,GT07,GT0716,322,2022,2295,631477.83,233
488,GT07,GT0716,322,2023,3573,620235.13,54
489,GT07,GT0716,322,2024,1588,460909.62,273
490,GT07,GT0716,322,2025,2823,259471.83,299
491,GT07,GT0716,323,2021,3538,392996.73,249
492,GT07,GT0716,323,2022,3821,302589.0,31
493,GT07,GT0716,323,2023,2951,84683.72,171
494,GT07,GT0716,323,2024,724,428973.68,314
495,GT07,GT0716,323,2025,955,320823.94,313
496,GT07,GT0717,331,2021,4051,607970.81,113
497,GT07,GT0717,331,2022,627,308130.26,250
498,GT07,GT0717,331,2023,2366,62489.38,19
499,GT07,GT0717,331,2024,3378,301966.27,179
500,GT07,GT0717,331,2025,3724,799459.02,61
501,GT07,GT0717,332,2021,3930,365730.8,103
502,GT07,GT0717,332,2022,3378,410528.04,318
503,GT07,GT0717,332,2023,2348,490047.05,112
504,GT07,GT0717,332,2024,3781,35271.31,24
505,GT07,GT0717,332,2025,522,492592.54,198
506,GT07,GT0717,333,2021,1070,117226.88,86
507,GT07,GT0717,333,2022,2920,419031.06,219
508,GT07,GT0717,333,2023,595,678794.81,142
509,GT07,GT0717,333,2024,4104,773696.02,155
510,GT07,GT0717,333,2025,3598,516721.97,79
511,GT07,GT0718,341,2021,2120,667999.58,315
512,GT07,GT0718,341,2022,2709,188816.41,116
513,GT07,GT0718,341,2023,431,803211.85,198
514,GT07,GT0718,341,2024,497,758247.11,122
515,GT07,GT0718,341,2025,1373,258669.67,55
516,GT07,GT0718,342,2021,3374,118310.36,240
517,GT07,GT0718,342,2022,4245,802827.37,181
518,GT07,GT0718,342,2023,813,720712.91,92
519,GT07,GT0718,342,2024,799,741775.04,281
520,GT07,GT0718,342,2025,3130,156322.08,144
521,GT07,GT0718,343,2021,2601,144128.78,140
522,GT07,GT0718,343,2022,1037,91352.47,107
523,GT07,GT0718,343,2023,916,679248.42,157
524,GT07,GT0718,343,2024,2225,253877.54,101
525,GT07,GT0718,343,2025,3613,370850.33,22
526,GT07,GT0719,351,2021,775,615210.59,160
527,GT07,GT0719,351,2022,2708,675061.45,38
528,GT07,GT0719,351,2023,967,67716.67,89
529,GT07,GT0719,351,2024,2862,249052.95,30
530,GT07,GT0719,351,2025,3351,821099.43,122
531,GT07,GT0719,352,2021,1030,747275.33,189
532,GT07,GT0719,352,2022,3895,576312.26,192
533,GT07,GT0719,352,2023,2267,783106.06,260
534,GT07,GT0719,352,2024,2864,399474.65,244
535,GT07,GT0719,352,2025,1124,624084.56,182
536,GT07,GT0719,353,2021,780,451268.89,112
537,GT07,GT0719,353,2022,3247,698861.96,207
538,GT07,GT0719,353,2023,2926,631568.97,115
539,GT07,GT0719,353,2024,3512,299684.78,18
540,GT07,GT0719,353,2025,1587,378990.03,187
541,GT08,GT0801,361,2021,3336,347687.87,206
542,GT08,GT0801,361,2022,242,216013.04,311
543,GT08,GT0801,361,2023,3944,669181.96,179
544,GT08,GT0801,361,2024,4494,549362.11,189
545,GT08,GT0801,361,2025,312,112621.49,142
546,GT08,GT0801,362,2021,3951,741861.89,73
547,GT08,GT0801,362,2022,2733,189329.28,205
548,GT08,GT0801,362,2023,3856,199934.65,302
549,GT08,GT0801,362,2024,350,740344.46,309
550,GT08,GT0801,362,2025,2880,506414.57,53
551,GT08,GT0801,363,2021,1745,685718.19,269
552,GT08,GT0801,363,2022,3931,651169.68,123
553,GT08,GT0801,363,2023,3430,756524.84,22
554,GT08,GT0801,363,2024,815,327901.54,206
555,GT08,GT0801,363,2025,2303,158866.49,132
556,GT08,GT0802,371,2021,2581,569052.17,118
557,GT08,GT0802,371,2022,2949,627121.87,75
558,GT08,GT0802,371,2023,3619,757870.21,15
559,GT08,GT0802,371,2024,3192,482453.68,23
560,GT08,GT0802,371,2025,4215,210098.65,258
561,GT08,GT0802,372,2021,855,696896.81,59
562,GT08,GT0802,372,2022,1698,27514.34,269
563,GT08,GT0802,372,2023,1492,618713.79,81
564,GT08,GT0802,372,2024,3181,368925.25,93
565,GT08,GT0802,372,2025,1364,608748.74,317
566,GT08,GT0802,373,2021,4237,686610.6,275
567,GT08,GT0802,373,2022,4417,636597.01,183
568,GT08,GT0802,373,2023,1028,374004.55,235
569,GT08,GT0802,373,2024,3428,246047.73,224
570,GT08,GT0802,373,2025,1931,594074.52,96
571,GT08,GT0803,381,2021,2116,671933.78,206
572,GT08,GT0803,381,2022,4354,416933.0,293
573,GT08,GT0803,381,2023,1469,563509.31,83
574,GT08,GT0803,381,2024,1511,693286.17,291
575,GT08,GT0803,381,2025,1991,510372.07,202
576,GT08,GT0803,382,2021,770,557226.32,39
577,GT08,GT0803,382,2022,1430,360115.85,294
578,GT08,GT0803,382,2023,3108,729340.92,134
579,GT08,GT0803,382,2024,855,513010.5,148
580,GT08,GT0803,382,2025,3290,378016.44,142
581,GT08,GT0803,383,2021,3796,92496.76,197
582,GT08,GT0803,383,2022,4096,462062.73,24
583,GT08,GT0803,383,2023,4172,25167.85,231
584,GT08,GT0803,383,2024,956,64482.15,159
585,GT08,GT0803,383,2025,2979,303456.0,230
586,GT08,GT0804,391,2021,680,775187.94,42
587,GT08,GT0804,391,2022,4133,227136.24,134
588,GT08,GT0804,391,2023,2810,394060.15,151
589,GT08,GT0804,391,2024,3195,612574.7,235
590,GT08,GT0804,391,2025,2526,807267.51,110
591,GT08,GT0804,392,2021,4335,343575.57,77
592,GT08,GT0804,392,2022,1570,425185.33,156
593,GT08,GT0804,392,2023,341,303011.61,185
594,GT08,GT0804,392,2024,1323,732914.72,53
595,GT08,GT0804,392,2025,2480,568353.12,147
596,GT08,GT0804,393,2021,1019,254079.43,109
597,GT08,GT0804,393,2022,4372,841205.0,79
598,GT08,GT0804,393,2023,296,462670.96,260
599,GT08,GT0804,393,2024,2017,150258.69,109
600,GT08,GT0804,393,2025,3884,485259.07,192
601,GT08,GT0805,401,2021,3609,330699.8,55
602,GT08,GT0805,401,2022,3410,713948.71,123
603,GT08,GT0805,401,2023,1737,346606.0,77
604,GT08,GT0805,401,2024,386,748799.74,26
605,GT08,GT0805,401,2025,2044,561199.93,218
606,GT08,GT0805,402,2021,3958,768165.16,158
607,GT08,GT0805,402,2022,1132,470978.99,56
608,GT08,GT0805,402,2023,661,235834.02,277
609,GT08,GT0805,402,2024,2807,510187.83,152
610,GT08,GT0805,402,2025,554,790813.71,35
611,GT08,GT0805,403,2021,2040,95535.36,65
612,GT08,GT0805,403,2022,851,711131.21,147
613,GT08,GT0805,403,2023,812,229352.48,293
614,GT08,GT0805,403,2024,2951,802030.67,105
615,GT08,GT0805,403,2025,2293,303534.73,102
616,GT08,GT0806,411,2021,232,729454.43,303
617,GT08,GT0806,411,2022,2114,126999.82,274
618,GT08,GT0806,411,2023,3563,92162.5,29
619,GT08,GT0806,411,2024,3742,756460.07,233
620,GT08,GT0806,411,2025,573,535461.97,265
621,GT08,GT0806,412,2021,3094,764106.93,63
622,GT08,GT0806,412,2022,3478,249479.44,238
623,GT08,GT0806,412,2023,4268,35212.48,139
624,GT08,GT0806,412,2024,775,68897.13,58
625,GT08,GT0806,412,2025,3713,363335.44,74
626,GT08,GT0806,413,2021,3119,547966.34,145
627,GT08,GT0806,413,2022,4186,809291.29,37
628,GT08,GT0806,413,2023,3386,676915.21,252
629,GT08,GT0806,413,2024,2429,356593.13,246
630,GT08,GT0806,413,2025,4067,122124.24,221
631,GT08,GT0807,421,2021,2375,184891.65,312
632,GT08,GT0807,421,2022,1185,801359.39,78
633,GT08,GT0807,421,2023,900,670039.26,103
634,GT08,GT0807,421,2024,1529,376970.93,300
635,GT08,GT0807,421,2025,3728,455061.64,73
636,GT08,GT0807,422,2021,3699,651010.98,304
637,GT08,GT0807,422,2022,3444,30662.63,202
638,GT08,GT0807,422,2023,410,819930.54,127
639,GT08,GT0807,422,2024,615,784121.89,148
640,GT08,GT0807,422,2025,2250,838405.64,197
641,GT08,GT0807,423,2021,933,287553.28,97
642,GT08,GT0807,423,2022,1443,781656.77,52
643,GT08,GT0807,423,2023,197,473480.77,238
644,GT08,GT0807,423,2024,3860,554757.54,213
645,GT08,GT0807,423,2025,634,493532.56,59
646,GT08,GT0808,431,2021,1996,557769.91,48
647,GT08,GT0808,431,2022,3542,786433.17,309
648,GT08,GT0808,431,2023,4447,512358.16,70
649,GT08,GT0808,431,2024,3738,229467.01,35
650,GT08,GT0808,431,2025,3331,247387.03,302
651,GT08,GT0808,432,2021,514,536844.26,100
652,GT08,GT0808,432,2022,1608,220877.11,205
653,GT08,GT0808,432,2023,532,94401.42,16
654,GT08,GT0808,432,2024,3696,830251.7,28
655,GT08,GT0808,432,2025,4247,255278.34,188
656,GT08,GT0808,433,2021,141,788189.0,170
657,GT08,GT0808,433,2022,703,261384.55,159
658,GT08,GT0808,433,2023,2833,636650.45,167
659,GT08,GT0808,433,2024,422,352485.14,100
660,GT08,GT0808,433,2025,177,308342.15,293
661,GT09,GT0901,441,2021,486,321434.58,123
662,GT09,GT0901,441,2022,3588,765653.77,98
663,GT09,GT0901,441,2023,2191,574810.85,188
664,GT09,GT0901,441,2024,641,163913.09,50
665,GT09,GT0901,441,2025,1515,293439.02,131
666,GT09,GT0901,442,2021,571,364745.69,70
667,GT09,GT0901,442,2022,1667,836910.42,239
668,GT09,GT0901,442,2023,476,517407.05,242
669,GT09,GT0901,442,2024,398,312890.21,313
670,GT09,GT0901,442,2025,322,281867.72,219
671,GT09,GT0901,443,2021,4297,536955.56,53
672,GT09,GT0901,443,2022,3627,261122.38,244
673,GT09,GT0901,443,2023,1626,171934.0,151
674,GT09,GT0901,443,2024,2974,821689.77,278
675,GT09,GT0901,443,2025,3650,256784.16,212
676,GT09,GT0902,451,2021,3594,656883.47,238
677,GT09,GT0902,451,2022,261,693405.11,180
678,GT09,GT0902,451,2023,1093,389538.47,277
679,GT09,GT0902,451,2024,139,111264.86,256
680,GT09,GT0902,451,2025,773,246759.04,237
681,GT09,GT0902,452,2021,2244,689572.48,269
682,GT09,GT0902,452,2022,3578,405054.53,35
683,GT09,GT0902,452,2023,3986,462260.26,47
684,GT09,GT0902,452,2024,3487,664295.67,182
685,GT09,GT0902,452,2025,513,678509.01,315
686,GT09,GT0902,453,2021,1413,400448.3,200
687,GT09,GT0902,453,2022,4028,634961.34,83
688,GT09,GT0902,453,2023,4057,780689.95,24
689,GT09,GT0902,453,2024,1042,700335.73,146
690,GT09,GT0902,453,2025,2415,118895.17,130
691,GT09,GT0903,461,2021,1818,559117.46,182
692,GT09,GT0903,461,2022,1167,838965.33,125
693,GT09,GT0903,461,2023,2649,457721.06,32
694,GT09,GT0903,461,2024,470,250054.43,138
695,GT09,GT0903,461,2025,2555,378544.13,95
696,GT09,GT0903,462,2021,3034,589606.13,81
697,GT09,GT0903,462,2022,2363,72080.84,176
698,GT09,GT0903,462,2023,2288,356265.37,317
699,GT09,GT0903,462,2024,1115,153653.44,23
700,GT09,GT0903,462,2025,1607,511587.97,207
701,GT09,GT0903,463,2021,3105,535676.25,26
702,GT09,GT0903,463,2022,4065,57323.7,212
703,GT09,GT0903,463,2023,1491,131385.28,186
704,GT09,GT0903,463,2024,4346,287358.28,280
705,GT09,GT0903,463,2025,1506,243203.3,18
706,GT09,GT0904,471,2021,1797,642180.03,309
707,GT09,GT0904,471,2022,2711,808509.92,193
708,GT09,GT0904,471,2023,161,609068.85,203
709,GT09,GT0904,471,2024,1340,354655.89,45
710,GT09,GT0904,471,2025,323,35843.04,179
711,GT09,GT0904,472,2021,2720,747349.61,51
712,GT09,GT0904,472,2022,3711,619423.09,64
713,GT09,GT0904,472,2023,3892,456921.01,301
714,GT09,GT0904,472,2024,1368,571871.76,107
715,GT09,GT0904,472,2025,700,210887.22,281
716,GT09,GT0904,473,2021,1125,587343.71,239
717,GT09,GT0904,473,2022,3417,591317.81,44
718,GT09,GT0904,473,2023,2317,63815.95,301
719,GT09,GT0904,473,2024,1167,770308.88,201
720,GT09,GT0904,473,2025,3629,575319.59,137
721,GT09,GT0905,481,2021,4332,36907.83,101
722,GT09,GT0905,481,2022,1687,366842.4,181
723,GT09,GT0905,481,2023,576,379553.8,56
724,GT09,GT0905,481,2024,1588,545889.52,158
725,GT09,GT0905,481,2025,4192,784293.72,177
726,GT09,GT0905,482,2021,3950,356253.6,20
727,GT09,GT0905,482,2022,1237,580449.28,174
728,GT09,GT0905,482,2023,2455,279990.3,247
729,GT09,GT0905,482,2024,3168,384998.06,281
730,GT09,GT0905,482,2025,3797,423191.46,54
731,GT09,GT0905,483,2021,3946,92422.7,32
732,GT09,GT0905,483,2022,2052,403634.26,85
733,GT09,GT0905,483,2023,2269,543200.16,316
734,GT09,GT0905,483,2024,2075,592564.32,176
735,GT09,GT0905,483,2025,3046,666247.5,318
736,GT09,GT0906,491,2021,4280,706729.7,166
737,GT09,GT0906,491,2022,4453,780810.88,217
738,GT09,GT0906,491,2023,3993,170958.79,33
739,GT09,GT0906,491,2024,515,542579.55,188
740,GT09,GT0906,491,2025,2010,501454.31,43
741,GT09,GT0906,492,2021,2084,324164.93,65
742,GT09,GT0906,492,2022,1825,432274.85,316
743,GT09,GT0906,492,2023,3064,143836.07,106
744,GT09,GT0906,492,2024,1654,203424.38,27
745,GT09,GT0906,492,2025,803,493832.74,122
746,GT09,GT0906,493,2021,3457,243205.11,124
747,GT09,GT0906,493,2022,2962,187488.83,27
748,GT09,GT0906,493,2023,2907,410811.31,74
749,GT09,GT0906,493,2024,906,607799.72,266
750,GT09,GT0906,493,2025,178,311670.24,151
751,GT09,GT0907,501,2021,4453,31509.4,73
752,GT09,GT0907,501,2022,3205,750014.21,116
753,GT09,GT0907,501,2023,3646,119284.41,220
754,GT09,GT0907,501,2024,4352,281598.42,213
755,GT09,GT0907,501,2025,1506,259399.76,169
756,GT09,GT0907,502,2021,3805,551522.7,296
757,GT09,GT0907,502,2022,1035,137333.79,175
758,GT09,GT0907,502,2023,3678,317596.11,197
759,GT09,GT0907,502,2024,411,235907.82,211
760,GT09,GT0907,502,2025,1890,45456.63,39
761,GT09,GT0907,503,2021,1092,431920.31,228
762,GT09,GT0907,503,2022,931,78648.77,87
763,GT09,GT0907,503,2023,1407,123693.0,296
764,GT09,GT0907,503,2024,779,44852.53,58
765,GT09,GT0907,503,2025,4137,154632.6,281
766,GT09,GT0908,511,2021,2156,290513.31,210
767,GT09,GT0908,511,2022,213,562731.33,127
768,GT09,GT0908,511,2023,3101,363122.26,265
769,GT09,GT0908,511,2024,1224,452338.42,23
770,GT09,GT0908,511,2025,875,406392.65,190
771,GT09,GT0908,512,2021,990,798776.35,22
772,GT09,GT0908,512,2022,1454,251542.53,274
773,GT09,GT0908,512,2023,345,575633.48,229
774,GT09,GT0908,512,2024,323,736833.29,245
775,GT09,GT0908,512,2025,3092,76366.49,20
776,GT09,GT0908,513,2021,2027,365268.23,208
777,GT09,GT0908,513,2022,2832,520354.55,234
778,GT09,GT0908,513,2023,1401,258031.35,308
779,GT09,GT0908,513,2024,1061,513472.72,309
780,GT09,GT0908,513,2025,1769,69192.11,90
781,GT09,GT0909,521,2021,1364,528535.76,228
782,GT09,GT0909,521,2022,1128,305783.82,152
783,GT09,GT0909,521,2023,3974,373351.61,76
784,GT09,GT0909,521,2024,487,62903.78,175
785,GT09,GT0909,521,2025,2600,729287.99,271
786,GT09,GT0909,522,2021,752,751829.96,259
787,GT09,GT0909,522,2022,3130,530629.72,111
788,GT09,GT0909,522,2023,1784,316144.82,298
789,GT09,GT0909,522,2024,2565,546638.82,145
790,GT09,GT0909,522,2025,501,369331.25,47
791,GT09,GT0909,523,2021,1822,225665.97,38
792,GT09,GT0909,523,2022,4128,25463.9,111
793,GT09,GT0909,523,2023,1637,778612.46,186
794,GT09,GT0909,523,2024,2523,763650.84,93
795,GT09,GT0909,523,2025,1484,439834.96,92
796,GT09,GT0910,531,2021,2409,612560.86,115
797,GT09,GT0910,531,2022,3052,317729.99,301
798,GT09,GT0910,531,2023,2241,541735.73,309
799,GT09,GT0910,531,2024,3286,763095.75,143
800,GT09,GT0910,531,2025,2069,310899.52,268
801,GT09,GT0910,532,2021,4416,706798.25,254
802,GT09,GT0910,532,2022,625,639481.47,195
803,GT09,GT0910,532,2023,3011,64195.23,93
804,GT09,GT0910,532,2024,1928,637703.7,206
805,GT09,GT0910,532,2025,667,122995.98,290
806,GT09,GT0910,533,2021,1858,154397.14,262
807,GT09,GT0910,533,2022,3526,280015.09,219
808,GT09,GT0910,533,2023,2664,740175.27,129
809,GT09,GT0910,533,2024,4108,315928.92,40
810,GT09,GT0910,533,2025,1823,687160.8,219
811,GT09,GT0911,541,2021,4409,267424.89,286
812,GT09,GT0911,541,2022,1573,819502.76,148
813,GT09,GT0911,541,2023,2258,677166.87,16
814,GT09,GT0911,541,2024,1264,388829.93,255
815,GT09,GT0911,541,2025,3129,92977.77,148
816,GT09,GT0911,542,2021,3992,176514.4,155
817,GT09,GT0911,542,2022,721,404896.8,171
818,GT09,GT0911,542,2023,3128,830428.76,221
819,GT09,GT0911,542,2024,478,356074.67,221
820,GT09,GT0911,542,2025,3009,660921.53,197
821,GT09,GT0911,543,2021,2066,544136.3,267
822,GT09,GT0911,543,2022,3320,806753.93,191
823,GT09,GT0911,543,2023,1361,116461.04,50
824,GT09,GT0911,543,2024,1565,192021.89,38
825,GT09,GT0911,543,2025,500,221182.52,54
826,GT09,GT0912,551,2021,1797,755682.1,54
827,GT09,GT0912,551,2022,4342,476188.5,160
828,GT09,GT0912,551,2023,1218,198436.93,65
829,GT09,GT0912,551,2024,323,667494.88,99
830,GT09,GT0912,551,2025,897,177126.4,297
831,GT09,GT0912,552,2021,1880,218883.58,61
832,GT09,GT0912,552,2022,4421,152735.33,73
833,GT09,GT0912,552,2023,347,368122.11,139
834,GT09,GT0912,552,2024,1380,65088.49,83
835,GT09,GT0912,552,2025,1841,491009.92,36
836,GT09,GT0912,553,2021,352,68745.49,306
837,GT09,GT0912,553,2022,2857,673547.1,171
838,GT09,GT0912,553,2023,794,711690.25,313
839,GT09,GT0912,553,2024,3203,586350.59,156
840,GT09,GT0912,553,2025,1821,577071.95,252
841,GT09,GT0913,561,2021,3506,518195.76,184
842,GT09,GT0913,561,2022,3839,59010.17,114
843,GT09,GT0913,561,2023,3122,171798.75,254
844,GT09,GT0913,561,2024,3945,228464.48,267
845,GT09,GT0913,561,2025,964,34299.94,302
846,GT09,GT0913,562,2021,4358,617485.84,229
847,GT09,GT0913,562,2022,2828,766579.94,30
848,GT09,GT0913,562,2023,610,520110.52,308
849,GT09,GT0913,562,2024,1524,128460.24,244
850,GT09,GT0913,562,2025,2257,358420.13,257
851,GT09,GT0913,563,2021,760,670186.48,215
852,GT09,GT0913,563,2022,4438,586350.56,320
853,GT09,GT0913,563,2023,870,816599.8,58
854,GT09,GT0913,563,2024,870,133738.82,59
855,GT09,GT0913,563,2025,4365,116965.14,72
856,GT09,GT0914,571,2021,146,675658.3,265
857,GT09,GT0914,571,2022,3330,467285.9,122
858,GT09,GT0914,571,2023,3306,53989.17,280
859,GT09,GT0914,571,2024,2672,414687.35,250
860,GT09,GT0914,571,2025,1414,310178.74,295
861,GT09,GT0914,572,2021,1444,141784.17,276
862,GT09,GT0914,572,2022,405,580026.5,152
863,GT09,GT0914,572,2023,652,351867.38,216
864,GT09,GT0914,572,2024,2134,45144.2,34
865,GT09,GT0914,572,2025,1758,654556.98,193
866,GT09,GT0914,573,2021,2021,845674.83,309
867,GT09,GT0914,573,2022,3225,715606.28,249
868,GT09,GT0914,573,2023,363,353723.12,143
869,GT09,GT0914,573,2024,4441,462409.57,174
870,GT09,GT0914,573,2025,3198,775903.06,77
871,GT09,GT0915,581,2021,714,333428.0,264
872,GT09,GT0915,581,2022,3424,104895.78,219
873,GT09,GT0915,581,2023,2364,685122.75,44
874,GT09,GT0915,581,2024,712,516313.37,214
875,GT09,GT0915,581,2025,2373,771159.16,139
876,GT09,GT0915,582,2021,3649,419439.95,125
877,GT09,GT0915,582,2022,2571,832162.6,311
878,GT09,GT0915,582,2023,3385,117047.32,80
879,GT09,GT0915,582,2024,2833,631773.73,162
880,GT09,GT0915,582,2025,3940,237477.94,100
881,GT09,GT0915,583,2021,2782,93227.84,48
882,GT09,GT0915,583,2022,4013,818304.2,216
883,GT09,GT0915,583,2023,2405,651781.13,96
884,GT09,GT0915,583,2024,1314,764718.22,159
885,GT09,GT0915,583,2025,1018,779761.05,108
886,GT09,GT0916,591,2021,3071,848276.35,251
887,GT09,GT0916,591,2022,1784,366868.86,315
888,GT09,GT0916,591,2023,2379,187538.94,225
889,GT09,GT0916,591,2024,3746,443114.24,209
890,GT09,GT0916,591,2025,1326,583601.73,289
891,GT09,GT0916,592,2021,3367,499192.92,285
892,GT09,GT0916,592,2022,2596,71900.76,17
893,GT09,GT0916,592,2023,4325,519742.51,49
894,GT09,GT0916,592,2024,1772,67881.31,176
895,GT09,GT0916,592,2025,4310,473026.18,279
896,GT09,GT0916,593,2021,1517,97172.31,22
897,GT09,GT0916,593,2022,2965,562346.48,230
898,GT09,GT0916,593,2023,4346,241569.31,227
899,GT09,GT0916,593,2024,4121,404492.86,28
900,GT09,GT0916,593,2025,642,434968.42,225
901,GT09,GT0917,601,2021,706,585282.65,273
902,GT09,GT0917,601,2022,1090,489026.78,119
903,GT09,GT0917,601,2023,1439,649059.31,288
904,GT09,GT0917,601,2024,312,841644.61,261
905,GT09,GT0917,601,2025,2431,138253.75,108
906,GT09,GT0917,602,2021,4429,456149.76,77
907,GT09,GT0917,602,2022,2635,178465.23,213
908,GT09,GT0917,602,2023,3207,201467.56,211
909,GT09,GT0917,602,2024,1334,392567.8,195
910,GT09,GT0917,602,2025,2793,47884.94,83
911,GT09,GT0917,603,2021,2389,151624.41,121
912,GT09,GT0917,603,2022,229,637619.1,199
913,GT09,GT0917,603,2023,4272,26023.14,55
914,GT09,GT0917,603,2024,3613,344871.4,22
915,GT09,GT0917,603,2025,236,517319.27,244
916,GT09,GT0918,611,2021,3483,434262.74,158
917,GT09,GT0918,611,2022,3089,28514.72,187
918,GT09,GT0918,611,2023,1495,819813.7,165
919,GT09,GT0918,611,2024,4473,685760.96,223
920,GT09,GT0918,611,2025,4096,786389.27,191
921,GT09,GT0918,612,2021,4439,545304.23,103
922,GT09,GT0918,612,2022,936,250950.85,47
923,GT09,GT0918,612,2023,2264,453348.35,153
924,GT09,GT0918,612,2024,1200,280092.25,232
925,GT09,GT0918,612,2025,4435,662957.01,260
926,GT09,GT0918,613,2021,2737,174468.6,303
927,GT09,GT0918,613,2022,2788,103125.28,194
928,GT09,GT0918,613,2023,3405,582732.4,306
929,GT09,GT0918,613,2024,3572,792749.32,288
930,GT09,GT0918,613,2025,989,82476.25,267
931,GT09,GT0919,621,2021,178,228743.36,32
932,GT09,GT0919,621,2022,3063,415045.8,181
933,GT09,GT0919,621,2023,4303,389757.79,174
934,GT09,GT0919,621,2024,292,184349.22,222
935,GT09,GT0919,621,2025,206,190761.26,226
936,GT09,GT0919,622,2021,381,412210.62,272
937,GT09,GT0919,622,2022,581,326031.32,89
938,GT09,GT0919,622,2023,4197,450419.21,275
939,GT09,GT0919,622,2024,2113,427352.55,200
940,GT09,GT0919,622,2025,3586,528688.1,308
941,GT09,GT0919,623,2021,4001,526038.92,248
942,GT09,GT0919,623,2022,3510,651325.96,252
943,GT09,GT0919,623,2023,3929,731688.85,78
944,GT09,GT0919,623,2024,2709,691822.01,73
945,GT09,GT0919,623,2025,1333,562255.73,142
946,GT09,GT0920,631,2021,3053,233079.95,267
947,GT09,GT0920,631,2022,800,375859.0,139
948,GT09,GT0920,631,2023,4067,640368.48,61
949,GT09,GT0920,631,2024,4256,125974.0,99
950,GT09,GT0920,631,2025,1646,190353.87,132
951,GT09,GT0920,632,2021,583,65664.78,32
952,GT09,GT0920,632,2022,3946,488692.39,263
953,GT09,GT0920,632,2023,929,489170.71,178
954,GT09,GT0920,632,2024,3855,688132.58,210
955,GT09,GT0920,632,2025,3916,590688.85,30
956,GT09,GT0920,633,2021,1014,684616.69,27
957,GT09,GT0920,633,2022,561,748019.62,139
958,GT09,GT0920,633,2023,434,175381.86,19
959,GT09,GT0920,633,2024,4172,555509.56,48
960,GT09,GT0920,633,2025,3557,239926.5,232
961,GT09,GT0921,641,2021,3227,549887.23,81
962,GT09,GT0921,641,2022,303,796447.81,35
963,GT09,GT0921,641,2023,3043,257618.03,107
964,GT09,GT0921,641,2024,2897,746647.02,305
965,GT09,GT0921,641,2025,3863,333108.2,222
966,GT09,GT0921,642,2021,1053,352407.87,48
967,GT09,GT0921,642,2022,301,698805.56,280
968,GT09,GT0921,642,2023,3985,198006.45,221
969,GT09,GT0921,642,2024,3853,296881.47,320
970,GT09,GT0921,642,2025,1833,433539.93,166
971,GT09,GT0921,643,2021,2057,298888.89,271
972,GT09,GT0921,643,2022,2135,312485.25,129
973,GT09,GT0921,643,2023,692,800194.2,84
974,GT09,GT0921,643,2024,4125,521128.64,71
975,GT09,GT0921,643,2025,2724,150490.56,116
976,GT09,GT0922,651,2021,2675,648009.99,43
977,GT09,GT0922,651,2022,4056,597141.36,39
978,GT09,GT0922,651,2023,4178,809704.14,319
979,GT09,GT0922,651,2024,2183,56641.87,228
980,GT09,GT0922,651,2025,3894,175648.51,36
981,GT09,GT0922,652,2021,2571,186979.06,132
982,GT09,GT0922,652,2022,187,716675.04,297
983,GT09,GT0922,652,2023,3359,530794.24,242
984,GT09,GT0922,652,2024,4006,435971.9,121
985,GT09,GT0922,652,2025,3651,689318.81,89
986,GT09,GT0922,653,2021,2868,175800.96,238
987,GT09,GT0922,653,2022,3520,406453.64,226
988,GT09,GT0922,653,2023,3652,50974.31,268
989,GT09,GT0922,653,2024,1608,89329.17,226
990,GT09,GT0922,653,2025,4087,546985.4,243
991,GT09,GT0923,661,2021,2057,261802.94,27
992,GT09,GT0923,661,2022,805,589130.44,288
993,GT09,GT0923,661,2023,2822,30584.3,216
994,GT09,GT0923,661,2024,1960,178803.23,57
995,GT09,GT0923,661,2025,1841,373543.03,171
996,GT09,GT0923,662,2021,2338,524172.31,124
997,GT09,GT0923,662,2022,1407,161024.77,166
998,GT09,GT0923,662,2023,4233,104440.28,109
999,GT09,GT0923,662,2024,2827,776742.07,248
1000,GT09,GT0923,662,2025,4221,176274.7,118
1001,GT09,GT0923,663,2021,4085,296287.13,15
1002,GT09,GT0923,663,2022,1871,377723.77,52
1003,GT09,GT0923,663,2023,3670,542729.26,274
1004,GT09,GT0923,663,2024,1095,758348.25,249
1005,GT09,GT0923,663,2025,2159,712298.86,23
1006,GT09,GT0924,671,2021,1602,238904.17,186
1007,GT09,GT0924,671,2022,953,492724.58,18
1008,GT09,GT0924,671,2023,131,578474.13,129
1009,GT09,GT0924,671,2024,2627,548069.27,313
1010,GT09,GT0924,671,2025,1354,309840.46,77
1011,GT09,GT0924,672,2021,1708,465876.93,47
1012,GT09,GT0924,672,2022,3825,402620.82,221
1013,GT09,GT0924,672,2023,4441,307154.19,275
1014,GT09,GT0924,672,2024,2831,511097.98,290
1015,GT09,GT0924,672,2025,2739,43768.18,115
1016,GT09,GT0924,673,2021,1401,378042.34,111
1017,GT09,GT0924,673,2022,1261,199406.08,62
1018,GT09,GT0924,673,2023,2740,519452.05,170
1019,GT09,GT0924,673,2024,838,185396.82,272
1020,GT09,GT0924,673,2025,401,426482.98,123
