actividad_nombre,materia_nombre,es_indispensable
Cultivo de Maíz en Lago De Amatitlan,Semilla de Maíz de Lago De Amatitlan,true
Cultivo de Frijol en Lago De Amatitlan,Semilla de Frijol de Lago De Amatitlan,true
Cultivo de Maíz en Lago De Amatitlan,Abono Orgánico de Lago De Amatitlan,false
Cultivo de Maíz en Guatemala,Semilla de Maíz de Guatemala,true
Cultivo de Frijol en Guatemala,Semilla de Frijol de Guatemala,true
Cultivo de Maíz en Guatemala,Abono Orgánico de Guatemala,false
Cultivo de Maíz en Santa Catarina Pinula,Semilla de Maíz de Santa Catarina Pinula,true
Cultivo de Frijol en Santa Catarina Pinula,Semilla de Frijol de Santa Catarina Pinula,true
Cultivo de Maíz en Santa Catarina Pinula,Abono Orgánico de Santa Catarina Pinula,false
Cultivo de Maíz en San José Pinula,Semilla de Maíz de San José Pinula,true
Cultivo de Frijol en San José Pinula,Semilla de Frijol de San José Pinula,true
Cultivo de Maíz en San José Pinula,Abono Orgánico de San José Pinula,false
Cultivo de Maíz en San José del Golfo,Semilla de Maíz de San José del Golfo,true
Cultivo de Frijol en San José del Golfo,Semilla de Frijol de San José del Golfo,true
Cultivo de Maíz en San José del Golfo,Abono Orgánico de San José del Golfo,false
Cultivo de Maíz en Palencia,Semilla de Maíz de Palencia,true
Cultivo de Frijol en Palencia,Semilla de Frijol de Palencia,true
Cultivo de Maíz en Palencia,Abono Orgánico de Palencia,false
Cultivo de Maíz en Chinautla,Semilla de Maíz de Chinautla,true
Cultivo de Frijol en Chinautla,Semilla de Frijol de Chinautla,true
Cultivo de Maíz en Chinautla,Abono Orgánico de Chinautla,false
Cultivo de Maíz en San Pedro Ayampuc,Semilla de Maíz de San Pedro Ayampuc,true
Cultivo de Frijol en San Pedro Ayampuc,Semilla de Frijol de San Pedro Ayampuc,true
Cultivo de Maíz en San Pedro Ayampuc,Abono Orgánico de San Pedro Ayampuc,false
Cultivo de Maíz en Mixco,Semilla de Maíz de Mixco,true
Cultivo de Frijol en Mixco,Semilla de Frijol de Mixco,true
Cultivo de Maíz en Mixco,Abono Orgánico de Mixco,false
Cultivo de Maíz en San Pedro Sacatepéquez,Semilla de Maíz de San Pedro Sacatepéquez,true
Cultivo de Frijol en San Pedro Sacatepéquez,Semilla de Frijol de San Pedro Sacatepéquez,true
Cultivo de Maíz en San Pedro Sacatepéquez,Abono Orgánico de San Pedro Sacatepéquez,false
Cultivo de Maíz en San Juan Sacatepéquez,Semilla de Maíz de San Juan Sacatepéquez,true
Cultivo de Frijol en San Juan Sacatepéquez,Semilla de Frijol de San Juan Sacatepéquez,true
Cultivo de Maíz en San Juan Sacatepéquez,Abono Orgánico de San Juan Sacatepéquez,false
Cultivo de Maíz en San Raimundo,Semilla de Maíz de San Raimundo,true
Cultivo de Frijol en San Raimundo,Semilla de Frijol de San Raimundo,true
Cultivo de Maíz en San Raimundo,Abono Orgánico de San Raimundo,false
Cultivo de Maíz en Chuarrancho,Semilla de Maíz de Chuarrancho,true
Cultivo de Frijol en Chuarrancho,Semilla de Frijol de Chuarrancho,true
Cultivo de Maíz en Chuarrancho,Abono Orgánico de Chuarrancho,false
Cultivo de Maíz en Fraijanes,Semilla de Maíz de Fraijanes,true
Cultivo de Frijol en Fraijanes,Semilla de Frijol de Fraijanes,true
Cultivo de Maíz en Fraijanes,Abono Orgánico de Fraijanes,false
Cultivo de Maíz en Amatitlán,Semilla de Maíz de Amatitlán,true
Cultivo de Frijol en Amatitlán,Semilla de Frijol de Amatitlán,true
Cultivo de Maíz en Amatitlán,Abono Orgánico de Amatitlán,false
Cultivo de Maíz en Villa Nueva,Semilla de Maíz de Villa Nueva,true
Cultivo de Frijol en Villa Nueva,Semilla de Frijol de Villa Nueva,true
Cultivo de Maíz en Villa Nueva,Abono Orgánico de Villa Nueva,false
Cultivo de Maíz en Villa Canales,Semilla de Maíz de Villa Canales,true
Cultivo de Frijol en Villa Canales,Semilla de Frijol de Villa Canales,true
Cultivo de Maíz en Villa Canales,Abono Orgánico de Villa Canales,false
Cultivo de Maíz en Petapa,Semilla de Maíz de Petapa,true
Cultivo de Frijol en Petapa,Semilla de Frijol de Petapa,true
Cultivo de Maíz en Petapa,Abono Orgánico de Petapa,false
Cultivo de Maíz en Guastatoya,Semilla de Maíz de Guastatoya,true
Cultivo de Frijol en Guastatoya,Semilla de Frijol de Guastatoya,true
Cultivo de Maíz en Guastatoya,Abono Orgánico de Guastatoya,false
Cultivo de Maíz en Morazán,Semilla de Maíz de Morazán,true
Cultivo de Frijol en Morazán,Semilla de Frijol de Morazán,true
Cultivo de Maíz en Morazán,Abono Orgánico de Morazán,false
Cultivo de Maíz en San Agustín Acasaguastlán,Semilla de Maíz de San Agustín Acasaguastlán,true
Cultivo de Frijol en San Agustín Acasaguastlán,Semilla de Frijol de San Agustín Acasaguastlán,true
Cultivo de Maíz en San Agustín Acasaguastlán,Abono Orgánico de San Agustín Acasaguastlán,false
Cultivo de Maíz en San Cristóbal Acasaguastlán,Semilla de Maíz de San Cristóbal Acasaguastlán,true
Cultivo de Frijol en San Cristóbal Acasaguastlán,Semilla de Frijol de San Cristóbal Acasaguastlán,true
Cultivo de Maíz en San Cristóbal Acasaguastlán,Abono Orgánico de San Cristóbal Acasaguastlán,false
Cultivo de Maíz en El Jícaro,Semilla de Maíz de El Jícaro,true
Cultivo de Frijol en El Jícaro,Semilla de Frijol de El Jícaro,true
Cultivo de Maíz en El Jícaro,Abono Orgánico de El Jícaro,false
Cultivo de Maíz en Sanarate,Semilla de Maíz de Sanarate,true
Cultivo de Frijol en Sanarate,Semilla de Frijol de Sanarate,true
Cultivo de Maíz en Sanarate,Abono Orgánico de Sanarate,false
Cultivo de Maíz en Sansare,Semilla de Maíz de Sansare,true
Cultivo de Frijol en Sansare,Semilla de Frijol de Sansare,true
Cultivo de Maíz en Sansare,Abono Orgánico de Sansare,false
Cultivo de Maíz en San Antonio La Paz,Semilla de Maíz de San Antonio La Paz,true
Cultivo de Frijol en San Antonio La Paz,Semilla de Frijol de San Antonio La Paz,true
Cultivo de Maíz en San Antonio La Paz,Abono Orgánico de San Antonio La Paz,false
Cultivo de Maíz en Antigua Guatemala,Semilla de Maíz de Antigua Guatemala,true
Cultivo de Frijol en Antigua Guatemala,Semilla de Frijol de Antigua Guatemala,true
Cultivo de Maíz en Antigua Guatemala,Abono Orgánico de Antigua Guatemala,false
Cultivo de Maíz en Jocotenango,Semilla de Maíz de Jocotenango,true
Cultivo de Frijol en Jocotenango,Semilla de Frijol de Jocotenango,true
Cultivo de Maíz en Jocotenango,Abono Orgánico de Jocotenango,false
Cultivo de Maíz en Pastores,Semilla de Maíz de Pastores,true
Cultivo de Frijol en Pastores,Semilla de Frijol de Pastores,true
Cultivo de Maíz en Pastores,Abono Orgánico de Pastores,false
Cultivo de Maíz en Sumpango,Semilla de Maíz de Sumpango,true
Cultivo de Frijol en Sumpango,Semilla de Frijol de Sumpango,true
Cultivo de Maíz en Sumpango,Abono Orgánico de Sumpango,false
Cultivo de Maíz en Santo Domingo Xenacoj,Semilla de Maíz de Santo Domingo Xenacoj,true
Cultivo de Frijol en Santo Domingo Xenacoj,Semilla de Frijol de Santo Domingo Xenacoj,true
Cultivo de Maíz en Santo Domingo Xenacoj,Abono Orgánico de Santo Domingo Xenacoj,false
Cultivo de Maíz en Santiago Sacatepéquez,Semilla de Maíz de Santiago Sacatepéquez,true
Cultivo de Frijol en Santiago Sacatepéquez,Semilla de Frijol de Santiago Sacatepéquez,true
Cultivo de Maíz en Santiago Sacatepéquez,Abono Orgánico de Santiago Sacatepéquez,false
Cultivo de Maíz en San Bartolomé Milpas Altas,Semilla de Maíz de San Bartolomé Milpas Altas,true
Cultivo de Frijol en San Bartolomé Milpas Altas,Semilla de Frijol de San Bartolomé Milpas Altas,true
Cultivo de Maíz en San Bartolomé Milpas Altas,Abono Orgánico de San Bartolomé Milpas Altas,false
Cultivo de Maíz en San Lucas Sacatepéquez,Semilla de Maíz de San Lucas Sacatepéquez,true
Cultivo de Frijol en San Lucas Sacatepéquez,Semilla de Frijol de San Lucas Sacatepéquez,true
Cultivo de Maíz en San Lucas Sacatepéquez,Abono Orgánico de San Lucas Sacatepéquez,false
Cultivo de Maíz en Santa Lucía Milpas Altas,Semilla de Maíz de Santa Lucía Milpas Altas,true
Cultivo de Frijol en Santa Lucía Milpas Altas,Semilla de Frijol de Santa Lucía Milpas Altas,true
Cultivo de Maíz en Santa Lucía Milpas Altas,Abono Orgánico de Santa Lucía Milpas Altas,false
Cultivo de Maíz en Magdalena Milpas Altas,Semilla de Maíz de Magdalena Milpas Altas,true
Cultivo de Frijol en Magdalena Milpas Altas,Semilla de Frijol de Magdalena Milpas Altas,true
Cultivo de Maíz en Magdalena Milpas Altas,Abono Orgánico de Magdalena Milpas Altas,false
Cultivo de Maíz en Santa María de Jesús,Semilla de Maíz de Santa María de Jesús,true
Cultivo de Frijol en Santa María de Jesús,Semilla de Frijol de Santa María de Jesús,true
Cultivo de Maíz en Santa María de Jesús,Abono Orgánico de Santa María de Jesús,false
Cultivo de Maíz en Ciudad Vieja,Semilla de Maíz de Ciudad Vieja,true
Cultivo de Frijol en Ciudad Vieja,Semilla de Frijol de Ciudad Vieja,true
Cultivo de Maíz en Ciudad Vieja,Abono Orgánico de Ciudad Vieja,false
Cultivo de Maíz en San Miguel Dueñas,Semilla de Maíz de San Miguel Dueñas,true
Cultivo de Frijol en San Miguel Dueñas,Semilla de Frijol de San Miguel Dueñas,true
Cultivo de Maíz en San Miguel Dueñas,Abono Orgánico de San Miguel Dueñas,false
Cultivo de Maíz en Alotenango,Semilla de Maíz de Alotenango,true
Cultivo de Frijol en Alotenango,Semilla de Frijol de Alotenango,true
Cultivo de Maíz en Alotenango,Abono Orgánico de Alotenango,false
Cultivo de Maíz en San Antonio Aguas Calientes,Semilla de Maíz de San Antonio Aguas Calientes,true
Cultivo de Frijol en San Antonio Aguas Calientes,Semilla de Frijol de San Antonio Aguas Calientes,true
Cultivo de Maíz en San Antonio Aguas Calientes,Abono Orgánico de San Antonio Aguas Calientes,false
Cultivo de Maíz en Santa Catarina Barahona,Semilla de Maíz de Santa Catarina Barahona,true
Cultivo de Frijol en Santa Catarina Barahona,Semilla de Frijol de Santa Catarina Barahona,true
Cultivo de Maíz en Santa Catarina Barahona,Abono Orgánico de Santa Catarina Barahona,false
Cultivo de Maíz en Chimaltenango,Semilla de Maíz de Chimaltenango,true
Cultivo de Frijol en Chimaltenango,Semilla de Frijol de Chimaltenango,true
Cultivo de Maíz en Chimaltenango,Abono Orgánico de Chimaltenango,false
Cultivo de Maíz en San José Poaquil,Semilla de Maíz de San José Poaquil,true
Cultivo de Frijol en San José Poaquil,Semilla de Frijol de San José Poaquil,true
Cultivo de Maíz en San José Poaquil,Abono Orgánico de San José Poaquil,false
Cultivo de Maíz en San Martín Jilotepeque,Semilla de Maíz de San Martín Jilotepeque,true
Cultivo de Frijol en San Martín Jilotepeque,Semilla de Frijol de San Martín Jilotepeque,true
Cultivo de Maíz en San Martín Jilotepeque,Abono Orgánico de San Martín Jilotepeque,false
Cultivo de Maíz en Comalapa,Semilla de Maíz de Comalapa,true
Cultivo de Frijol en Comalapa,Semilla de Frijol de Comalapa,true
Cultivo de Maíz en Comalapa,Abono Orgánico de Comalapa,false
Cultivo de Maíz en Santa Apolonia,Semilla de Maíz de Santa Apolonia,true
Cultivo de Frijol en Santa Apolonia,Semilla de Frijol de Santa Apolonia,true
Cultivo de Maíz en Santa Apolonia,Abono Orgánico de Santa Apolonia,false
Cultivo de Maíz en Tecpán Guatemala,Semilla de Maíz de Tecpán Guatemala,true
Cultivo de Frijol en Tecpán Guatemala,Semilla de Frijol de Tecpán Guatemala,true
Cultivo de Maíz en Tecpán Guatemala,Abono Orgánico de Tecpán Guatemala,false
Cultivo de Maíz en Patzún,Semilla de Maíz de Patzún,true
Cultivo de Frijol en Patzún,Semilla de Frijol de Patzún,true
Cultivo de Maíz en Patzún,Abono Orgánico de Patzún,false
Cultivo de Maíz en Pochuta,Semilla de Maíz de Pochuta,true
Cultivo de Frijol en Pochuta,Semilla de Frijol de Pochuta,true
Cultivo de Maíz en Pochuta,Abono Orgánico de Pochuta,false
Cultivo de Maíz en Patzicía,Semilla de Maíz de Patzicía,true
Cultivo de Frijol en Patzicía,Semilla de Frijol de Patzicía,true
Cultivo de Maíz en Patzicía,Abono Orgánico de Patzicía,false
Cultivo de Maíz en Santa Cruz Balanyá,Semilla de Maíz de Santa Cruz Balanyá,true
Cultivo de Frijol en Santa Cruz Balanyá,Semilla de Frijol de Santa Cruz Balanyá,true
Cultivo de Maíz en Santa Cruz Balanyá,Abono Orgánico de Santa Cruz Balanyá,false
Cultivo de Maíz en Acatenango,Semilla de Maíz de Acatenango,true
Cultivo de Frijol en Acatenango,Semilla de Frijol de Acatenango,true
Cultivo de Maíz en Acatenango,Abono Orgánico de Acatenango,false
Cultivo de Maíz en Yepocapa,Semilla de Maíz de Yepocapa,true
Cultivo de Frijol en Yepocapa,Semilla de Frijol de Yepocapa,true
Cultivo de Maíz en Yepocapa,Abono Orgánico de Yepocapa,false
Cultivo de Maíz en San Andrés Itzapa,Semilla de Maíz de San Andrés Itzapa,true
Cultivo de Frijol en San Andrés Itzapa,Semilla de Frijol de San Andrés Itzapa,true
Cultivo de Maíz en San Andrés Itzapa,Abono Orgánico de San Andrés Itzapa,false
Cultivo de Maíz en Parramos,Semilla de Maíz de Parramos,true
Cultivo de Frijol en Parramos,Semilla de Frijol de Parramos,true
Cultivo de Maíz en Parramos,Abono Orgánico de Parramos,false
Cultivo de Maíz en Zaragoza,Semilla de Maíz de Zaragoza,true
Cultivo de Frijol en Zaragoza,Semilla de Frijol de Zaragoza,true
Cultivo de Maíz en Zaragoza,Abono Orgánico de Zaragoza,false
Cultivo de Maíz en El Tejar,Semilla de Maíz de El Tejar,true
Cultivo de Frijol en El Tejar,Semilla de Frijol de El Tejar,true
Cultivo de Maíz en El Tejar,Abono Orgánico de El Tejar,false
Cultivo de Maíz en Escuintla,Semilla de Maíz de Escuintla,true
Cultivo de Frijol en Escuintla,Semilla de Frijol de Escuintla,true
Cultivo de Maíz en Escuintla,Abono Orgánico de Escuintla,false
Cultivo de Maíz en Santa Lucía Cotzumalguapa,Semilla de Maíz de Santa Lucía Cotzumalguapa,true
Cultivo de Frijol en Santa Lucía Cotzumalguapa,Semilla de Frijol de Santa Lucía Cotzumalguapa,true
Cultivo de Maíz en Santa Lucía Cotzumalguapa,Abono Orgánico de Santa Lucía Cotzumalguapa,false
Cultivo de Maíz en La Democracia,Semilla de Maíz de La Democracia,true
Cultivo de Frijol en La Democracia,Semilla de Frijol de La Democracia,true
Cultivo de Maíz en La Democracia,Abono Orgánico de La Democracia,false
Cultivo de Maíz en Siquinalá,Semilla de Maíz de Siquinalá,true
Cultivo de Frijol en Siquinalá,Semilla de Frijol de Siquinalá,true
Cultivo de Maíz en Siquinalá,Abono Orgánico de Siquinalá,false
Cultivo de Maíz en Masagua,Semilla de Maíz de Masagua,true
Cultivo de Frijol en Masagua,Semilla de Frijol de Masagua,true
Cultivo de Maíz en Masagua,Abono Orgánico de Masagua,false
Cultivo de Maíz en Tiquisate,Semilla de Maíz de Tiquisate,true
Cultivo de Frijol en Tiquisate,Semilla de Frijol de Tiquisate,true
Cultivo de Maíz en Tiquisate,Abono Orgánico de Tiquisate,false
Cultivo de Maíz en La Gomera,Semilla de Maíz de La Gomera,true
Cultivo de Frijol en La Gomera,Semilla de Frijol de La Gomera,true
Cultivo de Maíz en La Gomera,Abono Orgánico de La Gomera,false
Cultivo de Maíz en Guanagazapa,Semilla de Maíz de Guanagazapa,true
Cultivo de Frijol en Guanagazapa,Semilla de Frijol de Guanagazapa,true
Cultivo de Maíz en Guanagazapa,Abono Orgánico de Guanagazapa,false
Cultivo de Maíz en San José,Semilla de Maíz de San José,true
Cultivo de Frijol en San José,Semilla de Frijol de San José,true
Cultivo de Maíz en San José,Abono Orgánico de San José,false
Cultivo de Maíz en Iztapa,Semilla de Maíz de Iztapa,true
Cultivo de Frijol en Iztapa,Semilla de Frijol de Iztapa,true
Cultivo de Maíz en Iztapa,Abono Orgánico de Iztapa,false
Cultivo de Maíz en Palín,Semilla de Maíz de Palín,true
Cultivo de Frijol en Palín,Semilla de Frijol de Palín,true
Cultivo de Maíz en Palín,Abono Orgánico de Palín,false
Cultivo de Maíz en San Vicente Pacaya,Semilla de Maíz de San Vicente Pacaya,true
Cultivo de Frijol en San Vicente Pacaya,Semilla de Frijol de San Vicente Pacaya,true
Cultivo de Maíz en San Vicente Pacaya,Abono Orgánico de San Vicente Pacaya,false
Cultivo de Maíz en Nueva Concepción,Semilla de Maíz de Nueva Concepción,true
Cultivo de Frijol en Nueva Concepción,Semilla de Frijol de Nueva Concepción,true
Cultivo de Maíz en Nueva Concepción,Abono Orgánico de Nueva Concepción,false
Cultivo de Maíz en Sipacate,Semilla de Maíz de Sipacate,true
Cultivo de Frijol en Sipacate,Semilla de Frijol de Sipacate,true
Cultivo de Maíz en Sipacate,Abono Orgánico de Sipacate,false
Cultivo de Maíz en Cuilapa,Semilla de Maíz de Cuilapa,true
Cultivo de Frijol en Cuilapa,Semilla de Frijol de Cuilapa,true
Cultivo de Maíz en Cuilapa,Abono Orgánico de Cuilapa,false
Cultivo de Maíz en Barberena,Semilla de Maíz de Barberena,true
Cultivo de Frijol en Barberena,Semilla de Frijol de Barberena,true
Cultivo de Maíz en Barberena,Abono Orgánico de Barberena,false
Cultivo de Maíz en Santa Rosa de Lima,Semilla de Maíz de Santa Rosa de Lima,true
Cultivo de Frijol en Santa Rosa de Lima,Semilla de Frijol de Santa Rosa de Lima,true
Cultivo de Maíz en Santa Rosa de Lima,Abono Orgánico de Santa Rosa de Lima,false
Cultivo de Maíz en Casillas,Semilla de Maíz de Casillas,true
Cultivo de Frijol en Casillas,Semilla de Frijol de Casillas,true
Cultivo de Maíz en Casillas,Abono Orgánico de Casillas,false
Cultivo de Maíz en San Rafael Las Flores,Semilla de Maíz de San Rafael Las Flores,true
Cultivo de Frijol en San Rafael Las Flores,Semilla de Frijol de San Rafael Las Flores,true
Cultivo de Maíz en San Rafael Las Flores,Abono Orgánico de San Rafael Las Flores,false
Cultivo de Maíz en Oratorio,Semilla de Maíz de Oratorio,true
Cultivo de Frijol en Oratorio,Semilla de Frijol de Oratorio,true
Cultivo de Maíz en Oratorio,Abono Orgánico de Oratorio,false
Cultivo de Maíz en San Juan Tecuaco,Semilla de Maíz de San Juan Tecuaco,true
Cultivo de Frijol en San Juan Tecuaco,Semilla de Frijol de San Juan Tecuaco,true
Cultivo de Maíz en San Juan Tecuaco,Abono Orgánico de San Juan Tecuaco,false
Cultivo de Maíz en Chiquimulilla,Semilla de Maíz de Chiquimulilla,true
Cultivo de Frijol en Chiquimulilla,Semilla de Frijol de Chiquimulilla,true
Cultivo de Maíz en Chiquimulilla,Abono Orgánico de Chiquimulilla,false
Cultivo de Maíz en Taxisco,Semilla de Maíz de Taxisco,true
Cultivo de Frijol en Taxisco,Semilla de Frijol de Taxisco,true
Cultivo de Maíz en Taxisco,Abono Orgánico de Taxisco,false
Cultivo de Maíz en Santa María Ixhuatán,Semilla de Maíz de Santa María Ixhuatán,true
Cultivo de Frijol en Santa María Ixhuatán,Semilla de Frijol de Santa María Ixhuatán,true
Cultivo de Maíz en Santa María Ixhuatán,Abono Orgánico de Santa María Ixhuatán,false
Cultivo de Maíz en Guazacapán,Semilla de Maíz de Guazacapán,true
Cultivo de Frijol en Guazacapán,Semilla de Frijol de Guazacapán,true
Cultivo de Maíz en Guazacapán,Abono Orgánico de Guazacapán,false
Cultivo de Maíz en Santa Cruz Naranjo,Semilla de Maíz de Santa Cruz Naranjo,true
Cultivo de Frijol en Santa Cruz Naranjo,Semilla de Frijol de Santa Cruz Naranjo,true
Cultivo de Maíz en Santa Cruz Naranjo,Abono Orgánico de Santa Cruz Naranjo,false
Cultivo de Maíz en Pueblo Nuevo Viñas,Semilla de Maíz de Pueblo Nuevo Viñas,true
Cultivo de Frijol en Pueblo Nuevo Viñas,Semilla de Frijol de Pueblo Nuevo Viñas,true
Cultivo de Maíz en Pueblo Nuevo Viñas,Abono Orgánico de Pueblo Nuevo Viñas,false
Cultivo de Maíz en Nueva Santa Rosa,Semilla de Maíz de Nueva Santa Rosa,true
Cultivo de Frijol en Nueva Santa Rosa,Semilla de Frijol de Nueva Santa Rosa,true
Cultivo de Maíz en Nueva Santa Rosa,Abono Orgánico de Nueva Santa Rosa,false
Cultivo de Maíz en Lago De Atitlan,Semilla de Maíz de Lago De Atitlan,true
Cultivo de Frijol en Lago De Atitlan,Semilla de Frijol de Lago De Atitlan,true
Cultivo de Maíz en Lago De Atitlan,Abono Orgánico de Lago De Atitlan,false
Cultivo de Maíz en Sololá,Semilla de Maíz de Sololá,true
Cultivo de Frijol en Sololá,Semilla de Frijol de Sololá,true
Cultivo de Maíz en Sololá,Abono Orgánico de Sololá,false
Cultivo de Maíz en San José Chacayá,Semilla de Maíz de San José Chacayá,true
Cultivo de Frijol en San José Chacayá,Semilla de Frijol de San José Chacayá,true
Cultivo de Maíz en San José Chacayá,Abono Orgánico de San José Chacayá,false
Cultivo de Maíz en Santa María Visitación,Semilla de Maíz de Santa María Visitación,true
Cultivo de Frijol en Santa María Visitación,Semilla de Frijol de Santa María Visitación,true
Cultivo de Maíz en Santa María Visitación,Abono Orgánico de Santa María Visitación,false
Cultivo de Maíz en Santa Lucía Utatlán,Semilla de Maíz de Santa Lucía Utatlán,true
Cultivo de Frijol en Santa Lucía Utatlán,Semilla de Frijol de Santa Lucía Utatlán,true
Cultivo de Maíz en Santa Lucía Utatlán,Abono Orgánico de Santa Lucía Utatlán,false
Cultivo de Maíz en Nahualá,Semilla de Maíz de Nahualá,true
Cultivo de Frijol en Nahualá,Semilla de Frijol de Nahualá,true
Cultivo de Maíz en Nahualá,Abono Orgánico de Nahualá,false
Cultivo de Maíz en Santa Catarina Ixtahuacán,Semilla de Maíz de Santa Catarina Ixtahuacán,true
Cultivo de Frijol en Santa Catarina Ixtahuacán,Semilla de Frijol de Santa Catarina Ixtahuacán,true
Cultivo de Maíz en Santa Catarina Ixtahuacán,Abono Orgánico de Santa Catarina Ixtahuacán,false
Cultivo de Maíz en Santa Clara La Laguna,Semilla de Maíz de Santa Clara La Laguna,true
Cultivo de Frijol en Santa Clara La Laguna,Semilla de Frijol de Santa Clara La Laguna,true
Cultivo de Maíz en Santa Clara La Laguna,Abono Orgánico de Santa Clara La Laguna,false
Cultivo de Maíz en Concepción,Semilla de Maíz de Concepción,true
Cultivo de Frijol en Concepción,Semilla de Frijol de Concepción,true
Cultivo de Maíz en Concepción,Abono Orgánico de Concepción,false
Cultivo de Maíz en San Andrés Semetabaj,Semilla de Maíz de San Andrés Semetabaj,true
Cultivo de Frijol en San Andrés Semetabaj,Semilla de Frijol de San Andrés Semetabaj,true
Cultivo de Maíz en San Andrés Semetabaj,Abono Orgánico de San Andrés Semetabaj,false
Cultivo de Maíz en Panajachel,Semilla de Maíz de Panajachel,true
Cultivo de Frijol en Panajachel,Semilla de Frijol de Panajachel,true
Cultivo de Maíz en Panajachel,Abono Orgánico de Panajachel,false
Cultivo de Maíz en Santa Catarina Palopó,Semilla de Maíz de Santa Catarina Palopó,true
Cultivo de Frijol en Santa Catarina Palopó,Semilla de Frijol de Santa Catarina Palopó,true
Cultivo de Maíz en Santa Catarina Palopó,Abono Orgánico de Santa Catarina Palopó,false
Cultivo de Maíz en San Antonio Palopó,Semilla de Maíz de San Antonio Palopó,true
Cultivo de Frijol en San Antonio Palopó,Semilla de Frijol de San Antonio Palopó,true
Cultivo de Maíz en San Antonio Palopó,Abono Orgánico de San Antonio Palopó,false
Cultivo de Maíz en San Lucas Tolimán,Semilla de Maíz de San Lucas Tolimán,true
Cultivo de Frijol en San Lucas Tolimán,Semilla de Frijol de San Lucas Tolimán,true
Cultivo de Maíz en San Lucas Tolimán,Abono Orgánico de San Lucas Tolimán,false
Cultivo de Maíz en Santa Cruz La Laguna,Semilla de Maíz de Santa Cruz La Laguna,true
Cultivo de Frijol en Santa Cruz La Laguna,Semilla de Frijol de Santa Cruz La Laguna,true
Cultivo de Maíz en Santa Cruz La Laguna,Abono Orgánico de Santa Cruz La Laguna,false
Cultivo de Maíz en San Pablo La Laguna,Semilla de Maíz de San Pablo La Laguna,true
Cultivo de Frijol en San Pablo La Laguna,Semilla de Frijol de San Pablo La Laguna,true
Cultivo de Maíz en San Pablo La Laguna,Abono Orgánico de San Pablo La Laguna,false
Cultivo de Maíz en San Marcos La Laguna,Semilla de Maíz de San Marcos La Laguna,true
Cultivo de Frijol en San Marcos La Laguna,Semilla de Frijol de San Marcos La Laguna,true
Cultivo de Maíz en San Marcos La Laguna,Abono Orgánico de San Marcos La Laguna,false
Cultivo de Maíz en San Juan La Laguna,Semilla de Maíz de San Juan La Laguna,true
Cultivo de Frijol en San Juan La Laguna,Semilla de Frijol de San Juan La Laguna,true
Cultivo de Maíz en San Juan La Laguna,Abono Orgánico de San Juan La Laguna,false
Cultivo de Maíz en San Pedro La Laguna,Semilla de Maíz de San Pedro La Laguna,true
Cultivo de Frijol en San Pedro La Laguna,Semilla de Frijol de San Pedro La Laguna,true
Cultivo de Maíz en San Pedro La Laguna,Abono Orgánico de San Pedro La Laguna,false
Cultivo de Maíz en Santiago Atitlán,Semilla de Maíz de Santiago Atitlán,true
Cultivo de Frijol en Santiago Atitlán,Semilla de Frijol de Santiago Atitlán,true
Cultivo de Maíz en Santiago Atitlán,Abono Orgánico de Santiago Atitlán,false
Cultivo de Maíz en Totonicapán,Semilla de Maíz de Totonicapán,true
Cultivo de Frijol en Totonicapán,Semilla de Frijol de Totonicapán,true
Cultivo de Maíz en Totonicapán,Abono Orgánico de Totonicapán,false
Cultivo de Maíz en San Cristóbal Totonicapán,Semilla de Maíz de San Cristóbal Totonicapán,true
Cultivo de Frijol en San Cristóbal Totonicapán,Semilla de Frijol de San Cristóbal Totonicapán,true
Cultivo de Maíz en San Cristóbal Totonicapán,Abono Orgánico de San Cristóbal Totonicapán,false
Cultivo de Maíz en San Francisco El Alto,Semilla de Maíz de San Francisco El Alto,true
Cultivo de Frijol en San Francisco El Alto,Semilla de Frijol de San Francisco El Alto,true
Cultivo de Maíz en San Francisco El Alto,Abono Orgánico de San Francisco El Alto,false
Cultivo de Maíz en San Andrés Xecul,Semilla de Maíz de San Andrés Xecul,true
Cultivo de Frijol en San Andrés Xecul,Semilla de Frijol de San Andrés Xecul,true
Cultivo de Maíz en San Andrés Xecul,Abono Orgánico de San Andrés Xecul,false
Cultivo de Maíz en Momostenango,Semilla de Maíz de Momostenango,true
Cultivo de Frijol en Momostenango,Semilla de Frijol de Momostenango,true
Cultivo de Maíz en Momostenango,Abono Orgánico de Momostenango,false
Cultivo de Maíz en Santa María Chiquimula,Semilla de Maíz de Santa María Chiquimula,true
Cultivo de Frijol en Santa María Chiquimula,Semilla de Frijol de Santa María Chiquimula,true
Cultivo de Maíz en Santa María Chiquimula,Abono Orgánico de Santa María Chiquimula,false
Cultivo de Maíz en Santa Lucía La Reforma,Semilla de Maíz de Santa Lucía La Reforma,true
Cultivo de Frijol en Santa Lucía La Reforma,Semilla de Frijol de Santa Lucía La Reforma,true
Cultivo de Maíz en Santa Lucía La Reforma,Abono Orgánico de Santa Lucía La Reforma,false
Cultivo de Maíz en San Bartolo,Semilla de Maíz de San Bartolo,true
Cultivo de Frijol en San Bartolo,Semilla de Frijol de San Bartolo,true
Cultivo de Maíz en San Bartolo,Abono Orgánico de San Bartolo,false
Cultivo de Maíz en Quetzaltenango,Semilla de Maíz de Quetzaltenango,true
Cultivo de Frijol en Quetzaltenango,Semilla de Frijol de Quetzaltenango,true
Cultivo de Maíz en Quetzaltenango,Abono Orgánico de Quetzaltenango,false
Cultivo de Maíz en Salcajá,Semilla de Maíz de Salcajá,true
Cultivo de Frijol en Salcajá,Semilla de Frijol de Salcajá,true
Cultivo de Maíz en Salcajá,Abono Orgánico de Salcajá,false
Cultivo de Maíz en Olintepeque,Semilla de Maíz de Olintepeque,true
Cultivo de Frijol en Olintepeque,Semilla de Frijol de Olintepeque,true
Cultivo de Maíz en Olintepeque,Abono Orgánico de Olintepeque,false
Cultivo de Maíz en San Carlos Sija,Semilla de Maíz de San Carlos Sija,true
Cultivo de Frijol en San Carlos Sija,Semilla de Frijol de San Carlos Sija,true
Cultivo de Maíz en San Carlos Sija,Abono Orgánico de San Carlos Sija,false
Cultivo de Maíz en Sibilia,Semilla de Maíz de Sibilia,true
Cultivo de Frijol en Sibilia,Semilla de Frijol de Sibilia,true
Cultivo de Maíz en Sibilia,Abono Orgánico de Sibilia,false
Cultivo de Maíz en Cabricán,Semilla de Maíz de Cabricán,true
Cultivo de Frijol en Cabricán,Semilla de Frijol de Cabricán,true
Cultivo de Maíz en Cabricán,Abono Orgánico de Cabricán,false
Cultivo de Maíz en Cajolá,Semilla de Maíz de Cajolá,true
Cultivo de Frijol en Cajolá,Semilla de Frijol de Cajolá,true
Cultivo de Maíz en Cajolá,Abono Orgánico de Cajolá,false
Cultivo de Maíz en San Miguel Sigüila,Semilla de Maíz de San Miguel Sigüila,true
Cultivo de Frijol en San Miguel Sigüila,Semilla de Frijol de San Miguel Sigüila,true
Cultivo de Maíz en San Miguel Sigüila,Abono Orgánico de San Miguel Sigüila,false
Cultivo de Maíz en Ostuncalco,Semilla de Maíz de Ostuncalco,true
Cultivo de Frijol en Ostuncalco,Semilla de Frijol de Ostuncalco,true
Cultivo de Maíz en Ostuncalco,Abono Orgánico de Ostuncalco,false
Cultivo de Maíz en San Mateo,Semilla de Maíz de San Mateo,true
Cultivo de Frijol en San Mateo,Semilla de Frijol de San Mateo,true
Cultivo de Maíz en San Mateo,Abono Orgánico de San Mateo,false
Cultivo de Maíz en Concepción Chiquirichapa,Semilla de Maíz de Concepción Chiquirichapa,true
Cultivo de Frijol en Concepción Chiquirichapa,Semilla de Frijol de Concepción Chiquirichapa,true
Cultivo de Maíz en Concepción Chiquirichapa,Abono Orgánico de Concepción Chiquirichapa,false
Cultivo de Maíz en San Martín Sacatepéquez,Semilla de Maíz de San Martín Sacatepéquez,true
Cultivo de Frijol en San Martín Sacatepéquez,Semilla de Frijol de San Martín Sacatepéquez,true
Cultivo de Maíz en San Martín Sacatepéquez,Abono Orgánico de San Martín Sacatepéquez,false
Cultivo de Maíz en Almolonga,Semilla de Maíz de Almolonga,true
Cultivo de Frijol en Almolonga,Semilla de Frijol de Almolonga,true
Cultivo de Maíz en Almolonga,Abono Orgánico de Almolonga,false
Cultivo de Maíz en Cantel,Semilla de Maíz de Cantel,true
Cultivo de Frijol en Cantel,Semilla de Frijol de Cantel,true
Cultivo de Maíz en Cantel,Abono Orgánico de Cantel,false
Cultivo de Maíz en Huitán,Semilla de Maíz de Huitán,true
Cultivo de Frijol en Huitán,Semilla de Frijol de Huitán,true
Cultivo de Maíz en Huitán,Abono Orgánico de Huitán,false
Cultivo de Maíz en Zunil,Semilla de Maíz de Zunil,true
Cultivo de Frijol en Zunil,Semilla de Frijol de Zunil,true
Cultivo de Maíz en Zunil,Abono Orgánico de Zunil,false
Cultivo de Maíz en Colomba,Semilla de Maíz de Colomba,true
Cultivo de Frijol en Colomba,Semilla de Frijol de Colomba,true
Cultivo de Maíz en Colomba,Abono Orgánico de Colomba,false
Cultivo de Maíz en San Francisco La Unión,Semilla de Maíz de San Francisco La Unión,true
Cultivo de Frijol en San Francisco La Unión,Semilla de Frijol de San Francisco La Unión,true
Cultivo de Maíz en San Francisco La Unión,Abono Orgánico de San Francisco La Unión,false
Cultivo de Maíz en El Palmar,Semilla de Maíz de El Palmar,true
Cultivo de Frijol en El Palmar,Semilla de Frijol de El Palmar,true
Cultivo de Maíz en El Palmar,Abono Orgánico de El Palmar,false
Cultivo de Maíz en Coatepeque,Semilla de Maíz de Coatepeque,true
Cultivo de Frijol en Coatepeque,Semilla de Frijol de Coatepeque,true
Cultivo de Maíz en Coatepeque,Abono Orgánico de Coatepeque,false
Cultivo de Maíz en Génova,Semilla de Maíz de Génova,true
Cultivo de Frijol en Génova,Semilla de Frijol de Génova,true
Cultivo de Maíz en Génova,Abono Orgánico de Génova,false
Cultivo de Maíz en Flores Costa Cuca,Semilla de Maíz de Flores Costa Cuca,true
Cultivo de Frijol en Flores Costa Cuca,Semilla de Frijol de Flores Costa Cuca,true
Cultivo de Maíz en Flores Costa Cuca,Abono Orgánico de Flores Costa Cuca,false
Cultivo de Maíz en La Esperanza,Semilla de Maíz de La Esperanza,true
Cultivo de Frijol en La Esperanza,Semilla de Frijol de La Esperanza,true
Cultivo de Maíz en La Esperanza,Abono Orgánico de La Esperanza,false
Cultivo de Maíz en Palestina de Los Altos,Semilla de Maíz de Palestina de Los Altos,true
Cultivo de Frijol en Palestina de Los Altos,Semilla de Frijol de Palestina de Los Altos,true
Cultivo de Maíz en Palestina de Los Altos,Abono Orgánico de Palestina de Los Altos,false
Cultivo de Maíz en Mazatenango,Semilla de Maíz de Mazatenango,true
Cultivo de Frijol en Mazatenango,Semilla de Frijol de Mazatenango,true
Cultivo de Maíz en Mazatenango,Abono Orgánico de Mazatenango,false
Cultivo de Maíz en Cuyotenango,Semilla de Maíz de Cuyotenango,true
Cultivo de Frijol en Cuyotenango,Semilla de Frijol de Cuyotenango,true
Cultivo de Maíz en Cuyotenango,Abono Orgánico de Cuyotenango,false
Cultivo de Maíz en San Francisco Zapotitlán,Semilla de Maíz de San Francisco Zapotitlán,true
Cultivo de Frijol en San Francisco Zapotitlán,Semilla de Frijol de San Francisco Zapotitlán,true
Cultivo de Maíz en San Francisco Zapotitlán,Abono Orgánico de San Francisco Zapotitlán,false
Cultivo de Maíz en San Bernardino,Semilla de Maíz de San Bernardino,true
Cultivo de Frijol en San Bernardino,Semilla de Frijol de San Bernardino,true
Cultivo de Maíz en San Bernardino,Abono Orgánico de San Bernardino,false
Cultivo de Maíz en San José El Ídolo,Semilla de Maíz de San José El Ídolo,true
Cultivo de Frijol en San José El Ídolo,Semilla de Frijol de San José El Ídolo,true
Cultivo de Maíz en San José El Ídolo,Abono Orgánico de San José El Ídolo,false
Cultivo de Maíz en Santo Domingo Suchitepéquez,Semilla de Maíz de Santo Domingo Suchitepéquez,true
Cultivo de Frijol en Santo Domingo Suchitepéquez,Semilla de Frijol de Santo Domingo Suchitepéquez,true
Cultivo de Maíz en Santo Domingo Suchitepéquez,Abono Orgánico de Santo Domingo Suchitepéquez,false
Cultivo de Maíz en San Lorenzo,Semilla de Maíz de San Lorenzo,true
Cultivo de Frijol en San Lorenzo,Semilla de Frijol de San Lorenzo,true
Cultivo de Maíz en San Lorenzo,Abono Orgánico de San Lorenzo,false
Cultivo de Maíz en Samayac,Semilla de Maíz de Samayac,true
Cultivo de Frijol en Samayac,Semilla de Frijol de Samayac,true
Cultivo de Maíz en Samayac,Abono Orgánico de Samayac,false
Cultivo de Maíz en San Pablo Jocopilas,Semilla de Maíz de San Pablo Jocopilas,true
Cultivo de Frijol en San Pablo Jocopilas,Semilla de Frijol de San Pablo Jocopilas,true
Cultivo de Maíz en San Pablo Jocopilas,Abono Orgánico de San Pablo Jocopilas,false
Cultivo de Maíz en San Antonio Suchitepéquez,Semilla de Maíz de San Antonio Suchitepéquez,true
Cultivo de Frijol en San Antonio Suchitepéquez,Semilla de Frijol de San Antonio Suchitepéquez,true
Cultivo de Maíz en San Antonio Suchitepéquez,Abono Orgánico de San Antonio Suchitepéquez,false
Cultivo de Maíz en San Miguel Panán,Semilla de Maíz de San Miguel Panán,true
Cultivo de Frijol en San Miguel Panán,Semilla de Frijol de San Miguel Panán,true
Cultivo de Maíz en San Miguel Panán,Abono Orgánico de San Miguel Panán,false
Cultivo de Maíz en San Gabriel,Semilla de Maíz de San Gabriel,true
Cultivo de Frijol en San Gabriel,Semilla de Frijol de San Gabriel,true
Cultivo de Maíz en San Gabriel,Abono Orgánico de San Gabriel,false
Cultivo de Maíz en Chicacao,Semilla de Maíz de Chicacao,true
Cultivo de Frijol en Chicacao,Semilla de Frijol de Chicacao,true
Cultivo de Maíz en Chicacao,Abono Orgánico de Chicacao,false
Cultivo de Maíz en Patulul,Semilla de Maíz de Patulul,true
Cultivo de Frijol en Patulul,Semilla de Frijol de Patulul,true
Cultivo de Maíz en Patulul,Abono Orgánico de Patulul,false
Cultivo de Maíz en Santa Bárbara,Semilla de Maíz de Santa Bárbara,true
Cultivo de Frijol en Santa Bárbara,Semilla de Frijol de Santa Bárbara,true
Cultivo de Maíz en Santa Bárbara,Abono Orgánico de Santa Bárbara,false
Cultivo de Maíz en San Juan Bautista,Semilla de Maíz de San Juan Bautista,true
Cultivo de Frijol en San Juan Bautista,Semilla de Frijol de San Juan Bautista,true
Cultivo de Maíz en San Juan Bautista,Abono Orgánico de San Juan Bautista,false
Cultivo de Maíz en Santo Tomás La Unión,Semilla de Maíz de Santo Tomás La Unión,true
Cultivo de Frijol en Santo Tomás La Unión,Semilla de Frijol de Santo Tomás La Unión,true
Cultivo de Maíz en Santo Tomás La Unión,Abono Orgánico de Santo Tomás La Unión,false
Cultivo de Maíz en Zunilito,Semilla de Maíz de Zunilito,true
Cultivo de Frijol en Zunilito,Semilla de Frijol de Zunilito,true
Cultivo de Maíz en Zunilito,Abono Orgánico de Zunilito,false
Cultivo de Maíz en Pueblo Nuevo,Semilla de Maíz de Pueblo Nuevo,true
Cultivo de Frijol en Pueblo Nuevo,Semilla de Frijol de Pueblo Nuevo,true
Cultivo de Maíz en Pueblo Nuevo,Abono Orgánico de Pueblo Nuevo,false
Cultivo de Maíz en Río Bravo,Semilla de Maíz de Río Bravo,true
Cultivo de Frijol en Río Bravo,Semilla de Frijol de Río Bravo,true
Cultivo de Maíz en Río Bravo,Abono Orgánico de Río Bravo,false
Cultivo de Maíz en San José La Máquina,Semilla de Maíz de San José La Máquina,true
Cultivo de Frijol en San José La Máquina,Semilla de Frijol de San José La Máquina,true
Cultivo de Maíz en San José La Máquina,Abono Orgánico de San José La Máquina,false
Cultivo de Maíz en Retalhuleu,Semilla de Maíz de Retalhuleu,true
Cultivo de Frijol en Retalhuleu,Semilla de Frijol de Retalhuleu,true
Cultivo de Maíz en Retalhuleu,Abono Orgánico de Retalhuleu,false
Cultivo de Maíz en San Sebastián,Semilla de Maíz de San Sebastián,true
Cultivo de Frijol en San Sebastián,Semilla de Frijol de San Sebastián,true
Cultivo de Maíz en San Sebastián,Abono Orgánico de San Sebastián,false
Cultivo de Maíz en Santa Cruz Muluá,Semilla de Maíz de Santa Cruz Muluá,true
Cultivo de Frijol en Santa Cruz Muluá,Semilla de Frijol de Santa Cruz Muluá,true
Cultivo de Maíz en Santa Cruz Muluá,Abono Orgánico de Santa Cruz Muluá,false
Cultivo de Maíz en San Martín Zapotitlán,Semilla de Maíz de San Martín Zapotitlán,true
Cultivo de Frijol en San Martín Zapotitlán,Semilla de Frijol de San Martín Zapotitlán,true
Cultivo de Maíz en San Martín Zapotitlán,Abono Orgánico de San Martín Zapotitlán,false
Cultivo de Maíz en San Felipe,Semilla de Maíz de San Felipe,true
Cultivo de Frijol en San Felipe,Semilla de Frijol de San Felipe,true
Cultivo de Maíz en San Felipe,Abono Orgánico de San Felipe,false
Cultivo de Maíz en San Andrés Villa Seca,Semilla de Maíz de San Andrés Villa Seca,true
Cultivo de Frijol en San Andrés Villa Seca,Semilla de Frijol de San Andrés Villa Seca,true
Cultivo de Maíz en San Andrés Villa Seca,Abono Orgánico de San Andrés Villa Seca,false
Cultivo de Maíz en Champerico,Semilla de Maíz de Champerico,true
Cultivo de Frijol en Champerico,Semilla de Frijol de Champerico,true
Cultivo de Maíz en Champerico,Abono Orgánico de Champerico,false
Cultivo de Maíz en Nuevo San Carlos,Semilla de Maíz de Nuevo San Carlos,true
Cultivo de Frijol en Nuevo San Carlos,Semilla de Frijol de Nuevo San Carlos,true
Cultivo de Maíz en Nuevo San Carlos,Abono Orgánico de Nuevo San Carlos,false
Cultivo de Maíz en El Asintal,Semilla de Maíz de El Asintal,true
Cultivo de Frijol en El Asintal,Semilla de Frijol de El Asintal,true
Cultivo de Maíz en El Asintal,Abono Orgánico de El Asintal,false
Cultivo de Maíz en San Marcos,Semilla de Maíz de San Marcos,true
Cultivo de Frijol en San Marcos,Semilla de Frijol de San Marcos,true
Cultivo de Maíz en San Marcos,Abono Orgánico de San Marcos,false
Cultivo de Maíz en San Pedro Sacatepéquez,Semilla de Maíz de San Pedro Sacatepéquez,true
Cultivo de Frijol en San Pedro Sacatepéquez,Semilla de Frijol de San Pedro Sacatepéquez,true
Cultivo de Maíz en San Pedro Sacatepéquez,Abono Orgánico de San Pedro Sacatepéquez,false
Cultivo de Maíz en San Antonio Sacatepéquez,Semilla de Maíz de San Antonio Sacatepéquez,true
Cultivo de Frijol en San Antonio Sacatepéquez,Semilla de Frijol de San Antonio Sacatepéquez,true
Cultivo de Maíz en San Antonio Sacatepéquez,Abono Orgánico de San Antonio Sacatepéquez,false
Cultivo de Maíz en Comitancillo,Semilla de Maíz de Comitancillo,true
Cultivo de Frijol en Comitancillo,Semilla de Frijol de Comitancillo,true
Cultivo de Maíz en Comitancillo,Abono Orgánico de Comitancillo,false
Cultivo de Maíz en San Miguel Ixtahuacán,Semilla de Maíz de San Miguel Ixtahuacán,true
Cultivo de Frijol en San Miguel Ixtahuacán,Semilla de Frijol de San Miguel Ixtahuacán,true
Cultivo de Maíz en San Miguel Ixtahuacán,Abono Orgánico de San Miguel Ixtahuacán,false
Cultivo de Maíz en Concepción Tutuapa,Semilla de Maíz de Concepción Tutuapa,true
Cultivo de Frijol en Concepción Tutuapa,Semilla de Frijol de Concepción Tutuapa,true
Cultivo de Maíz en Concepción Tutuapa,Abono Orgánico de Concepción Tutuapa,false
Cultivo de Maíz en Tacaná,Semilla de Maíz de Tacaná,true
Cultivo de Frijol en Tacaná,Semilla de Frijol de Tacaná,true
Cultivo de Maíz en Tacaná,Abono Orgánico de Tacaná,false
Cultivo de Maíz en Sibinal,Semilla de Maíz de Sibinal,true
Cultivo de Frijol en Sibinal,Semilla de Frijol de Sibinal,true
Cultivo de Maíz en Sibinal,Abono Orgánico de Sibinal,false
Cultivo de Maíz en Tajumulco,Semilla de Maíz de Tajumulco,true
Cultivo de Frijol en Tajumulco,Semilla de Frijol de Tajumulco,true
Cultivo de Maíz en Tajumulco,Abono Orgánico de Tajumulco,false
Cultivo de Maíz en Tejutla,Semilla de Maíz de Tejutla,true
Cultivo de Frijol en Tejutla,Semilla de Frijol de Tejutla,true
Cultivo de Maíz en Tejutla,Abono Orgánico de Tejutla,false
Cultivo de Maíz en San Rafael Pie de la Cuesta,Semilla de Maíz de San Rafael Pie de la Cuesta,true
Cultivo de Frijol en San Rafael Pie de la Cuesta,Semilla de Frijol de San Rafael Pie de la Cuesta,true
Cultivo de Maíz en San Rafael Pie de la Cuesta,Abono Orgánico de San Rafael Pie de la Cuesta,false
Cultivo de Maíz en Nuevo Progreso,Semilla de Maíz de Nuevo Progreso,true
Cultivo de Frijol en Nuevo Progreso,Semilla de Frijol de Nuevo Progreso,true
Cultivo de Maíz en Nuevo Progreso,Abono Orgánico de Nuevo Progreso,false
Cultivo de Maíz en El Tumbador,Semilla de Maíz de El Tumbador,true
Cultivo de Frijol en El Tumbador,Semilla de Frijol de El Tumbador,true
Cultivo de Maíz en El Tumbador,Abono Orgánico de El Tumbador,false
Cultivo de Maíz en El Rodeo,Semilla de Maíz de El Rodeo,true
Cultivo de Frijol en El Rodeo,Semilla de Frijol de El Rodeo,true
Cultivo de Maíz en El Rodeo,Abono Orgánico de El Rodeo,false
Cultivo de Maíz en Malacatán,Semilla de Maíz de Malacatán,true
Cultivo de Frijol en Malacatán,Semilla de Frijol de Malacatán,true
Cultivo de Maíz en Malacatán,Abono Orgánico de Malacatán,false
Cultivo de Maíz en Catarina,Semilla de Maíz de Catarina,true
Cultivo de Frijol en Catarina,Semilla de Frijol de Catarina,true
Cultivo de Maíz en Catarina,Abono Orgánico de Catarina,false
Cultivo de Maíz en Ayutla,Semilla de Maíz de Ayutla,true
Cultivo de Frijol en Ayutla,Semilla de Frijol de Ayutla,true
Cultivo de Maíz en Ayutla,Abono Orgánico de Ayutla,false
Cultivo de Maíz en Ocós,Semilla de Maíz de Ocós,true
Cultivo de Frijol en Ocós,Semilla de Frijol de Ocós,true
Cultivo de Maíz en Ocós,Abono Orgánico de Ocós,false
Cultivo de Maíz en San Pablo,Semilla de Maíz de San Pablo,true
Cultivo de Frijol en San Pablo,Semilla de Frijol de San Pablo,true
Cultivo de Maíz en San Pablo,Abono Orgánico de San Pablo,false
Cultivo de Maíz en El Quetzal,Semilla de Maíz de El Quetzal,true
Cultivo de Frijol en El Quetzal,Semilla de Frijol de El Quetzal,true
Cultivo de Maíz en El Quetzal,Abono Orgánico de El Quetzal,false
Cultivo de Maíz en La Reforma,Semilla de Maíz de La Reforma,true
Cultivo de Frijol en La Reforma,Semilla de Frijol de La Reforma,true
Cultivo de Maíz en La Reforma,Abono Orgánico de La Reforma,false
Cultivo de Maíz en Pajapita,Semilla de Maíz de Pajapita,true
Cultivo de Frijol en Pajapita,Semilla de Frijol de Pajapita,true
Cultivo de Maíz en Pajapita,Abono Orgánico de Pajapita,false
Cultivo de Maíz en Ixchiguán,Semilla de Maíz de Ixchiguán,true
Cultivo de Frijol en Ixchiguán,Semilla de Frijol de Ixchiguán,true
Cultivo de Maíz en Ixchiguán,Abono Orgánico de Ixchiguán,false
Cultivo de Maíz en San José Ojetenam,Semilla de Maíz de San José Ojetenam,true
Cultivo de Frijol en San José Ojetenam,Semilla de Frijol de San José Ojetenam,true
Cultivo de Maíz en San José Ojetenam,Abono Orgánico de San José Ojetenam,false
Cultivo de Maíz en San Cristóbal Cucho,Semilla de Maíz de San Cristóbal Cucho,true
Cultivo de Frijol en San Cristóbal Cucho,Semilla de Frijol de San Cristóbal Cucho,true
Cultivo de Maíz en San Cristóbal Cucho,Abono Orgánico de San Cristóbal Cucho,false
Cultivo de Maíz en Sipacapa,Semilla de Maíz de Sipacapa,true
Cultivo de Frijol en Sipacapa,Semilla de Frijol de Sipacapa,true
Cultivo de Maíz en Sipacapa,Abono Orgánico de Sipacapa,false
Cultivo de Maíz en Esquipulas Palo Gordo,Semilla de Maíz de Esquipulas Palo Gordo,true
Cultivo de Frijol en Esquipulas Palo Gordo,Semilla de Frijol de Esquipulas Palo Gordo,true
Cultivo de Maíz en Esquipulas Palo Gordo,Abono Orgánico de Esquipulas Palo Gordo,false
Cultivo de Maíz en Río Blanco,Semilla de Maíz de Río Blanco,true
Cultivo de Frijol en Río Blanco,Semilla de Frijol de Río Blanco,true
Cultivo de Maíz en Río Blanco,Abono Orgánico de Río Blanco,false
Cultivo de Maíz en San Lorenzo,Semilla de Maíz de San Lorenzo,true
Cultivo de Frijol en San Lorenzo,Semilla de Frijol de San Lorenzo,true
Cultivo de Maíz en San Lorenzo,Abono Orgánico de San Lorenzo,false
Cultivo de Maíz en La Blanca,Semilla de Maíz de La Blanca,true
Cultivo de Frijol en La Blanca,Semilla de Frijol de La Blanca,true
Cultivo de Maíz en La Blanca,Abono Orgánico de La Blanca,false
Cultivo de Maíz en Huehuetenango,Semilla de Maíz de Huehuetenango,true
Cultivo de Frijol en Huehuetenango,Semilla de Frijol de Huehuetenango,true
Cultivo de Maíz en Huehuetenango,Abono Orgánico de Huehuetenango,false
Cultivo de Maíz en Chiantla,Semilla de Maíz de Chiantla,true
Cultivo de Frijol en Chiantla,Semilla de Frijol de Chiantla,true
Cultivo de Maíz en Chiantla,Abono Orgánico de Chiantla,false
Cultivo de Maíz en Malacatancito,Semilla de Maíz de Malacatancito,true
Cultivo de Frijol en Malacatancito,Semilla de Frijol de Malacatancito,true
Cultivo de Maíz en Malacatancito,Abono Orgánico de Malacatancito,false
Cultivo de Maíz en Cuilco,Semilla de Maíz de Cuilco,true
Cultivo de Frijol en Cuilco,Semilla de Frijol de Cuilco,true
Cultivo de Maíz en Cuilco,Abono Orgánico de Cuilco,false
Cultivo de Maíz en Nentón,Semilla de Maíz de Nentón,true
Cultivo de Frijol en Nentón,Semilla de Frijol de Nentón,true
Cultivo de Maíz en Nentón,Abono Orgánico de Nentón,false
Cultivo de Maíz en San Pedro Necta,Semilla de Maíz de San Pedro Necta,true
Cultivo de Frijol en San Pedro Necta,Semilla de Frijol de San Pedro Necta,true
Cultivo de Maíz en San Pedro Necta,Abono Orgánico de San Pedro Necta,false
Cultivo de Maíz en Jacaltenango,Semilla de Maíz de Jacaltenango,true
Cultivo de Frijol en Jacaltenango,Semilla de Frijol de Jacaltenango,true
Cultivo de Maíz en Jacaltenango,Abono Orgánico de Jacaltenango,false
Cultivo de Maíz en Soloma,Semilla de Maíz de Soloma,true
Cultivo de Frijol en Soloma,Semilla de Frijol de Soloma,true
Cultivo de Maíz en Soloma,Abono Orgánico de Soloma,false
Cultivo de Maíz en Ixtahuacán,Semilla de Maíz de Ixtahuacán,true
Cultivo de Frijol en Ixtahuacán,Semilla de Frijol de Ixtahuacán,true
Cultivo de Maíz en Ixtahuacán,Abono Orgánico de Ixtahuacán,false
Cultivo de Maíz en Santa Bárbara,Semilla de Maíz de Santa Bárbara,true
Cultivo de Frijol en Santa Bárbara,Semilla de Frijol de Santa Bárbara,true
Cultivo de Maíz en Santa Bárbara,Abono Orgánico de Santa Bárbara,false
Cultivo de Maíz en La Libertad,Semilla de Maíz de La Libertad,true
Cultivo de Frijol en La Libertad,Semilla de Frijol de La Libertad,true
Cultivo de Maíz en La Libertad,Abono Orgánico de La Libertad,false
Cultivo de Maíz en La Democracia,Semilla de Maíz de La Democracia,true
Cultivo de Frijol en La Democracia,Semilla de Frijol de La Democracia,true
Cultivo de Maíz en La Democracia,Abono Orgánico de La Democracia,false
Cultivo de Maíz en San Miguel Acatán,Semilla de Maíz de San Miguel Acatán,true
Cultivo de Frijol en San Miguel Acatán,Semilla de Frijol de San Miguel Acatán,true
Cultivo de Maíz en San Miguel Acatán,Abono Orgánico de San Miguel Acatán,false
Cultivo de Maíz en San Rafael La Independencia,Semilla de Maíz de San Rafael La Independencia,true
Cultivo de Frijol en San Rafael La Independencia,Semilla de Frijol de San Rafael La Independencia,true
Cultivo de Maíz en San Rafael La Independencia,Abono Orgánico de San Rafael La Independencia,false
Cultivo de Maíz en Todos Santos Cuchumatán,Semilla de Maíz de Todos Santos Cuchumatán,true
Cultivo de Frijol en Todos Santos Cuchumatán,Semilla de Frijol de Todos Santos Cuchumatán,true
Cultivo de Maíz en Todos Santos Cuchumatán,Abono Orgánico de Todos Santos Cuchumatán,false
Cultivo de Maíz en San Juan Atitán,Semilla de Maíz de San Juan Atitán,true
Cultivo de Frijol en San Juan Atitán,Semilla de Frijol de San Juan Atitán,true
Cultivo de Maíz en San Juan Atitán,Abono Orgánico de San Juan Atitán,false
Cultivo de Maíz en Santa Eulalia,Semilla de Maíz de Santa Eulalia,true
Cultivo de Frijol en Santa Eulalia,Semilla de Frijol de Santa Eulalia,true
Cultivo de Maíz en Santa Eulalia,Abono Orgánico de Santa Eulalia,false
Cultivo de Maíz en San Mateo Ixtatán,Semilla de Maíz de San Mateo Ixtatán,true
Cultivo de Frijol en San Mateo Ixtatán,Semilla de Frijol de San Mateo Ixtatán,true
Cultivo de Maíz en San Mateo Ixtatán,Abono Orgánico de San Mateo Ixtatán,false
Cultivo de Maíz en Colotenango,Semilla de Maíz de Colotenango,true
Cultivo de Frijol en Colotenango,Semilla de Frijol de Colotenango,true
Cultivo de Maíz en Colotenango,Abono Orgánico de Colotenango,false
Cultivo de Maíz en San Sebastián Huehuetenango,Semilla de Maíz de San Sebastián Huehuetenango,true
Cultivo de Frijol en San Sebastián Huehuetenango,Semilla de Frijol de San Sebastián Huehuetenango,true
Cultivo de Maíz en San Sebastián Huehuetenango,Abono Orgánico de San Sebastián Huehuetenango,false
Cultivo de Maíz en Tectitán,Semilla de Maíz de Tectitán,true
Cultivo de Frijol en Tectitán,Semilla de Frijol de Tectitán,true
Cultivo de Maíz en Tectitán,Abono Orgánico de Tectitán,false
Cultivo de Maíz en Concepción Huista,Semilla de Maíz de Concepción Huista,true
Cultivo de Frijol en Concepción Huista,Semilla de Frijol de Concepción Huista,true
Cultivo de Maíz en Concepción Huista,Abono Orgánico de Concepción Huista,false
Cultivo de Maíz en San Juan Ixcoy,Semilla de Maíz de San Juan Ixcoy,true
Cultivo de Frijol en San Juan Ixcoy,Semilla de Frijol de San Juan Ixcoy,true
Cultivo de Maíz en San Juan Ixcoy,Abono Orgánico de San Juan Ixcoy,false
Cultivo de Maíz en San Antonio Huista,Semilla de Maíz de San Antonio Huista,true
Cultivo de Frijol en San Antonio Huista,Semilla de Frijol de San Antonio Huista,true
Cultivo de Maíz en San Antonio Huista,Abono Orgánico de San Antonio Huista,false
Cultivo de Maíz en San Sebastián Coatán,Semilla de Maíz de San Sebastián Coatán,true
Cultivo de Frijol en San Sebastián Coatán,Semilla de Frijol de San Sebastián Coatán,true
Cultivo de Maíz en San Sebastián Coatán,Abono Orgánico de San Sebastián Coatán,false
Cultivo de Maíz en Barillas,Semilla de Maíz de Barillas,true
Cultivo de Frijol en Barillas,Semilla de Frijol de Barillas,true
Cultivo de Maíz en Barillas,Abono Orgánico de Barillas,false
Cultivo de Maíz en Aguacatán,Semilla de Maíz de Aguacatán,true
Cultivo de Frijol en Aguacatán,Semilla de Frijol de Aguacatán,true
Cultivo de Maíz en Aguacatán,Abono Orgánico de Aguacatán,false
Cultivo de Maíz en San Rafael Petzal,Semilla de Maíz de San Rafael Petzal,true
Cultivo de Frijol en San Rafael Petzal,Semilla de Frijol de San Rafael Petzal,true
Cultivo de Maíz en San Rafael Petzal,Abono Orgánico de San Rafael Petzal,false
Cultivo de Maíz en San Gaspar Ixchil,Semilla de Maíz de San Gaspar Ixchil,true
Cultivo de Frijol en San Gaspar Ixchil,Semilla de Frijol de San Gaspar Ixchil,true
Cultivo de Maíz en San Gaspar Ixchil,Abono Orgánico de San Gaspar Ixchil,false
Cultivo de Maíz en Santiago Chimaltenango,Semilla de Maíz de Santiago Chimaltenango,true
Cultivo de Frijol en Santiago Chimaltenango,Semilla de Frijol de Santiago Chimaltenango,true
Cultivo de Maíz en Santiago Chimaltenango,Abono Orgánico de Santiago Chimaltenango,false
Cultivo de Maíz en Santa Ana Huista,Semilla de Maíz de Santa Ana Huista,true
Cultivo de Frijol en Santa Ana Huista,Semilla de Frijol de Santa Ana Huista,true
Cultivo de Maíz en Santa Ana Huista,Abono Orgánico de Santa Ana Huista,false
Cultivo de Maíz en Unión Cantinil,Semilla de Maíz de Unión Cantinil,true
Cultivo de Frijol en Unión Cantinil,Semilla de Frijol de Unión Cantinil,true
Cultivo de Maíz en Unión Cantinil,Abono Orgánico de Unión Cantinil,false
Cultivo de Maíz en Petatán,Semilla de Maíz de Petatán,true
Cultivo de Frijol en Petatán,Semilla de Frijol de Petatán,true
Cultivo de Maíz en Petatán,Abono Orgánico de Petatán,false
Cultivo de Maíz en Santa Cruz del Quiché,Semilla de Maíz de Santa Cruz del Quiché,true
Cultivo de Frijol en Santa Cruz del Quiché,Semilla de Frijol de Santa Cruz del Quiché,true
Cultivo de Maíz en Santa Cruz del Quiché,Abono Orgánico de Santa Cruz del Quiché,false
Cultivo de Maíz en Chiché,Semilla de Maíz de Chiché,true
Cultivo de Frijol en Chiché,Semilla de Frijol de Chiché,true
Cultivo de Maíz en Chiché,Abono Orgánico de Chiché,false
Cultivo de Maíz en Chinique,Semilla de Maíz de Chinique,true
Cultivo de Frijol en Chinique,Semilla de Frijol de Chinique,true
Cultivo de Maíz en Chinique,Abono Orgánico de Chinique,false
Cultivo de Maíz en Zacualpa,Semilla de Maíz de Zacualpa,true
Cultivo de Frijol en Zacualpa,Semilla de Frijol de Zacualpa,true
Cultivo de Maíz en Zacualpa,Abono Orgánico de Zacualpa,false
Cultivo de Maíz en Chajul,Semilla de Maíz de Chajul,true
Cultivo de Frijol en Chajul,Semilla de Frijol de Chajul,true
Cultivo de Maíz en Chajul,Abono Orgánico de Chajul,false
Cultivo de Maíz en Chichicastenango,Semilla de Maíz de Chichicastenango,true
Cultivo de Frijol en Chichicastenango,Semilla de Frijol de Chichicastenango,true
Cultivo de Maíz en Chichicastenango,Abono Orgánico de Chichicastenango,false
Cultivo de Maíz en Patzité,Semilla de Maíz de Patzité,true
Cultivo de Frijol en Patzité,Semilla de Frijol de Patzité,true
Cultivo de Maíz en Patzité,Abono Orgánico de Patzité,false
Cultivo de Maíz en San Antonio Ilotenango,Semilla de Maíz de San Antonio Ilotenango,true
Cultivo de Frijol en San Antonio Ilotenango,Semilla de Frijol de San Antonio Ilotenango,true
Cultivo de Maíz en San Antonio Ilotenango,Abono Orgánico de San Antonio Ilotenango,false
Cultivo de Maíz en San Pedro Jocopilas,Semilla de Maíz de San Pedro Jocopilas,true
Cultivo de Frijol en San Pedro Jocopilas,Semilla de Frijol de San Pedro Jocopilas,true
Cultivo de Maíz en San Pedro Jocopilas,Abono Orgánico de San Pedro Jocopilas,false
Cultivo de Maíz en Cunén,Semilla de Maíz de Cunén,true
Cultivo de Frijol en Cunén,Semilla de Frijol de Cunén,true
Cultivo de Maíz en Cunén,Abono Orgánico de Cunén,false
Cultivo de Maíz en San Juan Cotzal,Semilla de Maíz de San Juan Cotzal,true
Cultivo de Frijol en San Juan Cotzal,Semilla de Frijol de San Juan Cotzal,true
Cultivo de Maíz en San Juan Cotzal,Abono Orgánico de San Juan Cotzal,false
Cultivo de Maíz en Joyabaj,Semilla de Maíz de Joyabaj,true
Cultivo de Frijol en Joyabaj,Semilla de Frijol de Joyabaj,true
Cultivo de Maíz en Joyabaj,Abono Orgánico de Joyabaj,false
Cultivo de Maíz en Nebaj,Semilla de Maíz de Nebaj,true
Cultivo de Frijol en Nebaj,Semilla de Frijol de Nebaj,true
Cultivo de Maíz en Nebaj,Abono Orgánico de Nebaj,false
Cultivo de Maíz en San Andrés Sajcabajá,Semilla de Maíz de San Andrés Sajcabajá,true
Cultivo de Frijol en San Andrés Sajcabajá,Semilla de Frijol de San Andrés Sajcabajá,true
Cultivo de Maíz en San Andrés Sajcabajá,Abono Orgánico de San Andrés Sajcabajá,false
Cultivo de Maíz en Uspantán,Semilla de Maíz de Uspantán,true
Cultivo de Frijol en Uspantán,Semilla de Frijol de Uspantán,true
Cultivo de Maíz en Uspantán,Abono Orgánico de Uspantán,false
Cultivo de Maíz en Sacapulas,Semilla de Maíz de Sacapulas,true
Cultivo de Frijol en Sacapulas,Semilla de Frijol de Sacapulas,true
Cultivo de Maíz en Sacapulas,Abono Orgánico de Sacapulas,false
Cultivo de Maíz en San Bartolomé Jocotenango,Semilla de Maíz de San Bartolomé Jocotenango,true
Cultivo de Frijol en San Bartolomé Jocotenango,Semilla de Frijol de San Bartolomé Jocotenango,true
Cultivo de Maíz en San Bartolomé Jocotenango,Abono Orgánico de San Bartolomé Jocotenango,false
Cultivo de Maíz en Canillá,Semilla de Maíz de Canillá,true
Cultivo de Frijol en Canillá,Semilla de Frijol de Canillá,true
Cultivo de Maíz en Canillá,Abono Orgánico de Canillá,false
Cultivo de Maíz en Chicamán,Semilla de Maíz de Chicamán,true
Cultivo de Frijol en Chicamán,Semilla de Frijol de Chicamán,true
Cultivo de Maíz en Chicamán,Abono Orgánico de Chicamán,false
Cultivo de Maíz en Ixcán,Semilla de Maíz de Ixcán,true
Cultivo de Frijol en Ixcán,Semilla de Frijol de Ixcán,true
Cultivo de Maíz en Ixcán,Abono Orgánico de Ixcán,false
Cultivo de Maíz en Pachalum,Semilla de Maíz de Pachalum,true
Cultivo de Frijol en Pachalum,Semilla de Frijol de Pachalum,true
Cultivo de Maíz en Pachalum,Abono Orgánico de Pachalum,false
Cultivo de Maíz en Salamá,Semilla de Maíz de Salamá,true
Cultivo de Frijol en Salamá,Semilla de Frijol de Salamá,true
Cultivo de Maíz en Salamá,Abono Orgánico de Salamá,false
Cultivo de Maíz en San Miguel Chicaj,Semilla de Maíz de San Miguel Chicaj,true
Cultivo de Frijol en San Miguel Chicaj,Semilla de Frijol de San Miguel Chicaj,true
Cultivo de Maíz en San Miguel Chicaj,Abono Orgánico de San Miguel Chicaj,false
Cultivo de Maíz en Rabinal,Semilla de Maíz de Rabinal,true
Cultivo de Frijol en Rabinal,Semilla de Frijol de Rabinal,true
Cultivo de Maíz en Rabinal,Abono Orgánico de Rabinal,false
Cultivo de Maíz en Cubulco,Semilla de Maíz de Cubulco,true
Cultivo de Frijol en Cubulco,Semilla de Frijol de Cubulco,true
Cultivo de Maíz en Cubulco,Abono Orgánico de Cubulco,false
Cultivo de Maíz en Granados,Semilla de Maíz de Granados,true
Cultivo de Frijol en Granados,Semilla de Frijol de Granados,true
Cultivo de Maíz en Granados,Abono Orgánico de Granados,false
Cultivo de Maíz en El Chol,Semilla de Maíz de El Chol,true
Cultivo de Frijol en El Chol,Semilla de Frijol de El Chol,true
Cultivo de Maíz en El Chol,Abono Orgánico de El Chol,false
Cultivo de Maíz en San Jerónimo,Semilla de Maíz de San Jerónimo,true
Cultivo de Frijol en San Jerónimo,Semilla de Frijol de San Jerónimo,true
Cultivo de Maíz en San Jerónimo,Abono Orgánico de San Jerónimo,false
Cultivo de Maíz en Purulhá,Semilla de Maíz de Purulhá,true
Cultivo de Frijol en Purulhá,Semilla de Frijol de Purulhá,true
Cultivo de Maíz en Purulhá,Abono Orgánico de Purulhá,false
Cultivo de Maíz en Cobán,Semilla de Maíz de Cobán,true
Cultivo de Frijol en Cobán,Semilla de Frijol de Cobán,true
Cultivo de Maíz en Cobán,Abono Orgánico de Cobán,false
Cultivo de Maíz en Santa Cruz Verapaz,Semilla de Maíz de Santa Cruz Verapaz,true
Cultivo de Frijol en Santa Cruz Verapaz,Semilla de Frijol de Santa Cruz Verapaz,true
Cultivo de Maíz en Santa Cruz Verapaz,Abono Orgánico de Santa Cruz Verapaz,false
Cultivo de Maíz en San Cristóbal Verapaz,Semilla de Maíz de San Cristóbal Verapaz,true
Cultivo de Frijol en San Cristóbal Verapaz,Semilla de Frijol de San Cristóbal Verapaz,true
Cultivo de Maíz en San Cristóbal Verapaz,Abono Orgánico de San Cristóbal Verapaz,false
Cultivo de Maíz en Tactic,Semilla de Maíz de Tactic,true
Cultivo de Frijol en Tactic,Semilla de Frijol de Tactic,true
Cultivo de Maíz en Tactic,Abono Orgánico de Tactic,false
Cultivo de Maíz en Tamahú,Semilla de Maíz de Tamahú,true
Cultivo de Frijol en Tamahú,Semilla de Frijol de Tamahú,true
Cultivo de Maíz en Tamahú,Abono Orgánico de Tamahú,false
Cultivo de Maíz en Tucurú,Semilla de Maíz de Tucurú,true
Cultivo de Frijol en Tucurú,Semilla de Frijol de Tucurú,true
Cultivo de Maíz en Tucurú,Abono Orgánico de Tucurú,false
Cultivo de Maíz en Panzós,Semilla de Maíz de Panzós,true
Cultivo de Frijol en Panzós,Semilla de Frijol de Panzós,true
Cultivo de Maíz en Panzós,Abono Orgánico de Panzós,false
Cultivo de Maíz en Senahú,Semilla de Maíz de Senahú,true
Cultivo de Frijol en Senahú,Semilla de Frijol de Senahú,true
Cultivo de Maíz en Senahú,Abono Orgánico de Senahú,false
Cultivo de Maíz en San Pedro Carchá,Semilla de Maíz de San Pedro Carchá,true
Cultivo de Frijol en San Pedro Carchá,Semilla de Frijol de San Pedro Carchá,true
Cultivo de Maíz en San Pedro Carchá,Abono Orgánico de San Pedro Carchá,false
Cultivo de Maíz en San Juan Chamelco,Semilla de Maíz de San Juan Chamelco,true
Cultivo de Frijol en San Juan Chamelco,Semilla de Frijol de San Juan Chamelco,true
Cultivo de Maíz en San Juan Chamelco,Abono Orgánico de San Juan Chamelco,false
Cultivo de Maíz en Lanquín,Semilla de Maíz de Lanquín,true
Cultivo de Frijol en Lanquín,Semilla de Frijol de Lanquín,true
Cultivo de Maíz en Lanquín,Abono Orgánico de Lanquín,false
Cultivo de Maíz en Cahabón,Semilla de Maíz de Cahabón,true
Cultivo de Frijol en Cahabón,Semilla de Frijol de Cahabón,true
Cultivo de Maíz en Cahabón,Abono Orgánico de Cahabón,false
Cultivo de Maíz en Chisec,Semilla de Maíz de Chisec,true
Cultivo de Frijol en Chisec,Semilla de Frijol de Chisec,true
Cultivo de Maíz en Chisec,Abono Orgánico de Chisec,false
Cultivo de Maíz en Chahal,Semilla de Maíz de Chahal,true
Cultivo de Frijol en Chahal,Semilla de Frijol de Chahal,true
Cultivo de Maíz en Chahal,Abono Orgánico de Chahal,false
Cultivo de Maíz en Fray Bartolomé de Las Casas,Semilla de Maíz de Fray Bartolomé de Las Casas,true
Cultivo de Frijol en Fray Bartolomé de Las Casas,Semilla de Frijol de Fray Bartolomé de Las Casas,true
Cultivo de Maíz en Fray Bartolomé de Las Casas,Abono Orgánico de Fray Bartolomé de Las Casas,false
Cultivo de Maíz en Santa Catalina La Tinta,Semilla de Maíz de Santa Catalina La Tinta,true
Cultivo de Frijol en Santa Catalina La Tinta,Semilla de Frijol de Santa Catalina La Tinta,true
Cultivo de Maíz en Santa Catalina La Tinta,Abono Orgánico de Santa Catalina La Tinta,false
Cultivo de Maíz en Raxruhá,Semilla de Maíz de Raxruhá,true
Cultivo de Frijol en Raxruhá,Semilla de Frijol de Raxruhá,true
Cultivo de Maíz en Raxruhá,Abono Orgánico de Raxruhá,false
Cultivo de Maíz en Flores,Semilla de Maíz de Flores,true
Cultivo de Frijol en Flores,Semilla de Frijol de Flores,true
Cultivo de Maíz en Flores,Abono Orgánico de Flores,false
Cultivo de Maíz en San José,Semilla de Maíz de San José,true
Cultivo de Frijol en San José,Semilla de Frijol de San José,true
Cultivo de Maíz en San José,Abono Orgánico de San José,false
Cultivo de Maíz en San Benito,Semilla de Maíz de San Benito,true
Cultivo de Frijol en San Benito,Semilla de Frijol de San Benito,true
Cultivo de Maíz en San Benito,Abono Orgánico de San Benito,false
Cultivo de Maíz en San Andrés,Semilla de Maíz de San Andrés,true
Cultivo de Frijol en San Andrés,Semilla de Frijol de San Andrés,true
Cultivo de Maíz en San Andrés,Abono Orgánico de San Andrés,false
Cultivo de Maíz en La Libertad,Semilla de Maíz de La Libertad,true
Cultivo de Frijol en La Libertad,Semilla de Frijol de La Libertad,true
Cultivo de Maíz en La Libertad,Abono Orgánico de La Libertad,false
Cultivo de Maíz en San Francisco,Semilla de Maíz de San Francisco,true
Cultivo de Frijol en San Francisco,Semilla de Frijol de San Francisco,true
Cultivo de Maíz en San Francisco,Abono Orgánico de San Francisco,false
Cultivo de Maíz en Santa Ana,Semilla de Maíz de Santa Ana,true
Cultivo de Frijol en Santa Ana,Semilla de Frijol de Santa Ana,true
Cultivo de Maíz en Santa Ana,Abono Orgánico de Santa Ana,false
Cultivo de Maíz en Dolores,Semilla de Maíz de Dolores,true
Cultivo de Frijol en Dolores,Semilla de Frijol de Dolores,true
Cultivo de Maíz en Dolores,Abono Orgánico de Dolores,false
Cultivo de Maíz en San Luis,Semilla de Maíz de San Luis,true
Cultivo de Frijol en San Luis,Semilla de Frijol de San Luis,true
Cultivo de Maíz en San Luis,Abono Orgánico de San Luis,false
Cultivo de Maíz en Sayaxché,Semilla de Maíz de Sayaxché,true
Cultivo de Frijol en Sayaxché,Semilla de Frijol de Sayaxché,true
Cultivo de Maíz en Sayaxché,Abono Orgánico de Sayaxché,false
Cultivo de Maíz en Melchor de Mencos,Semilla de Maíz de Melchor de Mencos,true
Cultivo de Frijol en Melchor de Mencos,Semilla de Frijol de Melchor de Mencos,true
Cultivo de Maíz en Melchor de Mencos,Abono Orgánico de Melchor de Mencos,false
Cultivo de Maíz en Poptún,Semilla de Maíz de Poptún,true
Cultivo de Frijol en Poptún,Semilla de Frijol de Poptún,true
Cultivo de Maíz en Poptún,Abono Orgánico de Poptún,false
Cultivo de Maíz en Las Cruces,Semilla de Maíz de Las Cruces,true
Cultivo de Frijol en Las Cruces,Semilla de Frijol de Las Cruces,true
Cultivo de Maíz en Las Cruces,Abono Orgánico de Las Cruces,false
Cultivo de Maíz en El Chal,Semilla de Maíz de El Chal,true
Cultivo de Frijol en El Chal,Semilla de Frijol de El Chal,true
Cultivo de Maíz en El Chal,Abono Orgánico de El Chal,false
Cultivo de Maíz en Puerto Barrios,Semilla de Maíz de Puerto Barrios,true
Cultivo de Frijol en Puerto Barrios,Semilla de Frijol de Puerto Barrios,true
Cultivo de Maíz en Puerto Barrios,Abono Orgánico de Puerto Barrios,false
Cultivo de Maíz en Lívingston,Semilla de Maíz de Lívingston,true
Cultivo de Frijol en Lívingston,Semilla de Frijol de Lívingston,true
Cultivo de Maíz en Lívingston,Abono Orgánico de Lívingston,false
Cultivo de Maíz en El Estor,Semilla de Maíz de El Estor,true
Cultivo de Frijol en El Estor,Semilla de Frijol de El Estor,true
Cultivo de Maíz en El Estor,Abono Orgánico de El Estor,false
Cultivo de Maíz en Morales,Semilla de Maíz de Morales,true
Cultivo de Frijol en Morales,Semilla de Frijol de Morales,true
Cultivo de Maíz en Morales,Abono Orgánico de Morales,false
Cultivo de Maíz en Los Amates,Semilla de Maíz de Los Amates,true
Cultivo de Frijol en Los Amates,Semilla de Frijol de Los Amates,true
Cultivo de Maíz en Los Amates,Abono Orgánico de Los Amates,false
Cultivo de Maíz en Zacapa,Semilla de Maíz de Zacapa,true
Cultivo de Frijol en Zacapa,Semilla de Frijol de Zacapa,true
Cultivo de Maíz en Zacapa,Abono Orgánico de Zacapa,false
Cultivo de Maíz en Estanzuela,Semilla de Maíz de Estanzuela,true
Cultivo de Frijol en Estanzuela,Semilla de Frijol de Estanzuela,true
Cultivo de Maíz en Estanzuela,Abono Orgánico de Estanzuela,false
Cultivo de Maíz en Río Hondo,Semilla de Maíz de Río Hondo,true
Cultivo de Frijol en Río Hondo,Semilla de Frijol de Río Hondo,true
Cultivo de Maíz en Río Hondo,Abono Orgánico de Río Hondo,false
Cultivo de Maíz en Gualán,Semilla de Maíz de Gualán,true
Cultivo de Frijol en Gualán,Semilla de Frijol de Gualán,true
Cultivo de Maíz en Gualán,Abono Orgánico de Gualán,false
Cultivo de Maíz en Teculután,Semilla de Maíz de Teculután,true
Cultivo de Frijol en Teculután,Semilla de Frijol de Teculután,true
Cultivo de Maíz en Teculután,Abono Orgánico de Teculután,false
Cultivo de Maíz en Usumatlán,Semilla de Maíz de Usumatlán,true
Cultivo de Frijol en Usumatlán,Semilla de Frijol de Usumatlán,true
Cultivo de Maíz en Usumatlán,Abono Orgánico de Usumatlán,false
Cultivo de Maíz en Cabañas,Semilla de Maíz de Cabañas,true
Cultivo de Frijol en Cabañas,Semilla de Frijol de Cabañas,true
Cultivo de Maíz en Cabañas,Abono Orgánico de Cabañas,false
Cultivo de Maíz en San Diego,Semilla de Maíz de San Diego,true
Cultivo de Frijol en San Diego,Semilla de Frijol de San Diego,true
Cultivo de Maíz en San Diego,Abono Orgánico de San Diego,false
Cultivo de Maíz en La Unión,Semilla de Maíz de La Unión,true
Cultivo de Frijol en La Unión,Semilla de Frijol de La Unión,true
Cultivo de Maíz en La Unión,Abono Orgánico de La Unión,false
Cultivo de Maíz en Huité,Semilla de Maíz de Huité,true
Cultivo de Frijol en Huité,Semilla de Frijol de Huité,true
Cultivo de Maíz en Huité,Abono Orgánico de Huité,false
Cultivo de Maíz en San Jorge,Semilla de Maíz de San Jorge,true
Cultivo de Frijol en San Jorge,Semilla de Frijol de San Jorge,true
Cultivo de Maíz en San Jorge,Abono Orgánico de San Jorge,false
Cultivo de Maíz en Chiquimula,Semilla de Maíz de Chiquimula,true
Cultivo de Frijol en Chiquimula,Semilla de Frijol de Chiquimula,true
Cultivo de Maíz en Chiquimula,Abono Orgánico de Chiquimula,false
Cultivo de Maíz en San José La Arada,Semilla de Maíz de San José La Arada,true
Cultivo de Frijol en San José La Arada,Semilla de Frijol de San José La Arada,true
Cultivo de Maíz en San José La Arada,Abono Orgánico de San José La Arada,false
Cultivo de Maíz en San Juan Ermita,Semilla de Maíz de San Juan Ermita,true
Cultivo de Frijol en San Juan Ermita,Semilla de Frijol de San Juan Ermita,true
Cultivo de Maíz en San Juan Ermita,Abono Orgánico de San Juan Ermita,false
Cultivo de Maíz en Jocotán,Semilla de Maíz de Jocotán,true
Cultivo de Frijol en Jocotán,Semilla de Frijol de Jocotán,true
Cultivo de Maíz en Jocotán,Abono Orgánico de Jocotán,false
Cultivo de Maíz en Camotán,Semilla de Maíz de Camotán,true
Cultivo de Frijol en Camotán,Semilla de Frijol de Camotán,true
Cultivo de Maíz en Camotán,Abono Orgánico de Camotán,false
Cultivo de Maíz en Olopa,Semilla de Maíz de Olopa,true
Cultivo de Frijol en Olopa,Semilla de Frijol de Olopa,true
Cultivo de Maíz en Olopa,Abono Orgánico de Olopa,false
Cultivo de Maíz en Esquipulas,Semilla de Maíz de Esquipulas,true
Cultivo de Frijol en Esquipulas,Semilla de Frijol de Esquipulas,true
Cultivo de Maíz en Esquipulas,Abono Orgánico de Esquipulas,false
Cultivo de Maíz en Concepción Las Minas,Semilla de Maíz de Concepción Las Minas,true
Cultivo de Frijol en Concepción Las Minas,Semilla de Frijol de Concepción Las Minas,true
Cultivo de Maíz en Concepción Las Minas,Abono Orgánico de Concepción Las Minas,false
Cultivo de Maíz en Quezaltepeque,Semilla de Maíz de Quezaltepeque,true
Cultivo de Frijol en Quezaltepeque,Semilla de Frijol de Quezaltepeque,true
Cultivo de Maíz en Quezaltepeque,Abono Orgánico de Quezaltepeque,false
Cultivo de Maíz en San Jacinto,Semilla de Maíz de San Jacinto,true
Cultivo de Frijol en San Jacinto,Semilla de Frijol de San Jacinto,true
Cultivo de Maíz en San Jacinto,Abono Orgánico de San Jacinto,false
Cultivo de Maíz en Ipala,Semilla de Maíz de Ipala,true
Cultivo de Frijol en Ipala,Semilla de Frijol de Ipala,true
Cultivo de Maíz en Ipala,Abono Orgánico de Ipala,false
Cultivo de Maíz en Jalapa,Semilla de Maíz de Jalapa,true
Cultivo de Frijol en Jalapa,Semilla de Frijol de Jalapa,true
Cultivo de Maíz en Jalapa,Abono Orgánico de Jalapa,false
Cultivo de Maíz en San Pedro Pinula,Semilla de Maíz de San Pedro Pinula,true
Cultivo de Frijol en San Pedro Pinula,Semilla de Frijol de San Pedro Pinula,true
Cultivo de Maíz en San Pedro Pinula,Abono Orgánico de San Pedro Pinula,false
Cultivo de Maíz en San Luis Jilotepeque,Semilla de Maíz de San Luis Jilotepeque,true
Cultivo de Frijol en San Luis Jilotepeque,Semilla de Frijol de San Luis Jilotepeque,true
Cultivo de Maíz en San Luis Jilotepeque,Abono Orgánico de San Luis Jilotepeque,false
Cultivo de Maíz en San Manuel Chaparrón,Semilla de Maíz de San Manuel Chaparrón,true
Cultivo de Frijol en San Manuel Chaparrón,Semilla de Frijol de San Manuel Chaparrón,true
Cultivo de Maíz en San Manuel Chaparrón,Abono Orgánico de San Manuel Chaparrón,false
Cultivo de Maíz en San Carlos Alzatate,Semilla de Maíz de San Carlos Alzatate,true
Cultivo de Frijol en San Carlos Alzatate,Semilla de Frijol de San Carlos Alzatate,true
Cultivo de Maíz en San Carlos Alzatate,Abono Orgánico de San Carlos Alzatate,false
Cultivo de Maíz en Monjas,Semilla de Maíz de Monjas,true
Cultivo de Frijol en Monjas,Semilla de Frijol de Monjas,true
Cultivo de Maíz en Monjas,Abono Orgánico de Monjas,false
Cultivo de Maíz en Mataquescuintla,Semilla de Maíz de Mataquescuintla,true
Cultivo de Frijol en Mataquescuintla,Semilla de Frijol de Mataquescuintla,true
Cultivo de Maíz en Mataquescuintla,Abono Orgánico de Mataquescuintla,false
Cultivo de Maíz en Jutiapa,Semilla de Maíz de Jutiapa,true
Cultivo de Frijol en Jutiapa,Semilla de Frijol de Jutiapa,true
Cultivo de Maíz en Jutiapa,Abono Orgánico de Jutiapa,false
Cultivo de Maíz en El Progreso,Semilla de Maíz de El Progreso,true
Cultivo de Frijol en El Progreso,Semilla de Frijol de El Progreso,true
Cultivo de Maíz en El Progreso,Abono Orgánico de El Progreso,false
Cultivo de Maíz en Santa Catarina Mita,Semilla de Maíz de Santa Catarina Mita,true
Cultivo de Frijol en Santa Catarina Mita,Semilla de Frijol de Santa Catarina Mita,true
Cultivo de Maíz en Santa Catarina Mita,Abono Orgánico de Santa Catarina Mita,false
Cultivo de Maíz en Agua Blanca,Semilla de Maíz de Agua Blanca,true
Cultivo de Frijol en Agua Blanca,Semilla de Frijol de Agua Blanca,true
Cultivo de Maíz en Agua Blanca,Abono Orgánico de Agua Blanca,false
Cultivo de Maíz en Asunción Mita,Semilla de Maíz de Asunción Mita,true
Cultivo de Frijol en Asunción Mita,Semilla de Frijol de Asunción Mita,true
Cultivo de Maíz en Asunción Mita,Abono Orgánico de Asunción Mita,false
Cultivo de Maíz en Yupiltepeque,Semilla de Maíz de Yupiltepeque,true
Cultivo de Frijol en Yupiltepeque,Semilla de Frijol de Yupiltepeque,true
Cultivo de Maíz en Yupiltepeque,Abono Orgánico de Yupiltepeque,false
Cultivo de Maíz en Atescatempa,Semilla de Maíz de Atescatempa,true
Cultivo de Frijol en Atescatempa,Semilla de Frijol de Atescatempa,true
Cultivo de Maíz en Atescatempa,Abono Orgánico de Atescatempa,false
Cultivo de Maíz en Jerez,Semilla de Maíz de Jerez,true
Cultivo de Frijol en Jerez,Semilla de Frijol de Jerez,true
Cultivo de Maíz en Jerez,Abono Orgánico de Jerez,false
Cultivo de Maíz en El Adelanto,Semilla de Maíz de El Adelanto,true
Cultivo de Frijol en El Adelanto,Semilla de Frijol de El Adelanto,true
Cultivo de Maíz en El Adelanto,Abono Orgánico de El Adelanto,false
Cultivo de Maíz en Zapotitlán,Semilla de Maíz de Zapotitlán,true
Cultivo de Frijol en Zapotitlán,Semilla de Frijol de Zapotitlán,true
Cultivo de Maíz en Zapotitlán,Abono Orgánico de Zapotitlán,false
Cultivo de Maíz en Comapa,Semilla de Maíz de Comapa,true
Cultivo de Frijol en Comapa,Semilla de Frijol de Comapa,true
Cultivo de Maíz en Comapa,Abono Orgánico de Comapa,false
Cultivo de Maíz en Jalpatagua,Semilla de Maíz de Jalpatagua,true
Cultivo de Frijol en Jalpatagua,Semilla de Frijol de Jalpatagua,true
Cultivo de Maíz en Jalpatagua,Abono Orgánico de Jalpatagua,false
Cultivo de Maíz en Conguaco,Semilla de Maíz de Conguaco,true
Cultivo de Frijol en Conguaco,Semilla de Frijol de Conguaco,true
Cultivo de Maíz en Conguaco,Abono Orgánico de Conguaco,false
Cultivo de Maíz en Moyuta,Semilla de Maíz de Moyuta,true
Cultivo de Frijol en Moyuta,Semilla de Frijol de Moyuta,true
Cultivo de Maíz en Moyuta,Abono Orgánico de Moyuta,false
Cultivo de Maíz en Pasaco,Semilla de Maíz de Pasaco,true
Cultivo de Frijol en Pasaco,Semilla de Frijol de Pasaco,true
Cultivo de Maíz en Pasaco,Abono Orgánico de Pasaco,false
Cultivo de Maíz en San José Acatempa,Semilla de Maíz de San José Acatempa,true
Cultivo de Frijol en San José Acatempa,Semilla de Frijol de San José Acatempa,true
Cultivo de Maíz en San José Acatempa,Abono Orgánico de San José Acatempa,false
Cultivo de Maíz en Quesada,Semilla de Maíz de Quesada,true
Cultivo de Frijol en Quesada,Semilla de Frijol de Quesada,true
Cultivo de Maíz en Quesada,Abono Orgánico de Quesada,false
