origen_municipio_pcode,destino_municipio_pcode,puerto_salida,medio_transporte,distancia_km,tiempo_estimado_horas,producto_principal
GT0100,GT0101,,Terrestre - Camión de Carga,43.00,3.00,Maíz y Frijol Negro
GT0100,GT0101,,Terrestre - Camión de Carga,170.00,2.00,Hortalizas y Artesanías
GT0100,,Puerto Santo Tomás de Castilla,Terrestre - Camión de Carga,468.00,8.00,Café y Cardamomo Especial
GT0101,GT0101,,Terrestre - Camión de Carga,53.00,3.00,Maíz y Frijol Negro
GT0101,GT0101,,Terrestre - Camión de Carga,223.00,7.00,Hortalizas y Artesanías
GT0101,,Puerto Quetzal,Terrestre - Camión de Carga,248.00,11.00,Café y Cardamomo Especial
GT0102,GT0101,,Terrestre - Camión de Carga,41.00,2.00,Maíz y Frijol Negro
GT0102,GT0101,,Terrestre - Camión de Carga,178.00,7.00,Hortalizas y Artesanías
GT0102,,Frontera Tecún Umán,Terrestre - Camión de Carga,397.00,7.00,Café y Cardamomo Especial
GT0103,GT0101,,Terrestre - Camión de Carga,16.00,1.00,Maíz y Frijol Negro
GT0103,GT0101,,Terrestre - Camión de Carga,254.00,3.00,Hortalizas y Artesanías
GT0103,,Frontera El Florido,Terrestre - Camión de Carga,458.00,12.00,Café y Cardamomo Especial
GT0104,GT0101,,Terrestre - Camión de Carga,73.00,1.00,Maíz y Frijol Negro
GT0104,GT0101,,Terrestre - Camión de Carga,109.00,5.00,Hortalizas y Artesanías
GT0104,,Puerto Santo Tomás de Castilla,Terrestre - Camión de Carga,364.00,8.00,Café y Cardamomo Especial
GT0105,GT0101,,Terrestre - Camión de Carga,52.00,2.00,Maíz y Frijol Negro
GT0105,GT0101,,Terrestre - Camión de Carga,102.00,6.00,Hortalizas y Artesanías
GT0105,,Puerto Quetzal,Terrestre - Camión de Carga,314.00,11.00,Café y Cardamomo Especial
GT0106,GT0101,,Terrestre - Camión de Carga,61.00,1.00,Maíz y Frijol Negro
GT0106,GT0101,,Terrestre - Camión de Carga,110.00,5.00,Hortalizas y Artesanías
GT0106,,Frontera Tecún Umán,Terrestre - Camión de Carga,427.00,12.00,Café y Cardamomo Especial
GT0107,GT0101,,Terrestre - Camión de Carga,21.00,2.00,Maíz y Frijol Negro
GT0107,GT0101,,Terrestre - Camión de Carga,204.00,4.00,Hortalizas y Artesanías
GT0107,,Frontera El Florido,Terrestre - Camión de Carga,260.00,12.00,Café y Cardamomo Especial
GT0108,GT0101,,Terrestre - Camión de Carga,12.00,1.00,Maíz y Frijol Negro
GT0108,GT0101,,Terrestre - Camión de Carga,193.00,5.00,Hortalizas y Artesanías
GT0108,,Puerto Santo Tomás de Castilla,Terrestre - Camión de Carga,218.00,5.00,Café y Cardamomo Especial
GT0109,GT0101,,Terrestre - Camión de Carga,21.00,3.00,Maíz y Frijol Negro
GT0109,GT0101,,Terrestre - Camión de Carga,248.00,7.00,Hortalizas y Artesanías
GT0109,,Puerto Quetzal,Terrestre - Camión de Carga,355.00,8.00,Café y Cardamomo Especial
GT0110,GT0101,,Terrestre - Camión de Carga,68.00,2.00,Maíz y Frijol Negro
GT0110,GT0101,,Terrestre - Camión de Carga,183.00,2.00,Hortalizas y Artesanías
GT0110,,Frontera Tecún Umán,Terrestre - Camión de Carga,314.00,12.00,Café y Cardamomo Especial
GT0111,GT0101,,Terrestre - Camión de Carga,52.00,3.00,Maíz y Frijol Negro
GT0111,GT0101,,Terrestre - Camión de Carga,286.00,6.00,Hortalizas y Artesanías
GT0111,,Frontera El Florido,Terrestre - Camión de Carga,442.00,10.00,Café y Cardamomo Especial
GT0112,GT0101,,Terrestre - Camión de Carga,67.00,1.00,Maíz y Frijol Negro
GT0112,GT0101,,Terrestre - Camión de Carga,114.00,7.00,Hortalizas y Artesanías
GT0112,,Puerto Santo Tomás de Castilla,Terrestre - Camión de Carga,313.00,5.00,Café y Cardamomo Especial
GT0113,GT0101,,Terrestre - Camión de Carga,53.00,2.00,Maíz y Frijol Negro
GT0113,GT0101,,Terrestre - Camión de Carga,302.00,7.00,Hortalizas y Artesanías
GT0113,,Puerto Quetzal,Terrestre - Camión de Carga,349.00,10.00,Café y Cardamomo Especial
GT0114,GT0101,,Terrestre - Camión de Carga,23.00,1.00,Maíz y Frijol Negro
GT0114,GT0101,,Terrestre - Camión de Carga,319.00,3.00,Hortalizas y Artesanías
GT0114,,Frontera Tecún Umán,Terrestre - Camión de Carga,452.00,7.00,Café y Cardamomo Especial
GT0115,GT0101,,Terrestre - Camión de Carga,62.00,1.00,Maíz y Frijol Negro
GT0115,GT0101,,Terrestre - Camión de Carga,155.00,6.00,Hortalizas y Artesanías
GT0115,,Frontera El Florido,Terrestre - Camión de Carga,300.00,8.00,Café y Cardamomo Especial
GT0116,GT0101,,Terrestre - Camión de Carga,25.00,2.00,Maíz y Frijol Negro
GT0116,GT0101,,Terrestre - Camión de Carga,145.00,5.00,Hortalizas y Artesanías
GT0116,,Puerto Santo Tomás de Castilla,Terrestre - Camión de Carga,297.00,10.00,Café y Cardamomo Especial
GT0117,GT0101,,Terrestre - Camión de Carga,23.00,2.00,Maíz y Frijol Negro
GT0117,GT0101,,Terrestre - Camión de Carga,101.00,7.00,Hortalizas y Artesanías
GT0117,,Puerto Quetzal,Terrestre - Camión de Carga,263.00,12.00,Café y Cardamomo Especial
GT0201,GT0201,,Terrestre - Camión de Carga,68.00,3.00,Maíz y Frijol Negro
GT0201,GT0101,,Terrestre - Camión de Carga,240.00,6.00,Hortalizas y Artesanías
GT0201,,Frontera Tecún Umán,Terrestre - Camión de Carga,268.00,12.00,Café y Cardamomo Especial
GT0202,GT0201,,Terrestre - Camión de Carga,10.00,3.00,Maíz y Frijol Negro
GT0202,GT0101,,Terrestre - Camión de Carga,278.00,2.00,Hortalizas y Artesanías
GT0202,,Frontera El Florido,Terrestre - Camión de Carga,483.00,11.00,Café y Cardamomo Especial
GT0203,GT0201,,Terrestre - Camión de Carga,71.00,3.00,Maíz y Frijol Negro
GT0203,GT0101,,Terrestre - Camión de Carga,289.00,3.00,Hortalizas y Artesanías
GT0203,,Puerto Santo Tomás de Castilla,Terrestre - Camión de Carga,496.00,7.00,Café y Cardamomo Especial
GT0204,GT0201,,Terrestre - Camión de Carga,26.00,1.00,Maíz y Frijol Negro
GT0204,GT0101,,Terrestre - Camión de Carga,189.00,7.00,Hortalizas y Artesanías
GT0204,,Puerto Quetzal,Terrestre - Camión de Carga,364.00,11.00,Café y Cardamomo Especial
GT0205,GT0201,,Terrestre - Camión de Carga,63.00,3.00,Maíz y Frijol Negro
GT0205,GT0101,,Terrestre - Camión de Carga,267.00,3.00,Hortalizas y Artesanías
GT0205,,Frontera Tecún Umán,Terrestre - Camión de Carga,340.00,11.00,Café y Cardamomo Especial
GT0206,GT0201,,Terrestre - Camión de Carga,53.00,2.00,Maíz y Frijol Negro
GT0206,GT0101,,Terrestre - Camión de Carga,205.00,3.00,Hortalizas y Artesanías
GT0206,,Frontera El Florido,Terrestre - Camión de Carga,270.00,11.00,Café y Cardamomo Especial
GT0207,GT0201,,Terrestre - Camión de Carga,75.00,2.00,Maíz y Frijol Negro
GT0207,GT0101,,Terrestre - Camión de Carga,305.00,7.00,Hortalizas y Artesanías
GT0207,,Puerto Santo Tomás de Castilla,Terrestre - Camión de Carga,480.00,10.00,Café y Cardamomo Especial
GT0208,GT0201,,Terrestre - Camión de Carga,80.00,3.00,Maíz y Frijol Negro
GT0208,GT0101,,Terrestre - Camión de Carga,145.00,3.00,Hortalizas y Artesanías
GT0208,,Puerto Quetzal,Terrestre - Camión de Carga,307.00,9.00,Café y Cardamomo Especial
GT0301,GT0301,,Terrestre - Camión de Carga,54.00,3.00,Maíz y Frijol Negro
GT0301,GT0101,,Terrestre - Camión de Carga,123.00,7.00,Hortalizas y Artesanías
GT0301,,Frontera Tecún Umán,Terrestre - Camión de Carga,291.00,10.00,Café y Cardamomo Especial
GT0302,GT0301,,Terrestre - Camión de Carga,24.00,2.00,Maíz y Frijol Negro
GT0302,GT0101,,Terrestre - Camión de Carga,233.00,5.00,Hortalizas y Artesanías
GT0302,,Frontera El Florido,Terrestre - Camión de Carga,498.00,11.00,Café y Cardamomo Especial
GT0303,GT0301,,Terrestre - Camión de Carga,78.00,2.00,Maíz y Frijol Negro
GT0303,GT0101,,Terrestre - Camión de Carga,314.00,5.00,Hortalizas y Artesanías
GT0303,,Puerto Santo Tomás de Castilla,Terrestre - Camión de Carga,206.00,6.00,Café y Cardamomo Especial
GT0304,GT0301,,Terrestre - Camión de Carga,13.00,2.00,Maíz y Frijol Negro
GT0304,GT0101,,Terrestre - Camión de Carga,127.00,2.00,Hortalizas y Artesanías
GT0304,,Puerto Quetzal,Terrestre - Camión de Carga,228.00,8.00,Café y Cardamomo Especial
GT0305,GT0301,,Terrestre - Camión de Carga,44.00,1.00,Maíz y Frijol Negro
GT0305,GT0101,,Terrestre - Camión de Carga,163.00,7.00,Hortalizas y Artesanías
GT0305,,Frontera Tecún Umán,Terrestre - Camión de Carga,328.00,7.00,Café y Cardamomo Especial
GT0306,GT0301,,Terrestre - Camión de Carga,17.00,3.00,Maíz y Frijol Negro
GT0306,GT0101,,Terrestre - Camión de Carga,290.00,4.00,Hortalizas y Artesanías
GT0306,,Frontera El Florido,Terrestre - Camión de Carga,304.00,5.00,Café y Cardamomo Especial
GT0307,GT0301,,Terrestre - Camión de Carga,55.00,2.00,Maíz y Frijol Negro
GT0307,GT0101,,Terrestre - Camión de Carga,116.00,6.00,Hortalizas y Artesanías
GT0307,,Puerto Santo Tomás de Castilla,Terrestre - Camión de Carga,487.00,8.00,Café y Cardamomo Especial
GT0308,GT0301,,Terrestre - Camión de Carga,59.00,1.00,Maíz y Frijol Negro
GT0308,GT0101,,Terrestre - Camión de Carga,220.00,7.00,Hortalizas y Artesanías
GT0308,,Puerto Quetzal,Terrestre - Camión de Carga,347.00,5.00,Café y Cardamomo Especial
GT0309,GT0301,,Terrestre - Camión de Carga,58.00,2.00,Maíz y Frijol Negro
GT0309,GT0101,,Terrestre - Camión de Carga,196.00,7.00,Hortalizas y Artesanías
GT0309,,Frontera Tecún Umán,Terrestre - Camión de Carga,360.00,5.00,Café y Cardamomo Especial
GT0310,GT0301,,Terrestre - Camión de Carga,11.00,3.00,Maíz y Frijol Negro
GT0310,GT0101,,Terrestre - Camión de Carga,154.00,3.00,Hortalizas y Artesanías
GT0310,,Frontera El Florido,Terrestre - Camión de Carga,426.00,8.00,Café y Cardamomo Especial
GT0311,GT0301,,Terrestre - Camión de Carga,57.00,3.00,Maíz y Frijol Negro
GT0311,GT0101,,Terrestre - Camión de Carga,229.00,7.00,Hortalizas y Artesanías
GT0311,,Puerto Santo Tomás de Castilla,Terrestre - Camión de Carga,300.00,8.00,Café y Cardamomo Especial
GT0312,GT0301,,Terrestre - Camión de Carga,47.00,2.00,Maíz y Frijol Negro
GT0312,GT0101,,Terrestre - Camión de Carga,135.00,7.00,Hortalizas y Artesanías
GT0312,,Puerto Quetzal,Terrestre - Camión de Carga,238.00,7.00,Café y Cardamomo Especial
GT0313,GT0301,,Terrestre - Camión de Carga,32.00,3.00,Maíz y Frijol Negro
GT0313,GT0101,,Terrestre - Camión de Carga,221.00,2.00,Hortalizas y Artesanías
GT0313,,Frontera Tecún Umán,Terrestre - Camión de Carga,393.00,5.00,Café y Cardamomo Especial
GT0314,GT0301,,Terrestre - Camión de Carga,64.00,2.00,Maíz y Frijol Negro
GT0314,GT0101,,Terrestre - Camión de Carga,232.00,4.00,Hortalizas y Artesanías
GT0314,,Frontera El Florido,Terrestre - Camión de Carga,266.00,7.00,Café y Cardamomo Especial
GT0315,GT0301,,Terrestre - Camión de Carga,42.00,1.00,Maíz y Frijol Negro
GT0315,GT0101,,Terrestre - Camión de Carga,174.00,5.00,Hortalizas y Artesanías
GT0315,,Puerto Santo Tomás de Castilla,Terrestre - Camión de Carga,279.00,5.00,Café y Cardamomo Especial
GT0316,GT0301,,Terrestre - Camión de Carga,29.00,2.00,Maíz y Frijol Negro
GT0316,GT0101,,Terrestre - Camión de Carga,242.00,2.00,Hortalizas y Artesanías
GT0316,,Puerto Quetzal,Terrestre - Camión de Carga,354.00,12.00,Café y Cardamomo Especial
GT0401,GT0401,,Terrestre - Camión de Carga,80.00,2.00,Maíz y Frijol Negro
GT0401,GT0101,,Terrestre - Camión de Carga,108.00,7.00,Hortalizas y Artesanías
GT0401,,Frontera Tecún Umán,Terrestre - Camión de Carga,362.00,8.00,Café y Cardamomo Especial
GT0402,GT0401,,Terrestre - Camión de Carga,33.00,3.00,Maíz y Frijol Negro
GT0402,GT0101,,Terrestre - Camión de Carga,107.00,6.00,Hortalizas y Artesanías
GT0402,,Frontera El Florido,Terrestre - Camión de Carga,281.00,11.00,Café y Cardamomo Especial
GT0403,GT0401,,Terrestre - Camión de Carga,79.00,3.00,Maíz y Frijol Negro
GT0403,GT0101,,Terrestre - Camión de Carga,193.00,2.00,Hortalizas y Artesanías
GT0403,,Puerto Santo Tomás de Castilla,Terrestre - Camión de Carga,378.00,8.00,Café y Cardamomo Especial
GT0404,GT0401,,Terrestre - Camión de Carga,37.00,3.00,Maíz y Frijol Negro
GT0404,GT0101,,Terrestre - Camión de Carga,174.00,4.00,Hortalizas y Artesanías
GT0404,,Puerto Quetzal,Terrestre - Camión de Carga,384.00,9.00,Café y Cardamomo Especial
GT0405,GT0401,,Terrestre - Camión de Carga,37.00,3.00,Maíz y Frijol Negro
GT0405,GT0101,,Terrestre - Camión de Carga,225.00,5.00,Hortalizas y Artesanías
GT0405,,Frontera Tecún Umán,Terrestre - Camión de Carga,487.00,5.00,Café y Cardamomo Especial
GT0406,GT0401,,Terrestre - Camión de Carga,24.00,3.00,Maíz y Frijol Negro
GT0406,GT0101,,Terrestre - Camión de Carga,178.00,5.00,Hortalizas y Artesanías
GT0406,,Frontera El Florido,Terrestre - Camión de Carga,323.00,8.00,Café y Cardamomo Especial
GT0407,GT0401,,Terrestre - Camión de Carga,15.00,3.00,Maíz y Frijol Negro
GT0407,GT0101,,Terrestre - Camión de Carga,316.00,4.00,Hortalizas y Artesanías
GT0407,,Puerto Santo Tomás de Castilla,Terrestre - Camión de Carga,395.00,6.00,Café y Cardamomo Especial
GT0408,GT0401,,Terrestre - Camión de Carga,59.00,2.00,Maíz y Frijol Negro
GT0408,GT0101,,Terrestre - Camión de Carga,228.00,7.00,Hortalizas y Artesanías
GT0408,,Puerto Quetzal,Terrestre - Camión de Carga,344.00,5.00,Café y Cardamomo Especial
GT0409,GT0401,,Terrestre - Camión de Carga,76.00,2.00,Maíz y Frijol Negro
GT0409,GT0101,,Terrestre - Camión de Carga,221.00,6.00,Hortalizas y Artesanías
GT0409,,Frontera Tecún Umán,Terrestre - Camión de Carga,428.00,12.00,Café y Cardamomo Especial
GT0410,GT0401,,Terrestre - Camión de Carga,15.00,2.00,Maíz y Frijol Negro
GT0410,GT0101,,Terrestre - Camión de Carga,319.00,7.00,Hortalizas y Artesanías
GT0410,,Frontera El Florido,Terrestre - Camión de Carga,298.00,10.00,Café y Cardamomo Especial
GT0411,GT0401,,Terrestre - Camión de Carga,75.00,1.00,Maíz y Frijol Negro
GT0411,GT0101,,Terrestre - Camión de Carga,114.00,3.00,Hortalizas y Artesanías
GT0411,,Puerto Santo Tomás de Castilla,Terrestre - Camión de Carga,475.00,5.00,Café y Cardamomo Especial
GT0412,GT0401,,Terrestre - Camión de Carga,18.00,1.00,Maíz y Frijol Negro
GT0412,GT0101,,Terrestre - Camión de Carga,261.00,7.00,Hortalizas y Artesanías
GT0412,,Puerto Quetzal,Terrestre - Camión de Carga,309.00,11.00,Café y Cardamomo Especial
GT0413,GT0401,,Terrestre - Camión de Carga,23.00,1.00,Maíz y Frijol Negro
GT0413,GT0101,,Terrestre - Camión de Carga,227.00,7.00,Hortalizas y Artesanías
GT0413,,Frontera Tecún Umán,Terrestre - Camión de Carga,422.00,6.00,Café y Cardamomo Especial
GT0414,GT0401,,Terrestre - Camión de Carga,29.00,1.00,Maíz y Frijol Negro
GT0414,GT0101,,Terrestre - Camión de Carga,207.00,7.00,Hortalizas y Artesanías
GT0414,,Frontera El Florido,Terrestre - Camión de Carga,369.00,5.00,Café y Cardamomo Especial
GT0415,GT0401,,Terrestre - Camión de Carga,21.00,1.00,Maíz y Frijol Negro
GT0415,GT0101,,Terrestre - Camión de Carga,103.00,3.00,Hortalizas y Artesanías
GT0415,,Puerto Santo Tomás de Castilla,Terrestre - Camión de Carga,328.00,6.00,Café y Cardamomo Especial
GT0416,GT0401,,Terrestre - Camión de Carga,39.00,2.00,Maíz y Frijol Negro
GT0416,GT0101,,Terrestre - Camión de Carga,194.00,5.00,Hortalizas y Artesanías
GT0416,,Puerto Quetzal,Terrestre - Camión de Carga,430.00,11.00,Café y Cardamomo Especial
GT0501,GT0501,,Terrestre - Camión de Carga,65.00,2.00,Maíz y Frijol Negro
GT0501,GT0101,,Terrestre - Camión de Carga,94.00,5.00,Hortalizas y Artesanías
GT0501,,Frontera Tecún Umán,Terrestre - Camión de Carga,260.00,5.00,Café y Cardamomo Especial
GT0502,GT0501,,Terrestre - Camión de Carga,18.00,3.00,Maíz y Frijol Negro
GT0502,GT0101,,Terrestre - Camión de Carga,239.00,2.00,Hortalizas y Artesanías
GT0502,,Frontera El Florido,Terrestre - Camión de Carga,237.00,10.00,Café y Cardamomo Especial
GT0503,GT0501,,Terrestre - Camión de Carga,74.00,1.00,Maíz y Frijol Negro
GT0503,GT0101,,Terrestre - Camión de Carga,164.00,7.00,Hortalizas y Artesanías
GT0503,,Puerto Santo Tomás de Castilla,Terrestre - Camión de Carga,354.00,6.00,Café y Cardamomo Especial
GT0504,GT0501,,Terrestre - Camión de Carga,46.00,2.00,Maíz y Frijol Negro
GT0504,GT0101,,Terrestre - Camión de Carga,187.00,5.00,Hortalizas y Artesanías
GT0504,,Puerto Quetzal,Terrestre - Camión de Carga,215.00,12.00,Café y Cardamomo Especial
GT0505,GT0501,,Terrestre - Camión de Carga,30.00,3.00,Maíz y Frijol Negro
GT0505,GT0101,,Terrestre - Camión de Carga,146.00,3.00,Hortalizas y Artesanías
GT0505,,Frontera Tecún Umán,Terrestre - Camión de Carga,400.00,9.00,Café y Cardamomo Especial
GT0506,GT0501,,Terrestre - Camión de Carga,28.00,2.00,Maíz y Frijol Negro
GT0506,GT0101,,Terrestre - Camión de Carga,263.00,7.00,Hortalizas y Artesanías
GT0506,,Frontera El Florido,Terrestre - Camión de Carga,391.00,5.00,Café y Cardamomo Especial
GT0507,GT0501,,Terrestre - Camión de Carga,80.00,3.00,Maíz y Frijol Negro
GT0507,GT0101,,Terrestre - Camión de Carga,126.00,2.00,Hortalizas y Artesanías
GT0507,,Puerto Santo Tomás de Castilla,Terrestre - Camión de Carga,221.00,5.00,Café y Cardamomo Especial
GT0508,GT0501,,Terrestre - Camión de Carga,60.00,3.00,Maíz y Frijol Negro
GT0508,GT0101,,Terrestre - Camión de Carga,230.00,2.00,Hortalizas y Artesanías
GT0508,,Puerto Quetzal,Terrestre - Camión de Carga,356.00,8.00,Café y Cardamomo Especial
GT0509,GT0501,,Terrestre - Camión de Carga,54.00,1.00,Maíz y Frijol Negro
GT0509,GT0101,,Terrestre - Camión de Carga,195.00,7.00,Hortalizas y Artesanías
GT0509,,Frontera Tecún Umán,Terrestre - Camión de Carga,462.00,7.00,Café y Cardamomo Especial
GT0510,GT0501,,Terrestre - Camión de Carga,30.00,1.00,Maíz y Frijol Negro
GT0510,GT0101,,Terrestre - Camión de Carga,146.00,6.00,Hortalizas y Artesanías
GT0510,,Frontera El Florido,Terrestre - Camión de Carga,329.00,8.00,Café y Cardamomo Especial
GT0511,GT0501,,Terrestre - Camión de Carga,24.00,1.00,Maíz y Frijol Negro
GT0511,GT0101,,Terrestre - Camión de Carga,261.00,6.00,Hortalizas y Artesanías
GT0511,,Puerto Santo Tomás de Castilla,Terrestre - Camión de Carga,227.00,12.00,Café y Cardamomo Especial
GT0512,GT0501,,Terrestre - Camión de Carga,80.00,1.00,Maíz y Frijol Negro
GT0512,GT0101,,Terrestre - Camión de Carga,164.00,7.00,Hortalizas y Artesanías
GT0512,,Puerto Quetzal,Terrestre - Camión de Carga,234.00,9.00,Café y Cardamomo Especial
GT0513,GT0501,,Terrestre - Camión de Carga,22.00,1.00,Maíz y Frijol Negro
GT0513,GT0101,,Terrestre - Camión de Carga,275.00,6.00,Hortalizas y Artesanías
GT0513,,Frontera Tecún Umán,Terrestre - Camión de Carga,449.00,10.00,Café y Cardamomo Especial
GT0514,GT0501,,Terrestre - Camión de Carga,55.00,1.00,Maíz y Frijol Negro
GT0514,GT0101,,Terrestre - Camión de Carga,261.00,7.00,Hortalizas y Artesanías
GT0514,,Frontera El Florido,Terrestre - Camión de Carga,320.00,6.00,Café y Cardamomo Especial
GT0601,GT0601,,Terrestre - Camión de Carga,46.00,3.00,Maíz y Frijol Negro
GT0601,GT0101,,Terrestre - Camión de Carga,107.00,3.00,Hortalizas y Artesanías
GT0601,,Puerto Santo Tomás de Castilla,Terrestre - Camión de Carga,362.00,12.00,Café y Cardamomo Especial
GT0602,GT0601,,Terrestre - Camión de Carga,67.00,2.00,Maíz y Frijol Negro
GT0602,GT0101,,Terrestre - Camión de Carga,247.00,7.00,Hortalizas y Artesanías
GT0602,,Puerto Quetzal,Terrestre - Camión de Carga,356.00,7.00,Café y Cardamomo Especial
GT0603,GT0601,,Terrestre - Camión de Carga,56.00,2.00,Maíz y Frijol Negro
GT0603,GT0101,,Terrestre - Camión de Carga,199.00,3.00,Hortalizas y Artesanías
GT0603,,Frontera Tecún Umán,Terrestre - Camión de Carga,202.00,10.00,Café y Cardamomo Especial
GT0604,GT0601,,Terrestre - Camión de Carga,41.00,1.00,Maíz y Frijol Negro
GT0604,GT0101,,Terrestre - Camión de Carga,272.00,7.00,Hortalizas y Artesanías
GT0604,,Frontera El Florido,Terrestre - Camión de Carga,423.00,9.00,Café y Cardamomo Especial
GT0605,GT0601,,Terrestre - Camión de Carga,56.00,1.00,Maíz y Frijol Negro
GT0605,GT0101,,Terrestre - Camión de Carga,263.00,7.00,Hortalizas y Artesanías
GT0605,,Puerto Santo Tomás de Castilla,Terrestre - Camión de Carga,369.00,12.00,Café y Cardamomo Especial
GT0606,GT0601,,Terrestre - Camión de Carga,69.00,2.00,Maíz y Frijol Negro
GT0606,GT0101,,Terrestre - Camión de Carga,181.00,4.00,Hortalizas y Artesanías
GT0606,,Puerto Quetzal,Terrestre - Camión de Carga,449.00,6.00,Café y Cardamomo Especial
GT0607,GT0601,,Terrestre - Camión de Carga,32.00,3.00,Maíz y Frijol Negro
GT0607,GT0101,,Terrestre - Camión de Carga,245.00,2.00,Hortalizas y Artesanías
GT0607,,Frontera Tecún Umán,Terrestre - Camión de Carga,343.00,7.00,Café y Cardamomo Especial
GT0608,GT0601,,Terrestre - Camión de Carga,78.00,1.00,Maíz y Frijol Negro
GT0608,GT0101,,Terrestre - Camión de Carga,157.00,7.00,Hortalizas y Artesanías
GT0608,,Frontera El Florido,Terrestre - Camión de Carga,239.00,6.00,Café y Cardamomo Especial
GT0609,GT0601,,Terrestre - Camión de Carga,12.00,3.00,Maíz y Frijol Negro
GT0609,GT0101,,Terrestre - Camión de Carga,251.00,2.00,Hortalizas y Artesanías
GT0609,,Puerto Santo Tomás de Castilla,Terrestre - Camión de Carga,497.00,11.00,Café y Cardamomo Especial
GT0610,GT0601,,Terrestre - Camión de Carga,37.00,1.00,Maíz y Frijol Negro
GT0610,GT0101,,Terrestre - Camión de Carga,231.00,4.00,Hortalizas y Artesanías
GT0610,,Puerto Quetzal,Terrestre - Camión de Carga,478.00,12.00,Café y Cardamomo Especial
GT0611,GT0601,,Terrestre - Camión de Carga,29.00,2.00,Maíz y Frijol Negro
GT0611,GT0101,,Terrestre - Camión de Carga,190.00,3.00,Hortalizas y Artesanías
GT0611,,Frontera Tecún Umán,Terrestre - Camión de Carga,348.00,7.00,Café y Cardamomo Especial
GT0612,GT0601,,Terrestre - Camión de Carga,69.00,3.00,Maíz y Frijol Negro
GT0612,GT0101,,Terrestre - Camión de Carga,220.00,2.00,Hortalizas y Artesanías
GT0612,,Frontera El Florido,Terrestre - Camión de Carga,403.00,10.00,Café y Cardamomo Especial
GT0613,GT0601,,Terrestre - Camión de Carga,74.00,1.00,Maíz y Frijol Negro
GT0613,GT0101,,Terrestre - Camión de Carga,259.00,3.00,Hortalizas y Artesanías
GT0613,,Puerto Santo Tomás de Castilla,Terrestre - Camión de Carga,284.00,7.00,Café y Cardamomo Especial
GT0614,GT0601,,Terrestre - Camión de Carga,67.00,1.00,Maíz y Frijol Negro
GT0614,GT0101,,Terrestre - Camión de Carga,135.00,6.00,Hortalizas y Artesanías
GT0614,,Puerto Quetzal,Terrestre - Camión de Carga,489.00,7.00,Café y Cardamomo Especial
GT0700,GT0701,,Terrestre - Camión de Carga,71.00,2.00,Maíz y Frijol Negro
GT0700,GT0101,,Terrestre - Camión de Carga,100.00,3.00,Hortalizas y Artesanías
GT0700,,Frontera Tecún Umán,Terrestre - Camión de Carga,449.00,8.00,Café y Cardamomo Especial
GT0701,GT0701,,Terrestre - Camión de Carga,18.00,2.00,Maíz y Frijol Negro
GT0701,GT0101,,Terrestre - Camión de Carga,184.00,3.00,Hortalizas y Artesanías
GT0701,,Frontera El Florido,Terrestre - Camión de Carga,221.00,8.00,Café y Cardamomo Especial
GT0702,GT0701,,Terrestre - Camión de Carga,76.00,2.00,Maíz y Frijol Negro
GT0702,GT0101,,Terrestre - Camión de Carga,189.00,5.00,Hortalizas y Artesanías
GT0702,,Puerto Santo Tomás de Castilla,Terrestre - Camión de Carga,432.00,5.00,Café y Cardamomo Especial
GT0703,GT0701,,Terrestre - Camión de Carga,15.00,3.00,Maíz y Frijol Negro
GT0703,GT0101,,Terrestre - Camión de Carga,172.00,2.00,Hortalizas y Artesanías
GT0703,,Puerto Quetzal,Terrestre - Camión de Carga,466.00,9.00,Café y Cardamomo Especial
GT0704,GT0701,,Terrestre - Camión de Carga,43.00,3.00,Maíz y Frijol Negro
GT0704,GT0101,,Terrestre - Camión de Carga,229.00,6.00,Hortalizas y Artesanías
GT0704,,Frontera Tecún Umán,Terrestre - Camión de Carga,289.00,11.00,Café y Cardamomo Especial
GT0705,GT0701,,Terrestre - Camión de Carga,58.00,2.00,Maíz y Frijol Negro
GT0705,GT0101,,Terrestre - Camión de Carga,240.00,7.00,Hortalizas y Artesanías
GT0705,,Frontera El Florido,Terrestre - Camión de Carga,239.00,9.00,Café y Cardamomo Especial
GT0706,GT0701,,Terrestre - Camión de Carga,58.00,1.00,Maíz y Frijol Negro
GT0706,GT0101,,Terrestre - Camión de Carga,222.00,5.00,Hortalizas y Artesanías
GT0706,,Puerto Santo Tomás de Castilla,Terrestre - Camión de Carga,380.00,10.00,Café y Cardamomo Especial
GT0707,GT0701,,Terrestre - Camión de Carga,72.00,2.00,Maíz y Frijol Negro
GT0707,GT0101,,Terrestre - Camión de Carga,317.00,6.00,Hortalizas y Artesanías
GT0707,,Puerto Quetzal,Terrestre - Camión de Carga,203.00,7.00,Café y Cardamomo Especial
GT0708,GT0701,,Terrestre - Camión de Carga,66.00,1.00,Maíz y Frijol Negro
GT0708,GT0101,,Terrestre - Camión de Carga,148.00,2.00,Hortalizas y Artesanías
GT0708,,Frontera Tecún Umán,Terrestre - Camión de Carga,463.00,9.00,Café y Cardamomo Especial
GT0709,GT0701,,Terrestre - Camión de Carga,37.00,1.00,Maíz y Frijol Negro
GT0709,GT0101,,Terrestre - Camión de Carga,137.00,3.00,Hortalizas y Artesanías
GT0709,,Frontera El Florido,Terrestre - Camión de Carga,385.00,6.00,Café y Cardamomo Especial
GT0710,GT0701,,Terrestre - Camión de Carga,39.00,2.00,Maíz y Frijol Negro
GT0710,GT0101,,Terrestre - Camión de Carga,297.00,4.00,Hortalizas y Artesanías
GT0710,,Puerto Santo Tomás de Castilla,Terrestre - Camión de Carga,258.00,12.00,Café y Cardamomo Especial
GT0711,GT0701,,Terrestre - Camión de Carga,71.00,2.00,Maíz y Frijol Negro
GT0711,GT0101,,Terrestre - Camión de Carga,143.00,6.00,Hortalizas y Artesanías
GT0711,,Puerto Quetzal,Terrestre - Camión de Carga,282.00,11.00,Café y Cardamomo Especial
GT0712,GT0701,,Terrestre - Camión de Carga,12.00,1.00,Maíz y Frijol Negro
GT0712,GT0101,,Terrestre - Camión de Carga,101.00,3.00,Hortalizas y Artesanías
GT0712,,Frontera Tecún Umán,Terrestre - Camión de Carga,493.00,7.00,Café y Cardamomo Especial
GT0713,GT0701,,Terrestre - Camión de Carga,27.00,3.00,Maíz y Frijol Negro
GT0713,GT0101,,Terrestre - Camión de Carga,221.00,2.00,Hortalizas y Artesanías
GT0713,,Frontera El Florido,Terrestre - Camión de Carga,493.00,7.00,Café y Cardamomo Especial
GT0714,GT0701,,Terrestre - Camión de Carga,17.00,1.00,Maíz y Frijol Negro
GT0714,GT0101,,Terrestre - Camión de Carga,156.00,3.00,Hortalizas y Artesanías
GT0714,,Puerto Santo Tomás de Castilla,Terrestre - Camión de Carga,464.00,11.00,Café y Cardamomo Especial
GT0715,GT0701,,Terrestre - Camión de Carga,12.00,3.00,Maíz y Frijol Negro
GT0715,GT0101,,Terrestre - Camión de Carga,276.00,7.00,Hortalizas y Artesanías
GT0715,,Puerto Quetzal,Terrestre - Camión de Carga,345.00,6.00,Café y Cardamomo Especial
GT0716,GT0701,,Terrestre - Camión de Carga,37.00,2.00,Maíz y Frijol Negro
GT0716,GT0101,,Terrestre - Camión de Carga,245.00,5.00,Hortalizas y Artesanías
GT0716,,Frontera Tecún Umán,Terrestre - Camión de Carga,446.00,7.00,Café y Cardamomo Especial
GT0717,GT0701,,Terrestre - Camión de Carga,38.00,2.00,Maíz y Frijol Negro
GT0717,GT0101,,Terrestre - Camión de Carga,243.00,3.00,Hortalizas y Artesanías
GT0717,,Frontera El Florido,Terrestre - Camión de Carga,498.00,7.00,Café y Cardamomo Especial
GT0718,GT0701,,Terrestre - Camión de Carga,75.00,2.00,Maíz y Frijol Negro
GT0718,GT0101,,Terrestre - Camión de Carga,132.00,7.00,Hortalizas y Artesanías
GT0718,,Puerto Santo Tomás de Castilla,Terrestre - Camión de Carga,375.00,12.00,Café y Cardamomo Especial
GT0719,GT0701,,Terrestre - Camión de Carga,18.00,1.00,Maíz y Frijol Negro
GT0719,GT0101,,Terrestre - Camión de Carga,186.00,5.00,Hortalizas y Artesanías
GT0719,,Puerto Quetzal,Terrestre - Camión de Carga,267.00,6.00,Café y Cardamomo Especial
GT0801,GT0801,,Terrestre - Camión de Carga,12.00,1.00,Maíz y Frijol Negro
GT0801,GT0101,,Terrestre - Camión de Carga,223.00,6.00,Hortalizas y Artesanías
GT0801,,Frontera Tecún Umán,Terrestre - Camión de Carga,414.00,7.00,Café y Cardamomo Especial
GT0802,GT0801,,Terrestre - Camión de Carga,22.00,1.00,Maíz y Frijol Negro
GT0802,GT0101,,Terrestre - Camión de Carga,211.00,6.00,Hortalizas y Artesanías
GT0802,,Frontera El Florido,Terrestre - Camión de Carga,219.00,6.00,Café y Cardamomo Especial
GT0803,GT0801,,Terrestre - Camión de Carga,21.00,2.00,Maíz y Frijol Negro
GT0803,GT0101,,Terrestre - Camión de Carga,258.00,3.00,Hortalizas y Artesanías
GT0803,,Puerto Santo Tomás de Castilla,Terrestre - Camión de Carga,476.00,5.00,Café y Cardamomo Especial
GT0804,GT0801,,Terrestre - Camión de Carga,65.00,3.00,Maíz y Frijol Negro
GT0804,GT0101,,Terrestre - Camión de Carga,197.00,4.00,Hortalizas y Artesanías
GT0804,,Puerto Quetzal,Terrestre - Camión de Carga,222.00,11.00,Café y Cardamomo Especial
GT0805,GT0801,,Terrestre - Camión de Carga,39.00,2.00,Maíz y Frijol Negro
GT0805,GT0101,,Terrestre - Camión de Carga,292.00,5.00,Hortalizas y Artesanías
GT0805,,Frontera Tecún Umán,Terrestre - Camión de Carga,379.00,6.00,Café y Cardamomo Especial
GT0806,GT0801,,Terrestre - Camión de Carga,64.00,1.00,Maíz y Frijol Negro
GT0806,GT0101,,Terrestre - Camión de Carga,155.00,5.00,Hortalizas y Artesanías
GT0806,,Frontera El Florido,Terrestre - Camión de Carga,319.00,6.00,Café y Cardamomo Especial
GT0807,GT0801,,Terrestre - Camión de Carga,46.00,3.00,Maíz y Frijol Negro
GT0807,GT0101,,Terrestre - Camión de Carga,314.00,6.00,Hortalizas y Artesanías
GT0807,,Puerto Santo Tomás de Castilla,Terrestre - Camión de Carga,409.00,9.00,Café y Cardamomo Especial
GT0808,GT0801,,Terrestre - Camión de Carga,34.00,1.00,Maíz y Frijol Negro
GT0808,GT0101,,Terrestre - Camión de Carga,271.00,7.00,Hortalizas y Artesanías
GT0808,,Puerto Quetzal,Terrestre - Camión de Carga,203.00,6.00,Café y Cardamomo Especial
GT0901,GT0901,,Terrestre - Camión de Carga,76.00,1.00,Maíz y Frijol Negro
GT0901,GT0101,,Terrestre - Camión de Carga,186.00,7.00,Hortalizas y Artesanías
GT0901,,Frontera Tecún Umán,Terrestre - Camión de Carga,305.00,10.00,Café y Cardamomo Especial
GT0902,GT0901,,Terrestre - Camión de Carga,62.00,2.00,Maíz y Frijol Negro
GT0902,GT0101,,Terrestre - Camión de Carga,117.00,3.00,Hortalizas y Artesanías
GT0902,,Frontera El Florido,Terrestre - Camión de Carga,418.00,9.00,Café y Cardamomo Especial
GT0903,GT0901,,Terrestre - Camión de Carga,43.00,3.00,Maíz y Frijol Negro
GT0903,GT0101,,Terrestre - Camión de Carga,198.00,6.00,Hortalizas y Artesanías
GT0903,,Puerto Santo Tomás de Castilla,Terrestre - Camión de Carga,387.00,9.00,Café y Cardamomo Especial
GT0904,GT0901,,Terrestre - Camión de Carga,60.00,1.00,Maíz y Frijol Negro
GT0904,GT0101,,Terrestre - Camión de Carga,195.00,6.00,Hortalizas y Artesanías
GT0904,,Puerto Quetzal,Terrestre - Camión de Carga,485.00,12.00,Café y Cardamomo Especial
GT0905,GT0901,,Terrestre - Camión de Carga,32.00,2.00,Maíz y Frijol Negro
GT0905,GT0101,,Terrestre - Camión de Carga,233.00,6.00,Hortalizas y Artesanías
GT0905,,Frontera Tecún Umán,Terrestre - Camión de Carga,447.00,9.00,Café y Cardamomo Especial
GT0906,GT0901,,Terrestre - Camión de Carga,49.00,3.00,Maíz y Frijol Negro
GT0906,GT0101,,Terrestre - Camión de Carga,178.00,7.00,Hortalizas y Artesanías
GT0906,,Frontera El Florido,Terrestre - Camión de Carga,403.00,7.00,Café y Cardamomo Especial
GT0907,GT0901,,Terrestre - Camión de Carga,25.00,3.00,Maíz y Frijol Negro
GT0907,GT0101,,Terrestre - Camión de Carga,148.00,5.00,Hortalizas y Artesanías
GT0907,,Puerto Santo Tomás de Castilla,Terrestre - Camión de Carga,282.00,6.00,Café y Cardamomo Especial
GT0908,GT0901,,Terrestre - Camión de Carga,37.00,3.00,Maíz y Frijol Negro
GT0908,GT0101,,Terrestre - Camión de Carga,192.00,4.00,Hortalizas y Artesanías
GT0908,,Puerto Quetzal,Terrestre - Camión de Carga,481.00,5.00,Café y Cardamomo Especial
GT0909,GT0901,,Terrestre - Camión de Carga,30.00,2.00,Maíz y Frijol Negro
GT0909,GT0101,,Terrestre - Camión de Carga,252.00,2.00,Hortalizas y Artesanías
GT0909,,Frontera Tecún Umán,Terrestre - Camión de Carga,246.00,7.00,Café y Cardamomo Especial
GT0910,GT0901,,Terrestre - Camión de Carga,70.00,3.00,Maíz y Frijol Negro
GT0910,GT0101,,Terrestre - Camión de Carga,201.00,2.00,Hortalizas y Artesanías
GT0910,,Frontera El Florido,Terrestre - Camión de Carga,232.00,9.00,Café y Cardamomo Especial
GT0911,GT0901,,Terrestre - Camión de Carga,38.00,2.00,Maíz y Frijol Negro
GT0911,GT0101,,Terrestre - Camión de Carga,110.00,6.00,Hortalizas y Artesanías
GT0911,,Puerto Santo Tomás de Castilla,Terrestre - Camión de Carga,219.00,11.00,Café y Cardamomo Especial
GT0912,GT0901,,Terrestre - Camión de Carga,61.00,3.00,Maíz y Frijol Negro
GT0912,GT0101,,Terrestre - Camión de Carga,257.00,6.00,Hortalizas y Artesanías
GT0912,,Puerto Quetzal,Terrestre - Camión de Carga,346.00,5.00,Café y Cardamomo Especial
GT0913,GT0901,,Terrestre - Camión de Carga,32.00,3.00,Maíz y Frijol Negro
GT0913,GT0101,,Terrestre - Camión de Carga,216.00,5.00,Hortalizas y Artesanías
GT0913,,Frontera Tecún Umán,Terrestre - Camión de Carga,205.00,8.00,Café y Cardamomo Especial
GT0914,GT0901,,Terrestre - Camión de Carga,76.00,2.00,Maíz y Frijol Negro
GT0914,GT0101,,Terrestre - Camión de Carga,139.00,2.00,Hortalizas y Artesanías
GT0914,,Frontera El Florido,Terrestre - Camión de Carga,461.00,8.00,Café y Cardamomo Especial
GT0915,GT0901,,Terrestre - Camión de Carga,31.00,3.00,Maíz y Frijol Negro
GT0915,GT0101,,Terrestre - Camión de Carga,99.00,4.00,Hortalizas y Artesanías
GT0915,,Puerto Santo Tomás de Castilla,Terrestre - Camión de Carga,322.00,5.00,Café y Cardamomo Especial
GT0916,GT0901,,Terrestre - Camión de Carga,30.00,1.00,Maíz y Frijol Negro
GT0916,GT0101,,Terrestre - Camión de Carga,160.00,5.00,Hortalizas y Artesanías
GT0916,,Puerto Quetzal,Terrestre - Camión de Carga,380.00,11.00,Café y Cardamomo Especial
GT0917,GT0901,,Terrestre - Camión de Carga,61.00,3.00,Maíz y Frijol Negro
GT0917,GT0101,,Terrestre - Camión de Carga,141.00,6.00,Hortalizas y Artesanías
GT0917,,Frontera Tecún Umán,Terrestre - Camión de Carga,207.00,6.00,Café y Cardamomo Especial
GT0918,GT0901,,Terrestre - Camión de Carga,21.00,3.00,Maíz y Frijol Negro
GT0918,GT0101,,Terrestre - Camión de Carga,162.00,7.00,Hortalizas y Artesanías
GT0918,,Frontera El Florido,Terrestre - Camión de Carga,486.00,10.00,Café y Cardamomo Especial
GT0919,GT0901,,Terrestre - Camión de Carga,54.00,2.00,Maíz y Frijol Negro
GT0919,GT0101,,Terrestre - Camión de Carga,147.00,6.00,Hortalizas y Artesanías
GT0919,,Puerto Santo Tomás de Castilla,Terrestre - Camión de Carga,299.00,12.00,Café y Cardamomo Especial
GT0920,GT0901,,Terrestre - Camión de Carga,61.00,3.00,Maíz y Frijol Negro
GT0920,GT0101,,Terrestre - Camión de Carga,91.00,4.00,Hortalizas y Artesanías
GT0920,,Puerto Quetzal,Terrestre - Camión de Carga,289.00,11.00,Café y Cardamomo Especial
GT0921,GT0901,,Terrestre - Camión de Carga,74.00,1.00,Maíz y Frijol Negro
GT0921,GT0101,,Terrestre - Camión de Carga,233.00,2.00,Hortalizas y Artesanías
GT0921,,Frontera Tecún Umán,Terrestre - Camión de Carga,457.00,9.00,Café y Cardamomo Especial
GT0922,GT0901,,Terrestre - Camión de Carga,53.00,1.00,Maíz y Frijol Negro
GT0922,GT0101,,Terrestre - Camión de Carga,295.00,6.00,Hortalizas y Artesanías
GT0922,,Frontera El Florido,Terrestre - Camión de Carga,331.00,9.00,Café y Cardamomo Especial
GT0923,GT0901,,Terrestre - Camión de Carga,66.00,2.00,Maíz y Frijol Negro
GT0923,GT0101,,Terrestre - Camión de Carga,234.00,5.00,Hortalizas y Artesanías
GT0923,,Puerto Santo Tomás de Castilla,Terrestre - Camión de Carga,324.00,10.00,Café y Cardamomo Especial
GT0924,GT0901,,Terrestre - Camión de Carga,68.00,3.00,Maíz y Frijol Negro
GT0924,GT0101,,Terrestre - Camión de Carga,207.00,6.00,Hortalizas y Artesanías
GT0924,,Puerto Quetzal,Terrestre - Camión de Carga,214.00,12.00,Café y Cardamomo Especial
GT1001,GT1001,,Terrestre - Camión de Carga,24.00,2.00,Maíz y Frijol Negro
GT1001,GT0101,,Terrestre - Camión de Carga,107.00,5.00,Hortalizas y Artesanías
GT1001,,Frontera Tecún Umán,Terrestre - Camión de Carga,312.00,8.00,Café y Cardamomo Especial
GT1002,GT1001,,Terrestre - Camión de Carga,50.00,2.00,Maíz y Frijol Negro
GT1002,GT0101,,Terrestre - Camión de Carga,180.00,6.00,Hortalizas y Artesanías
GT1002,,Frontera El Florido,Terrestre - Camión de Carga,474.00,5.00,Café y Cardamomo Especial
GT1003,GT1001,,Terrestre - Camión de Carga,43.00,1.00,Maíz y Frijol Negro
GT1003,GT0101,,Terrestre - Camión de Carga,163.00,2.00,Hortalizas y Artesanías
GT1003,,Puerto Santo Tomás de Castilla,Terrestre - Camión de Carga,404.00,10.00,Café y Cardamomo Especial
GT1004,GT1001,,Terrestre - Camión de Carga,19.00,3.00,Maíz y Frijol Negro
GT1004,GT0101,,Terrestre - Camión de Carga,135.00,5.00,Hortalizas y Artesanías
GT1004,,Puerto Quetzal,Terrestre - Camión de Carga,360.00,10.00,Café y Cardamomo Especial
GT1005,GT1001,,Terrestre - Camión de Carga,37.00,3.00,Maíz y Frijol Negro
GT1005,GT0101,,Terrestre - Camión de Carga,158.00,3.00,Hortalizas y Artesanías
GT1005,,Frontera Tecún Umán,Terrestre - Camión de Carga,297.00,12.00,Café y Cardamomo Especial
GT1006,GT1001,,Terrestre - Camión de Carga,35.00,1.00,Maíz y Frijol Negro
GT1006,GT0101,,Terrestre - Camión de Carga,278.00,3.00,Hortalizas y Artesanías
GT1006,,Frontera El Florido,Terrestre - Camión de Carga,335.00,8.00,Café y Cardamomo Especial
GT1007,GT1001,,Terrestre - Camión de Carga,39.00,1.00,Maíz y Frijol Negro
GT1007,GT0101,,Terrestre - Camión de Carga,303.00,3.00,Hortalizas y Artesanías
GT1007,,Puerto Santo Tomás de Castilla,Terrestre - Camión de Carga,382.00,7.00,Café y Cardamomo Especial
GT1008,GT1001,,Terrestre - Camión de Carga,23.00,1.00,Maíz y Frijol Negro
GT1008,GT0101,,Terrestre - Camión de Carga,110.00,7.00,Hortalizas y Artesanías
GT1008,,Puerto Quetzal,Terrestre - Camión de Carga,452.00,5.00,Café y Cardamomo Especial
GT1009,GT1001,,Terrestre - Camión de Carga,79.00,1.00,Maíz y Frijol Negro
GT1009,GT0101,,Terrestre - Camión de Carga,307.00,5.00,Hortalizas y Artesanías
GT1009,,Frontera Tecún Umán,Terrestre - Camión de Carga,390.00,10.00,Café y Cardamomo Especial
GT1010,GT1001,,Terrestre - Camión de Carga,73.00,3.00,Maíz y Frijol Negro
GT1010,GT0101,,Terrestre - Camión de Carga,312.00,4.00,Hortalizas y Artesanías
GT1010,,Frontera El Florido,Terrestre - Camión de Carga,451.00,7.00,Café y Cardamomo Especial
GT1011,GT1001,,Terrestre - Camión de Carga,75.00,2.00,Maíz y Frijol Negro
GT1011,GT0101,,Terrestre - Camión de Carga,191.00,3.00,Hortalizas y Artesanías
GT1011,,Puerto Santo Tomás de Castilla,Terrestre - Camión de Carga,495.00,7.00,Café y Cardamomo Especial
GT1012,GT1001,,Terrestre - Camión de Carga,16.00,3.00,Maíz y Frijol Negro
GT1012,GT0101,,Terrestre - Camión de Carga,294.00,5.00,Hortalizas y Artesanías
GT1012,,Puerto Quetzal,Terrestre - Camión de Carga,444.00,5.00,Café y Cardamomo Especial
GT1013,GT1001,,Terrestre - Camión de Carga,74.00,2.00,Maíz y Frijol Negro
GT1013,GT0101,,Terrestre - Camión de Carga,190.00,7.00,Hortalizas y Artesanías
GT1013,,Frontera Tecún Umán,Terrestre - Camión de Carga,289.00,12.00,Café y Cardamomo Especial
GT1014,GT1001,,Terrestre - Camión de Carga,25.00,3.00,Maíz y Frijol Negro
GT1014,GT0101,,Terrestre - Camión de Carga,222.00,5.00,Hortalizas y Artesanías
GT1014,,Frontera El Florido,Terrestre - Camión de Carga,361.00,5.00,Café y Cardamomo Especial
GT1015,GT1001,,Terrestre - Camión de Carga,11.00,3.00,Maíz y Frijol Negro
GT1015,GT0101,,Terrestre - Camión de Carga,143.00,5.00,Hortalizas y Artesanías
GT1015,,Puerto Santo Tomás de Castilla,Terrestre - Camión de Carga,497.00,6.00,Café y Cardamomo Especial
GT1016,GT1001,,Terrestre - Camión de Carga,51.00,2.00,Maíz y Frijol Negro
GT1016,GT0101,,Terrestre - Camión de Carga,246.00,4.00,Hortalizas y Artesanías
GT1016,,Puerto Quetzal,Terrestre - Camión de Carga,295.00,9.00,Café y Cardamomo Especial
GT1017,GT1001,,Terrestre - Camión de Carga,40.00,2.00,Maíz y Frijol Negro
GT1017,GT0101,,Terrestre - Camión de Carga,210.00,6.00,Hortalizas y Artesanías
GT1017,,Frontera Tecún Umán,Terrestre - Camión de Carga,375.00,10.00,Café y Cardamomo Especial
GT1018,GT1001,,Terrestre - Camión de Carga,33.00,2.00,Maíz y Frijol Negro
GT1018,GT0101,,Terrestre - Camión de Carga,198.00,3.00,Hortalizas y Artesanías
GT1018,,Frontera El Florido,Terrestre - Camión de Carga,414.00,10.00,Café y Cardamomo Especial
GT1019,GT1001,,Terrestre - Camión de Carga,56.00,2.00,Maíz y Frijol Negro
GT1019,GT0101,,Terrestre - Camión de Carga,161.00,5.00,Hortalizas y Artesanías
GT1019,,Puerto Santo Tomás de Castilla,Terrestre - Camión de Carga,292.00,7.00,Café y Cardamomo Especial
GT1020,GT1001,,Terrestre - Camión de Carga,39.00,1.00,Maíz y Frijol Negro
GT1020,GT0101,,Terrestre - Camión de Carga,274.00,4.00,Hortalizas y Artesanías
GT1020,,Puerto Quetzal,Terrestre - Camión de Carga,320.00,11.00,Café y Cardamomo Especial
GT1021,GT1001,,Terrestre - Camión de Carga,58.00,1.00,Maíz y Frijol Negro
GT1021,GT0101,,Terrestre - Camión de Carga,127.00,7.00,Hortalizas y Artesanías
GT1021,,Frontera Tecún Umán,Terrestre - Camión de Carga,276.00,12.00,Café y Cardamomo Especial
GT1101,GT1101,,Terrestre - Camión de Carga,11.00,1.00,Maíz y Frijol Negro
GT1101,GT0101,,Terrestre - Camión de Carga,197.00,5.00,Hortalizas y Artesanías
GT1101,,Frontera El Florido,Terrestre - Camión de Carga,268.00,10.00,Café y Cardamomo Especial
GT1102,GT1101,,Terrestre - Camión de Carga,72.00,2.00,Maíz y Frijol Negro
GT1102,GT0101,,Terrestre - Camión de Carga,154.00,6.00,Hortalizas y Artesanías
GT1102,,Puerto Santo Tomás de Castilla,Terrestre - Camión de Carga,490.00,5.00,Café y Cardamomo Especial
GT1103,GT1101,,Terrestre - Camión de Carga,60.00,1.00,Maíz y Frijol Negro
GT1103,GT0101,,Terrestre - Camión de Carga,266.00,3.00,Hortalizas y Artesanías
GT1103,,Puerto Quetzal,Terrestre - Camión de Carga,230.00,8.00,Café y Cardamomo Especial
GT1104,GT1101,,Terrestre - Camión de Carga,42.00,2.00,Maíz y Frijol Negro
GT1104,GT0101,,Terrestre - Camión de Carga,304.00,7.00,Hortalizas y Artesanías
GT1104,,Frontera Tecún Umán,Terrestre - Camión de Carga,249.00,12.00,Café y Cardamomo Especial
GT1105,GT1101,,Terrestre - Camión de Carga,52.00,2.00,Maíz y Frijol Negro
GT1105,GT0101,,Terrestre - Camión de Carga,182.00,4.00,Hortalizas y Artesanías
GT1105,,Frontera El Florido,Terrestre - Camión de Carga,486.00,9.00,Café y Cardamomo Especial
GT1106,GT1101,,Terrestre - Camión de Carga,54.00,1.00,Maíz y Frijol Negro
GT1106,GT0101,,Terrestre - Camión de Carga,195.00,2.00,Hortalizas y Artesanías
GT1106,,Puerto Santo Tomás de Castilla,Terrestre - Camión de Carga,379.00,8.00,Café y Cardamomo Especial
GT1107,GT1101,,Terrestre - Camión de Carga,78.00,1.00,Maíz y Frijol Negro
GT1107,GT0101,,Terrestre - Camión de Carga,289.00,4.00,Hortalizas y Artesanías
GT1107,,Puerto Quetzal,Terrestre - Camión de Carga,381.00,10.00,Café y Cardamomo Especial
GT1108,GT1101,,Terrestre - Camión de Carga,75.00,2.00,Maíz y Frijol Negro
GT1108,GT0101,,Terrestre - Camión de Carga,288.00,7.00,Hortalizas y Artesanías
GT1108,,Frontera Tecún Umán,Terrestre - Camión de Carga,428.00,6.00,Café y Cardamomo Especial
GT1109,GT1101,,Terrestre - Camión de Carga,58.00,3.00,Maíz y Frijol Negro
GT1109,GT0101,,Terrestre - Camión de Carga,163.00,5.00,Hortalizas y Artesanías
GT1109,,Frontera El Florido,Terrestre - Camión de Carga,274.00,7.00,Café y Cardamomo Especial
GT1201,GT1201,,Terrestre - Camión de Carga,53.00,2.00,Maíz y Frijol Negro
GT1201,GT0101,,Terrestre - Camión de Carga,251.00,6.00,Hortalizas y Artesanías
GT1201,,Puerto Santo Tomás de Castilla,Terrestre - Camión de Carga,492.00,11.00,Café y Cardamomo Especial
GT1202,GT1201,,Terrestre - Camión de Carga,19.00,1.00,Maíz y Frijol Negro
GT1202,GT0101,,Terrestre - Camión de Carga,131.00,4.00,Hortalizas y Artesanías
GT1202,,Puerto Quetzal,Terrestre - Camión de Carga,316.00,10.00,Café y Cardamomo Especial
GT1203,GT1201,,Terrestre - Camión de Carga,50.00,3.00,Maíz y Frijol Negro
GT1203,GT0101,,Terrestre - Camión de Carga,164.00,7.00,Hortalizas y Artesanías
GT1203,,Frontera Tecún Umán,Terrestre - Camión de Carga,336.00,11.00,Café y Cardamomo Especial
GT1204,GT1201,,Terrestre - Camión de Carga,44.00,2.00,Maíz y Frijol Negro
GT1204,GT0101,,Terrestre - Camión de Carga,289.00,4.00,Hortalizas y Artesanías
GT1204,,Frontera El Florido,Terrestre - Camión de Carga,500.00,12.00,Café y Cardamomo Especial
GT1205,GT1201,,Terrestre - Camión de Carga,62.00,1.00,Maíz y Frijol Negro
GT1205,GT0101,,Terrestre - Camión de Carga,137.00,2.00,Hortalizas y Artesanías
GT1205,,Puerto Santo Tomás de Castilla,Terrestre - Camión de Carga,264.00,8.00,Café y Cardamomo Especial
GT1206,GT1201,,Terrestre - Camión de Carga,42.00,3.00,Maíz y Frijol Negro
GT1206,GT0101,,Terrestre - Camión de Carga,269.00,7.00,Hortalizas y Artesanías
GT1206,,Puerto Quetzal,Terrestre - Camión de Carga,240.00,8.00,Café y Cardamomo Especial
GT1207,GT1201,,Terrestre - Camión de Carga,31.00,2.00,Maíz y Frijol Negro
GT1207,GT0101,,Terrestre - Camión de Carga,116.00,2.00,Hortalizas y Artesanías
GT1207,,Frontera Tecún Umán,Terrestre - Camión de Carga,232.00,12.00,Café y Cardamomo Especial
GT1208,GT1201,,Terrestre - Camión de Carga,80.00,1.00,Maíz y Frijol Negro
GT1208,GT0101,,Terrestre - Camión de Carga,96.00,5.00,Hortalizas y Artesanías
GT1208,,Frontera El Florido,Terrestre - Camión de Carga,468.00,6.00,Café y Cardamomo Especial
GT1209,GT1201,,Terrestre - Camión de Carga,23.00,2.00,Maíz y Frijol Negro
GT1209,GT0101,,Terrestre - Camión de Carga,248.00,3.00,Hortalizas y Artesanías
GT1209,,Puerto Santo Tomás de Castilla,Terrestre - Camión de Carga,243.00,11.00,Café y Cardamomo Especial
GT1210,GT1201,,Terrestre - Camión de Carga,49.00,1.00,Maíz y Frijol Negro
GT1210,GT0101,,Terrestre - Camión de Carga,153.00,7.00,Hortalizas y Artesanías
GT1210,,Puerto Quetzal,Terrestre - Camión de Carga,345.00,12.00,Café y Cardamomo Especial
GT1211,GT1201,,Terrestre - Camión de Carga,26.00,1.00,Maíz y Frijol Negro
GT1211,GT0101,,Terrestre - Camión de Carga,224.00,3.00,Hortalizas y Artesanías
GT1211,,Frontera Tecún Umán,Terrestre - Camión de Carga,214.00,5.00,Café y Cardamomo Especial
GT1212,GT1201,,Terrestre - Camión de Carga,55.00,2.00,Maíz y Frijol Negro
GT1212,GT0101,,Terrestre - Camión de Carga,311.00,5.00,Hortalizas y Artesanías
GT1212,,Frontera El Florido,Terrestre - Camión de Carga,439.00,9.00,Café y Cardamomo Especial
GT1213,GT1201,,Terrestre - Camión de Carga,80.00,2.00,Maíz y Frijol Negro
GT1213,GT0101,,Terrestre - Camión de Carga,124.00,7.00,Hortalizas y Artesanías
GT1213,,Puerto Santo Tomás de Castilla,Terrestre - Camión de Carga,476.00,7.00,Café y Cardamomo Especial
GT1214,GT1201,,Terrestre - Camión de Carga,68.00,3.00,Maíz y Frijol Negro
GT1214,GT0101,,Terrestre - Camión de Carga,281.00,7.00,Hortalizas y Artesanías
GT1214,,Puerto Quetzal,Terrestre - Camión de Carga,488.00,11.00,Café y Cardamomo Especial
GT1215,GT1201,,Terrestre - Camión de Carga,77.00,3.00,Maíz y Frijol Negro
GT1215,GT0101,,Terrestre - Camión de Carga,253.00,6.00,Hortalizas y Artesanías
GT1215,,Frontera Tecún Umán,Terrestre - Camión de Carga,358.00,10.00,Café y Cardamomo Especial
GT1216,GT1201,,Terrestre - Camión de Carga,71.00,3.00,Maíz y Frijol Negro
GT1216,GT0101,,Terrestre - Camión de Carga,148.00,2.00,Hortalizas y Artesanías
GT1216,,Frontera El Florido,Terrestre - Camión de Carga,426.00,9.00,Café y Cardamomo Especial
GT1217,GT1201,,Terrestre - Camión de Carga,56.00,2.00,Maíz y Frijol Negro
GT1217,GT0101,,Terrestre - Camión de Carga,156.00,3.00,Hortalizas y Artesanías
GT1217,,Puerto Santo Tomás de Castilla,Terrestre - Camión de Carga,355.00,5.00,Café y Cardamomo Especial
GT1218,GT1201,,Terrestre - Camión de Carga,10.00,3.00,Maíz y Frijol Negro
GT1218,GT0101,,Terrestre - Camión de Carga,298.00,3.00,Hortalizas y Artesanías
GT1218,,Puerto Quetzal,Terrestre - Camión de Carga,376.00,9.00,Café y Cardamomo Especial
GT1219,GT1201,,Terrestre - Camión de Carga,70.00,3.00,Maíz y Frijol Negro
GT1219,GT0101,,Terrestre - Camión de Carga,92.00,7.00,Hortalizas y Artesanías
GT1219,,Frontera Tecún Umán,Terrestre - Camión de Carga,451.00,12.00,Café y Cardamomo Especial
GT1220,GT1201,,Terrestre - Camión de Carga,48.00,1.00,Maíz y Frijol Negro
GT1220,GT0101,,Terrestre - Camión de Carga,286.00,5.00,Hortalizas y Artesanías
GT1220,,Frontera El Florido,Terrestre - Camión de Carga,349.00,8.00,Café y Cardamomo Especial
GT1221,GT1201,,Terrestre - Camión de Carga,10.00,3.00,Maíz y Frijol Negro
GT1221,GT0101,,Terrestre - Camión de Carga,185.00,3.00,Hortalizas y Artesanías
GT1221,,Puerto Santo Tomás de Castilla,Terrestre - Camión de Carga,410.00,11.00,Café y Cardamomo Especial
GT1222,GT1201,,Terrestre - Camión de Carga,60.00,1.00,Maíz y Frijol Negro
GT1222,GT0101,,Terrestre - Camión de Carga,131.00,7.00,Hortalizas y Artesanías
GT1222,,Puerto Quetzal,Terrestre - Camión de Carga,399.00,11.00,Café y Cardamomo Especial
GT1223,GT1201,,Terrestre - Camión de Carga,38.00,2.00,Maíz y Frijol Negro
GT1223,GT0101,,Terrestre - Camión de Carga,110.00,5.00,Hortalizas y Artesanías
GT1223,,Frontera Tecún Umán,Terrestre - Camión de Carga,322.00,9.00,Café y Cardamomo Especial
GT1224,GT1201,,Terrestre - Camión de Carga,46.00,3.00,Maíz y Frijol Negro
GT1224,GT0101,,Terrestre - Camión de Carga,280.00,6.00,Hortalizas y Artesanías
GT1224,,Frontera El Florido,Terrestre - Camión de Carga,337.00,11.00,Café y Cardamomo Especial
GT1225,GT1201,,Terrestre - Camión de Carga,34.00,1.00,Maíz y Frijol Negro
GT1225,GT0101,,Terrestre - Camión de Carga,136.00,3.00,Hortalizas y Artesanías
GT1225,,Puerto Santo Tomás de Castilla,Terrestre - Camión de Carga,348.00,6.00,Café y Cardamomo Especial
GT1226,GT1201,,Terrestre - Camión de Carga,68.00,3.00,Maíz y Frijol Negro
GT1226,GT0101,,Terrestre - Camión de Carga,205.00,4.00,Hortalizas y Artesanías
GT1226,,Puerto Quetzal,Terrestre - Camión de Carga,451.00,8.00,Café y Cardamomo Especial
GT1227,GT1201,,Terrestre - Camión de Carga,51.00,1.00,Maíz y Frijol Negro
GT1227,GT0101,,Terrestre - Camión de Carga,128.00,2.00,Hortalizas y Artesanías
GT1227,,Frontera Tecún Umán,Terrestre - Camión de Carga,473.00,5.00,Café y Cardamomo Especial
GT1228,GT1201,,Terrestre - Camión de Carga,33.00,1.00,Maíz y Frijol Negro
GT1228,GT0101,,Terrestre - Camión de Carga,162.00,4.00,Hortalizas y Artesanías
GT1228,,Frontera El Florido,Terrestre - Camión de Carga,264.00,12.00,Café y Cardamomo Especial
GT1229,GT1201,,Terrestre - Camión de Carga,11.00,1.00,Maíz y Frijol Negro
GT1229,GT0101,,Terrestre - Camión de Carga,113.00,3.00,Hortalizas y Artesanías
GT1229,,Puerto Santo Tomás de Castilla,Terrestre - Camión de Carga,207.00,12.00,Café y Cardamomo Especial
GT1230,GT1201,,Terrestre - Camión de Carga,37.00,2.00,Maíz y Frijol Negro
GT1230,GT0101,,Terrestre - Camión de Carga,197.00,4.00,Hortalizas y Artesanías
GT1230,,Puerto Quetzal,Terrestre - Camión de Carga,455.00,10.00,Café y Cardamomo Especial
GT1301,GT1301,,Terrestre - Camión de Carga,69.00,3.00,Maíz y Frijol Negro
GT1301,GT0101,,Terrestre - Camión de Carga,292.00,2.00,Hortalizas y Artesanías
GT1301,,Frontera Tecún Umán,Terrestre - Camión de Carga,369.00,6.00,Café y Cardamomo Especial
GT1302,GT1301,,Terrestre - Camión de Carga,28.00,1.00,Maíz y Frijol Negro
GT1302,GT0101,,Terrestre - Camión de Carga,158.00,5.00,Hortalizas y Artesanías
GT1302,,Frontera El Florido,Terrestre - Camión de Carga,236.00,12.00,Café y Cardamomo Especial
GT1303,GT1301,,Terrestre - Camión de Carga,33.00,1.00,Maíz y Frijol Negro
GT1303,GT0101,,Terrestre - Camión de Carga,319.00,4.00,Hortalizas y Artesanías
GT1303,,Puerto Santo Tomás de Castilla,Terrestre - Camión de Carga,395.00,5.00,Café y Cardamomo Especial
GT1304,GT1301,,Terrestre - Camión de Carga,25.00,3.00,Maíz y Frijol Negro
GT1304,GT0101,,Terrestre - Camión de Carga,153.00,5.00,Hortalizas y Artesanías
GT1304,,Puerto Quetzal,Terrestre - Camión de Carga,426.00,8.00,Café y Cardamomo Especial
GT1305,GT1301,,Terrestre - Camión de Carga,14.00,1.00,Maíz y Frijol Negro
GT1305,GT0101,,Terrestre - Camión de Carga,207.00,7.00,Hortalizas y Artesanías
GT1305,,Frontera Tecún Umán,Terrestre - Camión de Carga,248.00,8.00,Café y Cardamomo Especial
GT1306,GT1301,,Terrestre - Camión de Carga,70.00,2.00,Maíz y Frijol Negro
GT1306,GT0101,,Terrestre - Camión de Carga,264.00,4.00,Hortalizas y Artesanías
GT1306,,Frontera El Florido,Terrestre - Camión de Carga,365.00,7.00,Café y Cardamomo Especial
GT1307,GT1301,,Terrestre - Camión de Carga,15.00,3.00,Maíz y Frijol Negro
GT1307,GT0101,,Terrestre - Camión de Carga,230.00,6.00,Hortalizas y Artesanías
GT1307,,Puerto Santo Tomás de Castilla,Terrestre - Camión de Carga,262.00,9.00,Café y Cardamomo Especial
GT1308,GT1301,,Terrestre - Camión de Carga,71.00,3.00,Maíz y Frijol Negro
GT1308,GT0101,,Terrestre - Camión de Carga,166.00,3.00,Hortalizas y Artesanías
GT1308,,Puerto Quetzal,Terrestre - Camión de Carga,384.00,5.00,Café y Cardamomo Especial
GT1309,GT1301,,Terrestre - Camión de Carga,37.00,1.00,Maíz y Frijol Negro
GT1309,GT0101,,Terrestre - Camión de Carga,150.00,7.00,Hortalizas y Artesanías
GT1309,,Frontera Tecún Umán,Terrestre - Camión de Carga,422.00,10.00,Café y Cardamomo Especial
GT1310,GT1301,,Terrestre - Camión de Carga,11.00,1.00,Maíz y Frijol Negro
GT1310,GT0101,,Terrestre - Camión de Carga,293.00,4.00,Hortalizas y Artesanías
GT1310,,Frontera El Florido,Terrestre - Camión de Carga,499.00,6.00,Café y Cardamomo Especial
GT1311,GT1301,,Terrestre - Camión de Carga,60.00,1.00,Maíz y Frijol Negro
GT1311,GT0101,,Terrestre - Camión de Carga,92.00,2.00,Hortalizas y Artesanías
GT1311,,Puerto Santo Tomás de Castilla,Terrestre - Camión de Carga,497.00,12.00,Café y Cardamomo Especial
GT1312,GT1301,,Terrestre - Camión de Carga,29.00,2.00,Maíz y Frijol Negro
GT1312,GT0101,,Terrestre - Camión de Carga,287.00,2.00,Hortalizas y Artesanías
GT1312,,Puerto Quetzal,Terrestre - Camión de Carga,327.00,7.00,Café y Cardamomo Especial
GT1313,GT1301,,Terrestre - Camión de Carga,73.00,1.00,Maíz y Frijol Negro
GT1313,GT0101,,Terrestre - Camión de Carga,265.00,6.00,Hortalizas y Artesanías
GT1313,,Frontera Tecún Umán,Terrestre - Camión de Carga,373.00,5.00,Café y Cardamomo Especial
GT1314,GT1301,,Terrestre - Camión de Carga,17.00,2.00,Maíz y Frijol Negro
GT1314,GT0101,,Terrestre - Camión de Carga,255.00,3.00,Hortalizas y Artesanías
GT1314,,Frontera El Florido,Terrestre - Camión de Carga,474.00,6.00,Café y Cardamomo Especial
GT1315,GT1301,,Terrestre - Camión de Carga,26.00,2.00,Maíz y Frijol Negro
GT1315,GT0101,,Terrestre - Camión de Carga,149.00,4.00,Hortalizas y Artesanías
GT1315,,Puerto Santo Tomás de Castilla,Terrestre - Camión de Carga,485.00,10.00,Café y Cardamomo Especial
GT1316,GT1301,,Terrestre - Camión de Carga,66.00,3.00,Maíz y Frijol Negro
GT1316,GT0101,,Terrestre - Camión de Carga,139.00,2.00,Hortalizas y Artesanías
GT1316,,Puerto Quetzal,Terrestre - Camión de Carga,393.00,10.00,Café y Cardamomo Especial
GT1317,GT1301,,Terrestre - Camión de Carga,27.00,2.00,Maíz y Frijol Negro
GT1317,GT0101,,Terrestre - Camión de Carga,320.00,2.00,Hortalizas y Artesanías
GT1317,,Frontera Tecún Umán,Terrestre - Camión de Carga,448.00,12.00,Café y Cardamomo Especial
GT1318,GT1301,,Terrestre - Camión de Carga,47.00,3.00,Maíz y Frijol Negro
GT1318,GT0101,,Terrestre - Camión de Carga,268.00,5.00,Hortalizas y Artesanías
GT1318,,Frontera El Florido,Terrestre - Camión de Carga,297.00,7.00,Café y Cardamomo Especial
GT1319,GT1301,,Terrestre - Camión de Carga,79.00,2.00,Maíz y Frijol Negro
GT1319,GT0101,,Terrestre - Camión de Carga,172.00,7.00,Hortalizas y Artesanías
GT1319,,Puerto Santo Tomás de Castilla,Terrestre - Camión de Carga,439.00,9.00,Café y Cardamomo Especial
GT1320,GT1301,,Terrestre - Camión de Carga,80.00,1.00,Maíz y Frijol Negro
GT1320,GT0101,,Terrestre - Camión de Carga,107.00,6.00,Hortalizas y Artesanías
GT1320,,Puerto Quetzal,Terrestre - Camión de Carga,279.00,12.00,Café y Cardamomo Especial
GT1321,GT1301,,Terrestre - Camión de Carga,47.00,2.00,Maíz y Frijol Negro
GT1321,GT0101,,Terrestre - Camión de Carga,228.00,4.00,Hortalizas y Artesanías
GT1321,,Frontera Tecún Umán,Terrestre - Camión de Carga,432.00,5.00,Café y Cardamomo Especial
GT1322,GT1301,,Terrestre - Camión de Carga,74.00,2.00,Maíz y Frijol Negro
GT1322,GT0101,,Terrestre - Camión de Carga,277.00,3.00,Hortalizas y Artesanías
GT1322,,Frontera El Florido,Terrestre - Camión de Carga,209.00,10.00,Café y Cardamomo Especial
GT1323,GT1301,,Terrestre - Camión de Carga,40.00,2.00,Maíz y Frijol Negro
GT1323,GT0101,,Terrestre - Camión de Carga,274.00,2.00,Hortalizas y Artesanías
GT1323,,Puerto Santo Tomás de Castilla,Terrestre - Camión de Carga,475.00,11.00,Café y Cardamomo Especial
GT1324,GT1301,,Terrestre - Camión de Carga,34.00,3.00,Maíz y Frijol Negro
GT1324,GT0101,,Terrestre - Camión de Carga,264.00,5.00,Hortalizas y Artesanías
GT1324,,Puerto Quetzal,Terrestre - Camión de Carga,482.00,7.00,Café y Cardamomo Especial
GT1325,GT1301,,Terrestre - Camión de Carga,46.00,2.00,Maíz y Frijol Negro
GT1325,GT0101,,Terrestre - Camión de Carga,194.00,7.00,Hortalizas y Artesanías
GT1325,,Frontera Tecún Umán,Terrestre - Camión de Carga,364.00,6.00,Café y Cardamomo Especial
GT1326,GT1301,,Terrestre - Camión de Carga,22.00,3.00,Maíz y Frijol Negro
GT1326,GT0101,,Terrestre - Camión de Carga,258.00,2.00,Hortalizas y Artesanías
GT1326,,Frontera El Florido,Terrestre - Camión de Carga,222.00,7.00,Café y Cardamomo Especial
GT1327,GT1301,,Terrestre - Camión de Carga,32.00,1.00,Maíz y Frijol Negro
GT1327,GT0101,,Terrestre - Camión de Carga,141.00,2.00,Hortalizas y Artesanías
GT1327,,Puerto Santo Tomás de Castilla,Terrestre - Camión de Carga,448.00,8.00,Café y Cardamomo Especial
GT1328,GT1301,,Terrestre - Camión de Carga,22.00,1.00,Maíz y Frijol Negro
GT1328,GT0101,,Terrestre - Camión de Carga,236.00,7.00,Hortalizas y Artesanías
GT1328,,Puerto Quetzal,Terrestre - Camión de Carga,398.00,12.00,Café y Cardamomo Especial
GT1329,GT1301,,Terrestre - Camión de Carga,77.00,3.00,Maíz y Frijol Negro
GT1329,GT0101,,Terrestre - Camión de Carga,269.00,6.00,Hortalizas y Artesanías
GT1329,,Frontera Tecún Umán,Terrestre - Camión de Carga,331.00,5.00,Café y Cardamomo Especial
GT1330,GT1301,,Terrestre - Camión de Carga,56.00,1.00,Maíz y Frijol Negro
GT1330,GT0101,,Terrestre - Camión de Carga,245.00,7.00,Hortalizas y Artesanías
GT1330,,Frontera El Florido,Terrestre - Camión de Carga,236.00,5.00,Café y Cardamomo Especial
GT1331,GT1301,,Terrestre - Camión de Carga,36.00,3.00,Maíz y Frijol Negro
GT1331,GT0101,,Terrestre - Camión de Carga,215.00,2.00,Hortalizas y Artesanías
GT1331,,Puerto Santo Tomás de Castilla,Terrestre - Camión de Carga,439.00,5.00,Café y Cardamomo Especial
GT1332,GT1301,,Terrestre - Camión de Carga,56.00,3.00,Maíz y Frijol Negro
GT1332,GT0101,,Terrestre - Camión de Carga,280.00,5.00,Hortalizas y Artesanías
GT1332,,Puerto Quetzal,Terrestre - Camión de Carga,388.00,5.00,Café y Cardamomo Especial
GT1333,GT1301,,Terrestre - Camión de Carga,44.00,3.00,Maíz y Frijol Negro
GT1333,GT0101,,Terrestre - Camión de Carga,100.00,7.00,Hortalizas y Artesanías
GT1333,,Frontera Tecún Umán,Terrestre - Camión de Carga,236.00,9.00,Café y Cardamomo Especial
GT1401,GT1401,,Terrestre - Camión de Carga,19.00,1.00,Maíz y Frijol Negro
GT1401,GT0101,,Terrestre - Camión de Carga,222.00,2.00,Hortalizas y Artesanías
GT1401,,Frontera El Florido,Terrestre - Camión de Carga,251.00,8.00,Café y Cardamomo Especial
GT1402,GT1401,,Terrestre - Camión de Carga,78.00,2.00,Maíz y Frijol Negro
GT1402,GT0101,,Terrestre - Camión de Carga,138.00,3.00,Hortalizas y Artesanías
GT1402,,Puerto Santo Tomás de Castilla,Terrestre - Camión de Carga,469.00,8.00,Café y Cardamomo Especial
GT1403,GT1401,,Terrestre - Camión de Carga,32.00,3.00,Maíz y Frijol Negro
GT1403,GT0101,,Terrestre - Camión de Carga,281.00,6.00,Hortalizas y Artesanías
GT1403,,Puerto Quetzal,Terrestre - Camión de Carga,412.00,6.00,Café y Cardamomo Especial
GT1404,GT1401,,Terrestre - Camión de Carga,55.00,3.00,Maíz y Frijol Negro
GT1404,GT0101,,Terrestre - Camión de Carga,207.00,7.00,Hortalizas y Artesanías
GT1404,,Frontera Tecún Umán,Terrestre - Camión de Carga,418.00,6.00,Café y Cardamomo Especial
GT1405,GT1401,,Terrestre - Camión de Carga,31.00,1.00,Maíz y Frijol Negro
GT1405,GT0101,,Terrestre - Camión de Carga,230.00,5.00,Hortalizas y Artesanías
GT1405,,Frontera El Florido,Terrestre - Camión de Carga,458.00,10.00,Café y Cardamomo Especial
GT1406,GT1401,,Terrestre - Camión de Carga,30.00,3.00,Maíz y Frijol Negro
GT1406,GT0101,,Terrestre - Camión de Carga,243.00,5.00,Hortalizas y Artesanías
GT1406,,Puerto Santo Tomás de Castilla,Terrestre - Camión de Carga,380.00,10.00,Café y Cardamomo Especial
GT1407,GT1401,,Terrestre - Camión de Carga,80.00,2.00,Maíz y Frijol Negro
GT1407,GT0101,,Terrestre - Camión de Carga,306.00,4.00,Hortalizas y Artesanías
GT1407,,Puerto Quetzal,Terrestre - Camión de Carga,411.00,11.00,Café y Cardamomo Especial
GT1408,GT1401,,Terrestre - Camión de Carga,51.00,3.00,Maíz y Frijol Negro
GT1408,GT0101,,Terrestre - Camión de Carga,151.00,6.00,Hortalizas y Artesanías
GT1408,,Frontera Tecún Umán,Terrestre - Camión de Carga,479.00,8.00,Café y Cardamomo Especial
GT1409,GT1401,,Terrestre - Camión de Carga,58.00,3.00,Maíz y Frijol Negro
GT1409,GT0101,,Terrestre - Camión de Carga,280.00,4.00,Hortalizas y Artesanías
GT1409,,Frontera El Florido,Terrestre - Camión de Carga,384.00,12.00,Café y Cardamomo Especial
GT1410,GT1401,,Terrestre - Camión de Carga,67.00,2.00,Maíz y Frijol Negro
GT1410,GT0101,,Terrestre - Camión de Carga,90.00,7.00,Hortalizas y Artesanías
GT1410,,Puerto Santo Tomás de Castilla,Terrestre - Camión de Carga,217.00,9.00,Café y Cardamomo Especial
GT1411,GT1401,,Terrestre - Camión de Carga,12.00,3.00,Maíz y Frijol Negro
GT1411,GT0101,,Terrestre - Camión de Carga,124.00,4.00,Hortalizas y Artesanías
GT1411,,Puerto Quetzal,Terrestre - Camión de Carga,203.00,9.00,Café y Cardamomo Especial
GT1412,GT1401,,Terrestre - Camión de Carga,38.00,1.00,Maíz y Frijol Negro
GT1412,GT0101,,Terrestre - Camión de Carga,309.00,4.00,Hortalizas y Artesanías
GT1412,,Frontera Tecún Umán,Terrestre - Camión de Carga,211.00,9.00,Café y Cardamomo Especial
GT1413,GT1401,,Terrestre - Camión de Carga,80.00,3.00,Maíz y Frijol Negro
GT1413,GT0101,,Terrestre - Camión de Carga,232.00,6.00,Hortalizas y Artesanías
GT1413,,Frontera El Florido,Terrestre - Camión de Carga,492.00,7.00,Café y Cardamomo Especial
GT1414,GT1401,,Terrestre - Camión de Carga,22.00,1.00,Maíz y Frijol Negro
GT1414,GT0101,,Terrestre - Camión de Carga,207.00,4.00,Hortalizas y Artesanías
GT1414,,Puerto Santo Tomás de Castilla,Terrestre - Camión de Carga,279.00,7.00,Café y Cardamomo Especial
GT1415,GT1401,,Terrestre - Camión de Carga,43.00,2.00,Maíz y Frijol Negro
GT1415,GT0101,,Terrestre - Camión de Carga,317.00,6.00,Hortalizas y Artesanías
GT1415,,Puerto Quetzal,Terrestre - Camión de Carga,327.00,8.00,Café y Cardamomo Especial
GT1416,GT1401,,Terrestre - Camión de Carga,42.00,2.00,Maíz y Frijol Negro
GT1416,GT0101,,Terrestre - Camión de Carga,113.00,6.00,Hortalizas y Artesanías
GT1416,,Frontera Tecún Umán,Terrestre - Camión de Carga,404.00,8.00,Café y Cardamomo Especial
GT1417,GT1401,,Terrestre - Camión de Carga,19.00,3.00,Maíz y Frijol Negro
GT1417,GT0101,,Terrestre - Camión de Carga,173.00,5.00,Hortalizas y Artesanías
GT1417,,Frontera El Florido,Terrestre - Camión de Carga,288.00,12.00,Café y Cardamomo Especial
GT1418,GT1401,,Terrestre - Camión de Carga,22.00,3.00,Maíz y Frijol Negro
GT1418,GT0101,,Terrestre - Camión de Carga,254.00,4.00,Hortalizas y Artesanías
GT1418,,Puerto Santo Tomás de Castilla,Terrestre - Camión de Carga,219.00,11.00,Café y Cardamomo Especial
GT1419,GT1401,,Terrestre - Camión de Carga,20.00,1.00,Maíz y Frijol Negro
GT1419,GT0101,,Terrestre - Camión de Carga,287.00,4.00,Hortalizas y Artesanías
GT1419,,Puerto Quetzal,Terrestre - Camión de Carga,378.00,11.00,Café y Cardamomo Especial
GT1420,GT1401,,Terrestre - Camión de Carga,63.00,1.00,Maíz y Frijol Negro
GT1420,GT0101,,Terrestre - Camión de Carga,312.00,3.00,Hortalizas y Artesanías
GT1420,,Frontera Tecún Umán,Terrestre - Camión de Carga,205.00,11.00,Café y Cardamomo Especial
GT1421,GT1401,,Terrestre - Camión de Carga,16.00,2.00,Maíz y Frijol Negro
GT1421,GT0101,,Terrestre - Camión de Carga,224.00,2.00,Hortalizas y Artesanías
GT1421,,Frontera El Florido,Terrestre - Camión de Carga,363.00,7.00,Café y Cardamomo Especial
GT1501,GT1501,,Terrestre - Camión de Carga,51.00,3.00,Maíz y Frijol Negro
GT1501,GT0101,,Terrestre - Camión de Carga,268.00,3.00,Hortalizas y Artesanías
GT1501,,Puerto Santo Tomás de Castilla,Terrestre - Camión de Carga,278.00,5.00,Café y Cardamomo Especial
GT1502,GT1501,,Terrestre - Camión de Carga,60.00,2.00,Maíz y Frijol Negro
GT1502,GT0101,,Terrestre - Camión de Carga,282.00,6.00,Hortalizas y Artesanías
GT1502,,Puerto Quetzal,Terrestre - Camión de Carga,494.00,6.00,Café y Cardamomo Especial
GT1503,GT1501,,Terrestre - Camión de Carga,38.00,2.00,Maíz y Frijol Negro
GT1503,GT0101,,Terrestre - Camión de Carga,164.00,5.00,Hortalizas y Artesanías
GT1503,,Frontera Tecún Umán,Terrestre - Camión de Carga,275.00,7.00,Café y Cardamomo Especial
GT1504,GT1501,,Terrestre - Camión de Carga,53.00,1.00,Maíz y Frijol Negro
GT1504,GT0101,,Terrestre - Camión de Carga,211.00,6.00,Hortalizas y Artesanías
GT1504,,Frontera El Florido,Terrestre - Camión de Carga,225.00,11.00,Café y Cardamomo Especial
GT1505,GT1501,,Terrestre - Camión de Carga,43.00,1.00,Maíz y Frijol Negro
GT1505,GT0101,,Terrestre - Camión de Carga,192.00,6.00,Hortalizas y Artesanías
GT1505,,Puerto Santo Tomás de Castilla,Terrestre - Camión de Carga,422.00,7.00,Café y Cardamomo Especial
GT1506,GT1501,,Terrestre - Camión de Carga,27.00,2.00,Maíz y Frijol Negro
GT1506,GT0101,,Terrestre - Camión de Carga,233.00,3.00,Hortalizas y Artesanías
GT1506,,Puerto Quetzal,Terrestre - Camión de Carga,449.00,11.00,Café y Cardamomo Especial
GT1507,GT1501,,Terrestre - Camión de Carga,35.00,3.00,Maíz y Frijol Negro
GT1507,GT0101,,Terrestre - Camión de Carga,247.00,7.00,Hortalizas y Artesanías
GT1507,,Frontera Tecún Umán,Terrestre - Camión de Carga,468.00,8.00,Café y Cardamomo Especial
GT1508,GT1501,,Terrestre - Camión de Carga,41.00,1.00,Maíz y Frijol Negro
GT1508,GT0101,,Terrestre - Camión de Carga,158.00,5.00,Hortalizas y Artesanías
GT1508,,Frontera El Florido,Terrestre - Camión de Carga,365.00,6.00,Café y Cardamomo Especial
GT1601,GT1601,,Terrestre - Camión de Carga,24.00,3.00,Maíz y Frijol Negro
GT1601,GT0101,,Terrestre - Camión de Carga,195.00,5.00,Hortalizas y Artesanías
GT1601,,Puerto Santo Tomás de Castilla,Terrestre - Camión de Carga,387.00,10.00,Café y Cardamomo Especial
GT1602,GT1601,,Terrestre - Camión de Carga,34.00,2.00,Maíz y Frijol Negro
GT1602,GT0101,,Terrestre - Camión de Carga,178.00,6.00,Hortalizas y Artesanías
GT1602,,Puerto Quetzal,Terrestre - Camión de Carga,212.00,9.00,Café y Cardamomo Especial
GT1603,GT1601,,Terrestre - Camión de Carga,31.00,2.00,Maíz y Frijol Negro
GT1603,GT0101,,Terrestre - Camión de Carga,247.00,5.00,Hortalizas y Artesanías
GT1603,,Frontera Tecún Umán,Terrestre - Camión de Carga,274.00,12.00,Café y Cardamomo Especial
GT1604,GT1601,,Terrestre - Camión de Carga,15.00,1.00,Maíz y Frijol Negro
GT1604,GT0101,,Terrestre - Camión de Carga,141.00,7.00,Hortalizas y Artesanías
GT1604,,Frontera El Florido,Terrestre - Camión de Carga,391.00,7.00,Café y Cardamomo Especial
GT1605,GT1601,,Terrestre - Camión de Carga,20.00,1.00,Maíz y Frijol Negro
GT1605,GT0101,,Terrestre - Camión de Carga,279.00,2.00,Hortalizas y Artesanías
GT1605,,Puerto Santo Tomás de Castilla,Terrestre - Camión de Carga,324.00,7.00,Café y Cardamomo Especial
GT1606,GT1601,,Terrestre - Camión de Carga,46.00,1.00,Maíz y Frijol Negro
GT1606,GT0101,,Terrestre - Camión de Carga,177.00,7.00,Hortalizas y Artesanías
GT1606,,Puerto Quetzal,Terrestre - Camión de Carga,256.00,9.00,Café y Cardamomo Especial
GT1607,GT1601,,Terrestre - Camión de Carga,67.00,2.00,Maíz y Frijol Negro
GT1607,GT0101,,Terrestre - Camión de Carga,95.00,4.00,Hortalizas y Artesanías
GT1607,,Frontera Tecún Umán,Terrestre - Camión de Carga,307.00,8.00,Café y Cardamomo Especial
GT1608,GT1601,,Terrestre - Camión de Carga,36.00,3.00,Maíz y Frijol Negro
GT1608,GT0101,,Terrestre - Camión de Carga,223.00,4.00,Hortalizas y Artesanías
GT1608,,Frontera El Florido,Terrestre - Camión de Carga,480.00,12.00,Café y Cardamomo Especial
GT1609,GT1601,,Terrestre - Camión de Carga,28.00,3.00,Maíz y Frijol Negro
GT1609,GT0101,,Terrestre - Camión de Carga,268.00,7.00,Hortalizas y Artesanías
GT1609,,Puerto Santo Tomás de Castilla,Terrestre - Camión de Carga,209.00,11.00,Café y Cardamomo Especial
GT1610,GT1601,,Terrestre - Camión de Carga,77.00,1.00,Maíz y Frijol Negro
GT1610,GT0101,,Terrestre - Camión de Carga,155.00,3.00,Hortalizas y Artesanías
GT1610,,Puerto Quetzal,Terrestre - Camión de Carga,230.00,9.00,Café y Cardamomo Especial
GT1611,GT1601,,Terrestre - Camión de Carga,35.00,3.00,Maíz y Frijol Negro
GT1611,GT0101,,Terrestre - Camión de Carga,248.00,4.00,Hortalizas y Artesanías
GT1611,,Frontera Tecún Umán,Terrestre - Camión de Carga,227.00,12.00,Café y Cardamomo Especial
GT1612,GT1601,,Terrestre - Camión de Carga,11.00,1.00,Maíz y Frijol Negro
GT1612,GT0101,,Terrestre - Camión de Carga,189.00,7.00,Hortalizas y Artesanías
GT1612,,Frontera El Florido,Terrestre - Camión de Carga,338.00,10.00,Café y Cardamomo Especial
GT1613,GT1601,,Terrestre - Camión de Carga,23.00,1.00,Maíz y Frijol Negro
GT1613,GT0101,,Terrestre - Camión de Carga,164.00,7.00,Hortalizas y Artesanías
GT1613,,Puerto Santo Tomás de Castilla,Terrestre - Camión de Carga,397.00,8.00,Café y Cardamomo Especial
GT1614,GT1601,,Terrestre - Camión de Carga,58.00,3.00,Maíz y Frijol Negro
GT1614,GT0101,,Terrestre - Camión de Carga,271.00,2.00,Hortalizas y Artesanías
GT1614,,Puerto Quetzal,Terrestre - Camión de Carga,361.00,12.00,Café y Cardamomo Especial
GT1615,GT1601,,Terrestre - Camión de Carga,78.00,1.00,Maíz y Frijol Negro
GT1615,GT0101,,Terrestre - Camión de Carga,137.00,3.00,Hortalizas y Artesanías
GT1615,,Frontera Tecún Umán,Terrestre - Camión de Carga,456.00,12.00,Café y Cardamomo Especial
GT1616,GT1601,,Terrestre - Camión de Carga,12.00,1.00,Maíz y Frijol Negro
GT1616,GT0101,,Terrestre - Camión de Carga,153.00,6.00,Hortalizas y Artesanías
GT1616,,Frontera El Florido,Terrestre - Camión de Carga,356.00,10.00,Café y Cardamomo Especial
GT1617,GT1601,,Terrestre - Camión de Carga,72.00,2.00,Maíz y Frijol Negro
GT1617,GT0101,,Terrestre - Camión de Carga,280.00,3.00,Hortalizas y Artesanías
GT1617,,Puerto Santo Tomás de Castilla,Terrestre - Camión de Carga,209.00,10.00,Café y Cardamomo Especial
GT1701,GT1701,,Terrestre - Camión de Carga,55.00,2.00,Maíz y Frijol Negro
GT1701,GT0101,,Terrestre - Camión de Carga,250.00,4.00,Hortalizas y Artesanías
GT1701,,Puerto Quetzal,Terrestre - Camión de Carga,320.00,9.00,Café y Cardamomo Especial
GT1702,GT1701,,Terrestre - Camión de Carga,17.00,3.00,Maíz y Frijol Negro
GT1702,GT0101,,Terrestre - Camión de Carga,155.00,5.00,Hortalizas y Artesanías
GT1702,,Frontera Tecún Umán,Terrestre - Camión de Carga,215.00,9.00,Café y Cardamomo Especial
GT1703,GT1701,,Terrestre - Camión de Carga,38.00,1.00,Maíz y Frijol Negro
GT1703,GT0101,,Terrestre - Camión de Carga,177.00,5.00,Hortalizas y Artesanías
GT1703,,Frontera El Florido,Terrestre - Camión de Carga,270.00,6.00,Café y Cardamomo Especial
GT1704,GT1701,,Terrestre - Camión de Carga,58.00,3.00,Maíz y Frijol Negro
GT1704,GT0101,,Terrestre - Camión de Carga,263.00,6.00,Hortalizas y Artesanías
GT1704,,Puerto Santo Tomás de Castilla,Terrestre - Camión de Carga,316.00,11.00,Café y Cardamomo Especial
GT1705,GT1701,,Terrestre - Camión de Carga,40.00,3.00,Maíz y Frijol Negro
GT1705,GT0101,,Terrestre - Camión de Carga,129.00,5.00,Hortalizas y Artesanías
GT1705,,Puerto Quetzal,Terrestre - Camión de Carga,359.00,10.00,Café y Cardamomo Especial
GT1706,GT1701,,Terrestre - Camión de Carga,67.00,3.00,Maíz y Frijol Negro
GT1706,GT0101,,Terrestre - Camión de Carga,123.00,3.00,Hortalizas y Artesanías
GT1706,,Frontera Tecún Umán,Terrestre - Camión de Carga,270.00,8.00,Café y Cardamomo Especial
GT1707,GT1701,,Terrestre - Camión de Carga,27.00,2.00,Maíz y Frijol Negro
GT1707,GT0101,,Terrestre - Camión de Carga,266.00,7.00,Hortalizas y Artesanías
GT1707,,Frontera El Florido,Terrestre - Camión de Carga,468.00,7.00,Café y Cardamomo Especial
GT1708,GT1701,,Terrestre - Camión de Carga,65.00,1.00,Maíz y Frijol Negro
GT1708,GT0101,,Terrestre - Camión de Carga,257.00,6.00,Hortalizas y Artesanías
GT1708,,Puerto Santo Tomás de Castilla,Terrestre - Camión de Carga,280.00,10.00,Café y Cardamomo Especial
GT1709,GT1701,,Terrestre - Camión de Carga,18.00,3.00,Maíz y Frijol Negro
GT1709,GT0101,,Terrestre - Camión de Carga,226.00,7.00,Hortalizas y Artesanías
GT1709,,Puerto Quetzal,Terrestre - Camión de Carga,260.00,7.00,Café y Cardamomo Especial
GT1710,GT1701,,Terrestre - Camión de Carga,50.00,1.00,Maíz y Frijol Negro
GT1710,GT0101,,Terrestre - Camión de Carga,276.00,2.00,Hortalizas y Artesanías
GT1710,,Frontera Tecún Umán,Terrestre - Camión de Carga,363.00,11.00,Café y Cardamomo Especial
GT1711,GT1701,,Terrestre - Camión de Carga,62.00,2.00,Maíz y Frijol Negro
GT1711,GT0101,,Terrestre - Camión de Carga,203.00,7.00,Hortalizas y Artesanías
GT1711,,Frontera El Florido,Terrestre - Camión de Carga,340.00,7.00,Café y Cardamomo Especial
GT1712,GT1701,,Terrestre - Camión de Carga,34.00,1.00,Maíz y Frijol Negro
GT1712,GT0101,,Terrestre - Camión de Carga,123.00,3.00,Hortalizas y Artesanías
GT1712,,Puerto Santo Tomás de Castilla,Terrestre - Camión de Carga,213.00,9.00,Café y Cardamomo Especial
GT1713,GT1701,,Terrestre - Camión de Carga,39.00,3.00,Maíz y Frijol Negro
GT1713,GT0101,,Terrestre - Camión de Carga,149.00,3.00,Hortalizas y Artesanías
GT1713,,Puerto Quetzal,Terrestre - Camión de Carga,213.00,10.00,Café y Cardamomo Especial
GT1714,GT1701,,Terrestre - Camión de Carga,20.00,3.00,Maíz y Frijol Negro
GT1714,GT0101,,Terrestre - Camión de Carga,289.00,5.00,Hortalizas y Artesanías
GT1714,,Frontera Tecún Umán,Terrestre - Camión de Carga,268.00,12.00,Café y Cardamomo Especial
GT1801,GT1801,,Terrestre - Camión de Carga,57.00,1.00,Maíz y Frijol Negro
GT1801,GT0101,,Terrestre - Camión de Carga,308.00,5.00,Hortalizas y Artesanías
GT1801,,Frontera El Florido,Terrestre - Camión de Carga,451.00,12.00,Café y Cardamomo Especial
GT1802,GT1801,,Terrestre - Camión de Carga,27.00,1.00,Maíz y Frijol Negro
GT1802,GT0101,,Terrestre - Camión de Carga,139.00,3.00,Hortalizas y Artesanías
GT1802,,Puerto Santo Tomás de Castilla,Terrestre - Camión de Carga,216.00,11.00,Café y Cardamomo Especial
GT1803,GT1801,,Terrestre - Camión de Carga,11.00,2.00,Maíz y Frijol Negro
GT1803,GT0101,,Terrestre - Camión de Carga,195.00,3.00,Hortalizas y Artesanías
GT1803,,Puerto Quetzal,Terrestre - Camión de Carga,303.00,8.00,Café y Cardamomo Especial
GT1804,GT1801,,Terrestre - Camión de Carga,18.00,1.00,Maíz y Frijol Negro
GT1804,GT0101,,Terrestre - Camión de Carga,202.00,6.00,Hortalizas y Artesanías
GT1804,,Frontera Tecún Umán,Terrestre - Camión de Carga,450.00,10.00,Café y Cardamomo Especial
GT1805,GT1801,,Terrestre - Camión de Carga,68.00,1.00,Maíz y Frijol Negro
GT1805,GT0101,,Terrestre - Camión de Carga,199.00,5.00,Hortalizas y Artesanías
GT1805,,Frontera El Florido,Terrestre - Camión de Carga,221.00,11.00,Café y Cardamomo Especial
GT1901,GT1901,,Terrestre - Camión de Carga,50.00,2.00,Maíz y Frijol Negro
GT1901,GT0101,,Terrestre - Camión de Carga,246.00,7.00,Hortalizas y Artesanías
GT1901,,Puerto Santo Tomás de Castilla,Terrestre - Camión de Carga,492.00,5.00,Café y Cardamomo Especial
GT1902,GT1901,,Terrestre - Camión de Carga,76.00,1.00,Maíz y Frijol Negro
GT1902,GT0101,,Terrestre - Camión de Carga,205.00,5.00,Hortalizas y Artesanías
GT1902,,Puerto Quetzal,Terrestre - Camión de Carga,221.00,8.00,Café y Cardamomo Especial
GT1903,GT1901,,Terrestre - Camión de Carga,76.00,3.00,Maíz y Frijol Negro
GT1903,GT0101,,Terrestre - Camión de Carga,191.00,7.00,Hortalizas y Artesanías
GT1903,,Frontera Tecún Umán,Terrestre - Camión de Carga,220.00,11.00,Café y Cardamomo Especial
GT1904,GT1901,,Terrestre - Camión de Carga,76.00,3.00,Maíz y Frijol Negro
GT1904,GT0101,,Terrestre - Camión de Carga,102.00,3.00,Hortalizas y Artesanías
GT1904,,Frontera El Florido,Terrestre - Camión de Carga,349.00,12.00,Café y Cardamomo Especial
GT1905,GT1901,,Terrestre - Camión de Carga,60.00,2.00,Maíz y Frijol Negro
GT1905,GT0101,,Terrestre - Camión de Carga,288.00,4.00,Hortalizas y Artesanías
GT1905,,Puerto Santo Tomás de Castilla,Terrestre - Camión de Carga,436.00,7.00,Café y Cardamomo Especial
GT1906,GT1901,,Terrestre - Camión de Carga,64.00,2.00,Maíz y Frijol Negro
GT1906,GT0101,,Terrestre - Camión de Carga,246.00,2.00,Hortalizas y Artesanías
GT1906,,Puerto Quetzal,Terrestre - Camión de Carga,464.00,7.00,Café y Cardamomo Especial
GT1907,GT1901,,Terrestre - Camión de Carga,69.00,3.00,Maíz y Frijol Negro
GT1907,GT0101,,Terrestre - Camión de Carga,205.00,2.00,Hortalizas y Artesanías
GT1907,,Frontera Tecún Umán,Terrestre - Camión de Carga,456.00,6.00,Café y Cardamomo Especial
GT1908,GT1901,,Terrestre - Camión de Carga,33.00,3.00,Maíz y Frijol Negro
GT1908,GT0101,,Terrestre - Camión de Carga,318.00,7.00,Hortalizas y Artesanías
GT1908,,Frontera El Florido,Terrestre - Camión de Carga,479.00,7.00,Café y Cardamomo Especial
GT1909,GT1901,,Terrestre - Camión de Carga,60.00,2.00,Maíz y Frijol Negro
GT1909,GT0101,,Terrestre - Camión de Carga,172.00,5.00,Hortalizas y Artesanías
GT1909,,Puerto Santo Tomás de Castilla,Terrestre - Camión de Carga,212.00,7.00,Café y Cardamomo Especial
GT1910,GT1901,,Terrestre - Camión de Carga,68.00,3.00,Maíz y Frijol Negro
GT1910,GT0101,,Terrestre - Camión de Carga,319.00,7.00,Hortalizas y Artesanías
GT1910,,Puerto Quetzal,Terrestre - Camión de Carga,303.00,12.00,Café y Cardamomo Especial
GT1911,GT1901,,Terrestre - Camión de Carga,21.00,2.00,Maíz y Frijol Negro
GT1911,GT0101,,Terrestre - Camión de Carga,172.00,7.00,Hortalizas y Artesanías
GT1911,,Frontera Tecún Umán,Terrestre - Camión de Carga,283.00,6.00,Café y Cardamomo Especial
GT2001,GT2001,,Terrestre - Camión de Carga,21.00,1.00,Maíz y Frijol Negro
GT2001,GT0101,,Terrestre - Camión de Carga,270.00,5.00,Hortalizas y Artesanías
GT2001,,Frontera El Florido,Terrestre - Camión de Carga,385.00,6.00,Café y Cardamomo Especial
GT2002,GT2001,,Terrestre - Camión de Carga,77.00,3.00,Maíz y Frijol Negro
GT2002,GT0101,,Terrestre - Camión de Carga,188.00,7.00,Hortalizas y Artesanías
GT2002,,Puerto Santo Tomás de Castilla,Terrestre - Camión de Carga,461.00,7.00,Café y Cardamomo Especial
GT2003,GT2001,,Terrestre - Camión de Carga,58.00,3.00,Maíz y Frijol Negro
GT2003,GT0101,,Terrestre - Camión de Carga,187.00,2.00,Hortalizas y Artesanías
GT2003,,Puerto Quetzal,Terrestre - Camión de Carga,287.00,10.00,Café y Cardamomo Especial
GT2004,GT2001,,Terrestre - Camión de Carga,29.00,1.00,Maíz y Frijol Negro
GT2004,GT0101,,Terrestre - Camión de Carga,312.00,3.00,Hortalizas y Artesanías
GT2004,,Frontera Tecún Umán,Terrestre - Camión de Carga,291.00,5.00,Café y Cardamomo Especial
GT2005,GT2001,,Terrestre - Camión de Carga,63.00,2.00,Maíz y Frijol Negro
GT2005,GT0101,,Terrestre - Camión de Carga,169.00,7.00,Hortalizas y Artesanías
GT2005,,Frontera El Florido,Terrestre - Camión de Carga,428.00,9.00,Café y Cardamomo Especial
GT2006,GT2001,,Terrestre - Camión de Carga,33.00,1.00,Maíz y Frijol Negro
GT2006,GT0101,,Terrestre - Camión de Carga,320.00,3.00,Hortalizas y Artesanías
GT2006,,Puerto Santo Tomás de Castilla,Terrestre - Camión de Carga,303.00,5.00,Café y Cardamomo Especial
GT2007,GT2001,,Terrestre - Camión de Carga,42.00,1.00,Maíz y Frijol Negro
GT2007,GT0101,,Terrestre - Camión de Carga,207.00,5.00,Hortalizas y Artesanías
GT2007,,Puerto Quetzal,Terrestre - Camión de Carga,455.00,5.00,Café y Cardamomo Especial
GT2008,GT2001,,Terrestre - Camión de Carga,73.00,1.00,Maíz y Frijol Negro
GT2008,GT0101,,Terrestre - Camión de Carga,145.00,6.00,Hortalizas y Artesanías
GT2008,,Frontera Tecún Umán,Terrestre - Camión de Carga,443.00,12.00,Café y Cardamomo Especial
GT2009,GT2001,,Terrestre - Camión de Carga,62.00,2.00,Maíz y Frijol Negro
GT2009,GT0101,,Terrestre - Camión de Carga,110.00,6.00,Hortalizas y Artesanías
GT2009,,Frontera El Florido,Terrestre - Camión de Carga,203.00,8.00,Café y Cardamomo Especial
GT2010,GT2001,,Terrestre - Camión de Carga,80.00,2.00,Maíz y Frijol Negro
GT2010,GT0101,,Terrestre - Camión de Carga,248.00,7.00,Hortalizas y Artesanías
GT2010,,Puerto Santo Tomás de Castilla,Terrestre - Camión de Carga,485.00,8.00,Café y Cardamomo Especial
GT2011,GT2001,,Terrestre - Camión de Carga,16.00,1.00,Maíz y Frijol Negro
GT2011,GT0101,,Terrestre - Camión de Carga,127.00,2.00,Hortalizas y Artesanías
GT2011,,Puerto Quetzal,Terrestre - Camión de Carga,378.00,5.00,Café y Cardamomo Especial
GT2101,GT2101,,Terrestre - Camión de Carga,28.00,1.00,Maíz y Frijol Negro
GT2101,GT0101,,Terrestre - Camión de Carga,260.00,6.00,Hortalizas y Artesanías
GT2101,,Frontera Tecún Umán,Terrestre - Camión de Carga,352.00,10.00,Café y Cardamomo Especial
GT2102,GT2101,,Terrestre - Camión de Carga,21.00,1.00,Maíz y Frijol Negro
GT2102,GT0101,,Terrestre - Camión de Carga,117.00,5.00,Hortalizas y Artesanías
GT2102,,Frontera El Florido,Terrestre - Camión de Carga,291.00,7.00,Café y Cardamomo Especial
GT2103,GT2101,,Terrestre - Camión de Carga,46.00,3.00,Maíz y Frijol Negro
GT2103,GT0101,,Terrestre - Camión de Carga,259.00,7.00,Hortalizas y Artesanías
GT2103,,Puerto Santo Tomás de Castilla,Terrestre - Camión de Carga,493.00,7.00,Café y Cardamomo Especial
GT2104,GT2101,,Terrestre - Camión de Carga,68.00,3.00,Maíz y Frijol Negro
GT2104,GT0101,,Terrestre - Camión de Carga,238.00,4.00,Hortalizas y Artesanías
GT2104,,Puerto Quetzal,Terrestre - Camión de Carga,218.00,6.00,Café y Cardamomo Especial
GT2105,GT2101,,Terrestre - Camión de Carga,48.00,2.00,Maíz y Frijol Negro
GT2105,GT0101,,Terrestre - Camión de Carga,184.00,5.00,Hortalizas y Artesanías
GT2105,,Frontera Tecún Umán,Terrestre - Camión de Carga,234.00,11.00,Café y Cardamomo Especial
GT2106,GT2101,,Terrestre - Camión de Carga,80.00,1.00,Maíz y Frijol Negro
GT2106,GT0101,,Terrestre - Camión de Carga,164.00,5.00,Hortalizas y Artesanías
GT2106,,Frontera El Florido,Terrestre - Camión de Carga,268.00,6.00,Café y Cardamomo Especial
GT2107,GT2101,,Terrestre - Camión de Carga,45.00,2.00,Maíz y Frijol Negro
GT2107,GT0101,,Terrestre - Camión de Carga,224.00,5.00,Hortalizas y Artesanías
GT2107,,Puerto Santo Tomás de Castilla,Terrestre - Camión de Carga,468.00,8.00,Café y Cardamomo Especial
GT2201,GT2201,,Terrestre - Camión de Carga,36.00,3.00,Maíz y Frijol Negro
GT2201,GT0101,,Terrestre - Camión de Carga,104.00,2.00,Hortalizas y Artesanías
GT2201,,Puerto Quetzal,Terrestre - Camión de Carga,492.00,6.00,Café y Cardamomo Especial
GT2202,GT2201,,Terrestre - Camión de Carga,71.00,3.00,Maíz y Frijol Negro
GT2202,GT0101,,Terrestre - Camión de Carga,266.00,6.00,Hortalizas y Artesanías
GT2202,,Frontera Tecún Umán,Terrestre - Camión de Carga,347.00,11.00,Café y Cardamomo Especial
GT2203,GT2201,,Terrestre - Camión de Carga,50.00,2.00,Maíz y Frijol Negro
GT2203,GT0101,,Terrestre - Camión de Carga,224.00,6.00,Hortalizas y Artesanías
GT2203,,Frontera El Florido,Terrestre - Camión de Carga,381.00,7.00,Café y Cardamomo Especial
GT2204,GT2201,,Terrestre - Camión de Carga,73.00,3.00,Maíz y Frijol Negro
GT2204,GT0101,,Terrestre - Camión de Carga,276.00,7.00,Hortalizas y Artesanías
GT2204,,Puerto Santo Tomás de Castilla,Terrestre - Camión de Carga,454.00,12.00,Café y Cardamomo Especial
GT2205,GT2201,,Terrestre - Camión de Carga,33.00,3.00,Maíz y Frijol Negro
GT2205,GT0101,,Terrestre - Camión de Carga,149.00,7.00,Hortalizas y Artesanías
GT2205,,Puerto Quetzal,Terrestre - Camión de Carga,348.00,8.00,Café y Cardamomo Especial
GT2206,GT2201,,Terrestre - Camión de Carga,10.00,1.00,Maíz y Frijol Negro
GT2206,GT0101,,Terrestre - Camión de Carga,96.00,5.00,Hortalizas y Artesanías
GT2206,,Frontera Tecún Umán,Terrestre - Camión de Carga,260.00,8.00,Café y Cardamomo Especial
GT2207,GT2201,,Terrestre - Camión de Carga,63.00,2.00,Maíz y Frijol Negro
GT2207,GT0101,,Terrestre - Camión de Carga,101.00,4.00,Hortalizas y Artesanías
GT2207,,Frontera El Florido,Terrestre - Camión de Carga,379.00,8.00,Café y Cardamomo Especial
GT2208,GT2201,,Terrestre - Camión de Carga,11.00,3.00,Maíz y Frijol Negro
GT2208,GT0101,,Terrestre - Camión de Carga,141.00,7.00,Hortalizas y Artesanías
GT2208,,Puerto Santo Tomás de Castilla,Terrestre - Camión de Carga,344.00,9.00,Café y Cardamomo Especial
GT2209,GT2201,,Terrestre - Camión de Carga,18.00,2.00,Maíz y Frijol Negro
GT2209,GT0101,,Terrestre - Camión de Carga,166.00,6.00,Hortalizas y Artesanías
GT2209,,Puerto Quetzal,Terrestre - Camión de Carga,481.00,10.00,Café y Cardamomo Especial
GT2210,GT2201,,Terrestre - Camión de Carga,10.00,1.00,Maíz y Frijol Negro
GT2210,GT0101,,Terrestre - Camión de Carga,265.00,4.00,Hortalizas y Artesanías
GT2210,,Frontera Tecún Umán,Terrestre - Camión de Carga,374.00,11.00,Café y Cardamomo Especial
GT2211,GT2201,,Terrestre - Camión de Carga,13.00,1.00,Maíz y Frijol Negro
GT2211,GT0101,,Terrestre - Camión de Carga,139.00,4.00,Hortalizas y Artesanías
GT2211,,Frontera El Florido,Terrestre - Camión de Carga,373.00,12.00,Café y Cardamomo Especial
GT2212,GT2201,,Terrestre - Camión de Carga,70.00,1.00,Maíz y Frijol Negro
GT2212,GT0101,,Terrestre - Camión de Carga,255.00,3.00,Hortalizas y Artesanías
GT2212,,Puerto Santo Tomás de Castilla,Terrestre - Camión de Carga,446.00,7.00,Café y Cardamomo Especial
GT2213,GT2201,,Terrestre - Camión de Carga,68.00,3.00,Maíz y Frijol Negro
GT2213,GT0101,,Terrestre - Camión de Carga,319.00,4.00,Hortalizas y Artesanías
GT2213,,Puerto Quetzal,Terrestre - Camión de Carga,436.00,11.00,Café y Cardamomo Especial
GT2214,GT2201,,Terrestre - Camión de Carga,17.00,3.00,Maíz y Frijol Negro
GT2214,GT0101,,Terrestre - Camión de Carga,166.00,6.00,Hortalizas y Artesanías
GT2214,,Frontera Tecún Umán,Terrestre - Camión de Carga,361.00,5.00,Café y Cardamomo Especial
GT2215,GT2201,,Terrestre - Camión de Carga,36.00,3.00,Maíz y Frijol Negro
GT2215,GT0101,,Terrestre - Camión de Carga,265.00,4.00,Hortalizas y Artesanías
GT2215,,Frontera El Florido,Terrestre - Camión de Carga,381.00,6.00,Café y Cardamomo Especial
GT2216,GT2201,,Terrestre - Camión de Carga,29.00,2.00,Maíz y Frijol Negro
GT2216,GT0101,,Terrestre - Camión de Carga,305.00,2.00,Hortalizas y Artesanías
GT2216,,Puerto Santo Tomás de Castilla,Terrestre - Camión de Carga,373.00,11.00,Café y Cardamomo Especial
GT2217,GT2201,,Terrestre - Camión de Carga,78.00,1.00,Maíz y Frijol Negro
GT2217,GT0101,,Terrestre - Camión de Carga,236.00,6.00,Hortalizas y Artesanías
GT2217,,Puerto Quetzal,Terrestre - Camión de Carga,399.00,7.00,Café y Cardamomo Especial
