municipio_nombre,tipo_vehiculo,distancia_cabecera_km,tiempo_cabecera_minutos,distancia_capital_km,tiempo_capital_minutos
Lago De Amatitlan,LIVIANO,64.84,153,227.75,593
Lago De Amatitlan,PESADO,45.42,139,175.53,960
Lago De Amatitlan,AUTOBUS,46.8,87,239.63,1079
Guatemala,LIVIANO,93.15,184,238.96,539
Guatemala,PESADO,61.84,205,244.83,923
Guatemala,AUTOBUS,71.58,132,139.51,372
Santa Catarina Pinula,LIVIANO,40.25,92,255.42,765
Santa Catarina Pinula,PESADO,2.72,5,201.26,720
Santa Catarina Pinula,AUTOBUS,28.99,91,227.51,1108
San José Pinula,LIVIANO,6.55,15,136.13,353
San José Pinula,PESADO,5.4,9,280.66,1281
San José Pinula,AUTOBUS,36.57,53,247.53,912
San José del Golfo,LIVIANO,11.07,18,146.17,398
San José del Golfo,PESADO,51.16,102,272.1,1004
San José del Golfo,AUTOBUS,58.16,123,131.22,494
Palencia,LIVIANO,28.18,64,177.15,373
Palencia,PESADO,58.29,175,186.07,561
Palencia,AUTOBUS,44.82,93,245.19,988
Chinautla,LIVIANO,74.47,121,173.72,553
Chinautla,PESADO,11.87,31,279.08,1211
Chinautla,AUTOBUS,87.05,187,134.48,445
San Pedro Ayampuc,LIVIANO,72.55,99,194.77,505
San Pedro Ayampuc,PESADO,35.29,121,298.31,1617
San Pedro Ayampuc,AUTOBUS,76.35,133,115.63,319
Mixco,LIVIANO,48.59,91,127.92,312
Mixco,PESADO,8.74,27,229.46,681
Mixco,AUTOBUS,34.04,100,303.03,788
San Pedro Sacatepéquez,LIVIANO,77.58,155,135.3,284
San Pedro Sacatepéquez,PESADO,57.68,142,131.96,576
San Pedro Sacatepéquez,AUTOBUS,8.25,18,180.03,863
San Juan Sacatepéquez,LIVIANO,45.42,98,118.5,362
San Juan Sacatepéquez,PESADO,7.96,16,133.56,540
San Juan Sacatepéquez,AUTOBUS,61.3,110,181.3,847
San Raimundo,LIVIANO,13.18,32,212.61,641
San Raimundo,PESADO,29.02,64,226.4,1099
San Raimundo,AUTOBUS,19.99,57,138.36,366
Chuarrancho,LIVIANO,36.36,47,248.22,640
Chuarrancho,PESADO,33.3,67,197.72,620
Chuarrancho,AUTOBUS,22.1,63,201.87,582
Fraijanes,LIVIANO,74.22,129,110.22,317
Fraijanes,PESADO,68.74,118,180.18,673
Fraijanes,AUTOBUS,87.65,260,152.64,554
Amatitlán,LIVIANO,33.01,62,135.69,287
Amatitlán,PESADO,58.91,145,194.11,924
Amatitlán,AUTOBUS,68.29,165,190.41,555
Villa Nueva,LIVIANO,41.17,49,123.3,324
Villa Nueva,PESADO,21.46,73,281.04,1292
Villa Nueva,AUTOBUS,41.33,74,110.39,518
Villa Canales,LIVIANO,69.81,102,213.26,513
Villa Canales,PESADO,50.11,166,227.67,1068
Villa Canales,AUTOBUS,25.52,62,264.71,690
Petapa,LIVIANO,79.57,141,179.81,353
Petapa,PESADO,8.09,25,297.92,1342
Petapa,AUTOBUS,77.64,205,255.41,660
Guastatoya,LIVIANO,29.71,49,115.41,367
Guastatoya,PESADO,93.95,156,237.07,884
Guastatoya,AUTOBUS,64.94,131,286.52,1289
Morazán,LIVIANO,82.47,110,133.12,368
Morazán,PESADO,48.17,97,255.66,1350
Morazán,AUTOBUS,32.7,46,234.54,1037
San Agustín Acasaguastlán,LIVIANO,64.45,152,256.5,597
San Agustín Acasaguastlán,PESADO,21.25,60,130.17,694
San Agustín Acasaguastlán,AUTOBUS,17.71,52,237.98,729
San Cristóbal Acasaguastlán,LIVIANO,46.25,110,162.68,329
San Cristóbal Acasaguastlán,PESADO,54.48,144,180.88,542
San Cristóbal Acasaguastlán,AUTOBUS,42.39,104,201.18,972
El Jícaro,LIVIANO,92.65,112,297.69,751
El Jícaro,PESADO,80.17,178,236.33,894
El Jícaro,AUTOBUS,55.67,161,292.06,1327
Sanarate,LIVIANO,80.84,174,208.14,653
Sanarate,PESADO,69.86,259,136.32,505
Sanarate,AUTOBUS,76.4,117,283.61,956
Sansare,LIVIANO,78.34,145,114.85,364
Sansare,PESADO,29.92,82,289.12,841
Sansare,AUTOBUS,87.4,135,126.54,425
San Antonio La Paz,LIVIANO,28.57,44,129.42,418
San Antonio La Paz,PESADO,55.7,126,160.95,686
San Antonio La Paz,AUTOBUS,38.21,80,171.53,707
Antigua Guatemala,LIVIANO,53.15,88,207.7,609
Antigua Guatemala,PESADO,28.3,75,136.17,724
Antigua Guatemala,AUTOBUS,9.37,28,276.74,1145
Jocotenango,LIVIANO,93.65,170,257.52,763
Jocotenango,PESADO,31.54,60,147.59,550
Jocotenango,AUTOBUS,15.61,49,201.68,602
Pastores,LIVIANO,25.66,45,182.43,472
Pastores,PESADO,25.87,82,158.09,638
Pastores,AUTOBUS,19.37,37,280.31,1324
Sumpango,LIVIANO,22.91,47,222.54,674
Sumpango,PESADO,46.46,87,273.42,1014
Sumpango,AUTOBUS,42.54,83,121.72,415
Santo Domingo Xenacoj,LIVIANO,91.89,157,165.5,437
Santo Domingo Xenacoj,PESADO,11.37,36,149.38,780
Santo Domingo Xenacoj,AUTOBUS,16.0,29,195.97,914
Santiago Sacatepéquez,LIVIANO,94.65,104,113.71,287
Santiago Sacatepéquez,PESADO,28.54,55,157.8,531
Santiago Sacatepéquez,AUTOBUS,61.14,91,126.35,378
San Bartolomé Milpas Altas,LIVIANO,28.3,63,114.74,385
San Bartolomé Milpas Altas,PESADO,86.41,192,164.52,683
San Bartolomé Milpas Altas,AUTOBUS,82.14,196,226.62,746
San Lucas Sacatepéquez,LIVIANO,92.97,112,291.19,723
San Lucas Sacatepéquez,PESADO,91.51,190,219.77,1208
San Lucas Sacatepéquez,AUTOBUS,16.58,53,175.16,464
Santa Lucía Milpas Altas,LIVIANO,12.68,18,130.35,400
Santa Lucía Milpas Altas,PESADO,25.42,90,147.69,457
Santa Lucía Milpas Altas,AUTOBUS,80.13,201,160.21,648
Magdalena Milpas Altas,LIVIANO,4.53,5,250.55,799
Magdalena Milpas Altas,PESADO,90.27,160,214.54,920
Magdalena Milpas Altas,AUTOBUS,39.06,114,255.19,753
Santa María de Jesús,LIVIANO,88.81,196,287.59,700
Santa María de Jesús,PESADO,78.34,216,192.76,851
Santa María de Jesús,AUTOBUS,19.44,59,199.67,505
Ciudad Vieja,LIVIANO,82.7,155,136.35,314
Ciudad Vieja,PESADO,50.71,159,237.42,1257
Ciudad Vieja,AUTOBUS,83.6,165,230.03,979
San Miguel Dueñas,LIVIANO,60.33,127,191.16,535
San Miguel Dueñas,PESADO,84.75,313,242.85,1022
San Miguel Dueñas,AUTOBUS,28.07,40,176.42,681
Alotenango,LIVIANO,18.94,28,306.5,957
Alotenango,PESADO,49.41,108,153.39,750
Alotenango,AUTOBUS,45.71,119,111.22,401
San Antonio Aguas Calientes,LIVIANO,74.44,85,191.39,419
San Antonio Aguas Calientes,PESADO,74.48,163,294.82,1324
San Antonio Aguas Calientes,AUTOBUS,43.07,111,116.6,361
Santa Catarina Barahona,LIVIANO,53.14,58,172.1,392
Santa Catarina Barahona,PESADO,13.76,39,207.72,969
Santa Catarina Barahona,AUTOBUS,69.39,192,262.28,1104
Chimaltenango,LIVIANO,67.43,119,210.35,479
Chimaltenango,PESADO,65.24,129,240.73,913
Chimaltenango,AUTOBUS,31.84,92,299.94,887
San José Poaquil,LIVIANO,41.96,75,216.96,707
San José Poaquil,PESADO,69.73,226,258.17,1192
San José Poaquil,AUTOBUS,43.3,78,170.4,634
San Martín Jilotepeque,LIVIANO,5.16,6,244.76,662
San Martín Jilotepeque,PESADO,60.27,108,308.73,1432
San Martín Jilotepeque,AUTOBUS,19.62,50,175.74,474
Comalapa,LIVIANO,72.33,154,275.04,687
Comalapa,PESADO,45.23,144,188.46,678
Comalapa,AUTOBUS,44.03,87,154.12,634
Santa Apolonia,LIVIANO,25.4,33,187.63,620
Santa Apolonia,PESADO,56.24,109,113.89,420
Santa Apolonia,AUTOBUS,71.56,115,215.71,593
Tecpán Guatemala,LIVIANO,35.55,88,219.82,678
Tecpán Guatemala,PESADO,79.79,187,248.27,953
Tecpán Guatemala,AUTOBUS,60.27,106,202.47,918
Patzún,LIVIANO,93.78,210,261.68,540
Patzún,PESADO,59.74,157,182.61,960
Patzún,AUTOBUS,18.11,35,266.4,979
Pochuta,LIVIANO,9.23,20,254.77,462
Pochuta,PESADO,57.05,126,246.39,958
Pochuta,AUTOBUS,58.09,131,299.41,1122
Patzicía,LIVIANO,70.67,150,169.77,580
Patzicía,PESADO,5.24,10,303.9,1592
Patzicía,AUTOBUS,65.84,107,208.29,863
Santa Cruz Balanyá,LIVIANO,77.89,105,191.89,507
Santa Cruz Balanyá,PESADO,70.39,135,149.2,752
Santa Cruz Balanyá,AUTOBUS,21.06,52,249.09,1208
Acatenango,LIVIANO,2.87,5,230.77,539
Acatenango,PESADO,29.88,51,269.95,1318
Acatenango,AUTOBUS,16.6,35,299.19,1006
Yepocapa,LIVIANO,56.38,137,173.42,496
Yepocapa,PESADO,8.11,24,190.42,953
Yepocapa,AUTOBUS,20.98,29,250.12,949
San Andrés Itzapa,LIVIANO,16.52,28,266.53,607
San Andrés Itzapa,PESADO,2.99,7,203.33,948
San Andrés Itzapa,AUTOBUS,41.03,80,292.36,882
Parramos,LIVIANO,24.38,28,222.18,483
Parramos,PESADO,60.21,138,307.58,1323
Parramos,AUTOBUS,9.89,20,156.16,646
Zaragoza,LIVIANO,89.12,191,158.46,314
Zaragoza,PESADO,65.37,192,233.69,1100
Zaragoza,AUTOBUS,13.91,40,152.23,510
El Tejar,LIVIANO,50.4,87,149.46,280
El Tejar,PESADO,39.93,99,272.45,1115
El Tejar,AUTOBUS,63.94,140,118.99,351
Escuintla,LIVIANO,49.26,69,222.43,634
Escuintla,PESADO,60.9,117,280.09,1505
Escuintla,AUTOBUS,21.27,44,158.57,663
Santa Lucía Cotzumalguapa,LIVIANO,24.64,57,308.99,884
Santa Lucía Cotzumalguapa,PESADO,10.02,27,204.39,750
Santa Lucía Cotzumalguapa,AUTOBUS,54.87,128,238.16,718
La Democracia,LIVIANO,50.94,70,208.21,381
La Democracia,PESADO,39.35,70,117.79,648
La Democracia,AUTOBUS,69.07,219,299.34,754
Siquinalá,LIVIANO,69.46,153,189.89,421
Siquinalá,PESADO,74.6,232,121.44,374
Siquinalá,AUTOBUS,92.48,297,130.4,595
Masagua,LIVIANO,4.12,5,223.44,484
Masagua,PESADO,53.89,135,236.37,755
Masagua,AUTOBUS,42.79,88,190.47,922
Tiquisate,LIVIANO,17.2,40,282.67,688
Tiquisate,PESADO,9.93,16,184.65,987
Tiquisate,AUTOBUS,29.81,53,209.88,649
La Gomera,LIVIANO,11.46,13,136.25,373
La Gomera,PESADO,48.13,178,250.31,924
La Gomera,AUTOBUS,23.96,35,279.26,1290
Guanagazapa,LIVIANO,26.5,43,122.02,360
Guanagazapa,PESADO,29.3,60,141.07,561
Guanagazapa,AUTOBUS,71.34,213,247.67,887
San José,LIVIANO,30.76,68,197.66,649
San José,PESADO,64.37,213,169.17,852
San José,AUTOBUS,8.12,24,247.33,807
Iztapa,LIVIANO,21.43,24,226.84,735
Iztapa,PESADO,24.33,84,127.34,651
Iztapa,AUTOBUS,2.7,5,222.33,799
Palín,LIVIANO,39.57,74,176.33,541
Palín,PESADO,22.88,78,256.69,1222
Palín,AUTOBUS,4.97,14,124.55,596
San Vicente Pacaya,LIVIANO,11.38,23,176.42,588
San Vicente Pacaya,PESADO,58.04,153,115.0,532
San Vicente Pacaya,AUTOBUS,28.04,79,158.8,518
Nueva Concepción,LIVIANO,4.4,7,286.17,523
Nueva Concepción,PESADO,80.94,163,155.13,798
Nueva Concepción,AUTOBUS,51.7,98,235.14,816
Sipacate,LIVIANO,34.16,74,296.83,924
Sipacate,PESADO,91.1,315,141.78,428
Sipacate,AUTOBUS,9.99,16,228.48,676
Cuilapa,LIVIANO,34.29,54,275.37,905
Cuilapa,PESADO,48.13,129,205.99,1020
Cuilapa,AUTOBUS,41.65,80,200.92,845
Barberena,LIVIANO,28.79,55,160.69,290
Barberena,PESADO,48.96,82,263.55,1048
Barberena,AUTOBUS,55.73,111,169.8,665
Santa Rosa de Lima,LIVIANO,46.62,59,285.77,740
Santa Rosa de Lima,PESADO,92.29,205,135.7,544
Santa Rosa de Lima,AUTOBUS,92.12,174,111.24,459
Casillas,LIVIANO,94.02,162,302.06,1036
Casillas,PESADO,91.2,255,209.71,1070
Casillas,AUTOBUS,9.65,24,219.01,712
San Rafael Las Flores,LIVIANO,60.28,121,169.37,423
San Rafael Las Flores,PESADO,10.0,16,304.55,1144
San Rafael Las Flores,AUTOBUS,5.45,7,252.78,1002
Oratorio,LIVIANO,38.14,54,298.86,656
Oratorio,PESADO,67.53,154,238.06,1008
Oratorio,AUTOBUS,50.85,158,189.86,543
San Juan Tecuaco,LIVIANO,57.96,74,161.91,347
San Juan Tecuaco,PESADO,62.64,138,193.44,1003
San Juan Tecuaco,AUTOBUS,84.76,230,169.15,693
Chiquimulilla,LIVIANO,68.18,150,165.73,469
Chiquimulilla,PESADO,5.24,13,302.93,902
Chiquimulilla,AUTOBUS,22.32,37,238.35,1083
Taxisco,LIVIANO,47.25,91,224.93,621
Taxisco,PESADO,60.92,220,160.84,763
Taxisco,AUTOBUS,65.95,131,186.24,816
Santa María Ixhuatán,LIVIANO,75.56,182,110.65,300
Santa María Ixhuatán,PESADO,7.32,24,247.91,1179
Santa María Ixhuatán,AUTOBUS,81.72,231,159.88,680
Guazacapán,LIVIANO,83.46,207,302.58,937
Guazacapán,PESADO,62.77,231,291.14,1624
Guazacapán,AUTOBUS,72.64,208,149.27,606
Santa Cruz Naranjo,LIVIANO,82.77,92,149.61,354
Santa Cruz Naranjo,PESADO,9.73,30,133.08,521
Santa Cruz Naranjo,AUTOBUS,67.69,166,302.64,1007
Pueblo Nuevo Viñas,LIVIANO,88.93,209,162.51,325
Pueblo Nuevo Viñas,PESADO,89.72,313,300.87,1678
Pueblo Nuevo Viñas,AUTOBUS,88.29,226,148.71,723
Nueva Santa Rosa,LIVIANO,87.34,175,205.45,641
Nueva Santa Rosa,PESADO,45.84,114,185.98,579
Nueva Santa Rosa,AUTOBUS,56.71,135,159.0,454
Lago De Atitlan,LIVIANO,20.18,27,113.95,209
Lago De Atitlan,PESADO,18.64,43,300.1,1430
Lago De Atitlan,AUTOBUS,73.08,210,218.88,1006
Sololá,LIVIANO,25.83,31,148.3,495
Sololá,PESADO,58.38,112,155.65,715
Sololá,AUTOBUS,24.81,79,285.13,942
San José Chacayá,LIVIANO,68.37,163,291.97,944
San José Chacayá,PESADO,17.73,33,234.77,1184
San José Chacayá,AUTOBUS,9.13,18,145.61,544
Santa María Visitación,LIVIANO,35.1,48,254.86,745
Santa María Visitación,PESADO,61.81,174,136.52,620
Santa María Visitación,AUTOBUS,53.51,139,256.31,944
Santa Lucía Utatlán,LIVIANO,9.99,15,267.94,687
Santa Lucía Utatlán,PESADO,48.64,157,182.0,841
Santa Lucía Utatlán,AUTOBUS,27.72,50,228.42,965
Nahualá,LIVIANO,49.48,62,215.11,676
Nahualá,PESADO,5.94,19,130.06,396
Nahualá,AUTOBUS,45.04,78,265.06,733
Santa Catarina Ixtahuacán,LIVIANO,78.66,113,157.84,291
Santa Catarina Ixtahuacán,PESADO,18.23,51,215.9,894
Santa Catarina Ixtahuacán,AUTOBUS,62.6,157,242.38,845
Santa Clara La Laguna,LIVIANO,16.02,34,280.33,552
Santa Clara La Laguna,PESADO,86.53,279,197.1,897
Santa Clara La Laguna,AUTOBUS,94.21,206,174.02,555
Concepción,LIVIANO,42.2,100,306.49,568
Concepción,PESADO,61.63,117,112.78,550
Concepción,AUTOBUS,26.07,66,244.07,1029
San Andrés Semetabaj,LIVIANO,54.29,108,252.55,633
San Andrés Semetabaj,PESADO,38.57,63,270.05,1238
San Andrés Semetabaj,AUTOBUS,38.12,106,130.13,389
Panajachel,LIVIANO,9.31,12,153.2,410
Panajachel,PESADO,21.63,60,213.27,1060
Panajachel,AUTOBUS,4.74,13,272.52,1020
Santa Catarina Palopó,LIVIANO,44.11,98,127.82,391
Santa Catarina Palopó,PESADO,75.84,129,110.11,331
Santa Catarina Palopó,AUTOBUS,83.47,184,250.13,1163
San Antonio Palopó,LIVIANO,24.33,36,177.46,396
San Antonio Palopó,PESADO,88.13,217,153.66,635
San Antonio Palopó,AUTOBUS,76.11,149,176.62,821
San Lucas Tolimán,LIVIANO,17.27,32,199.14,662
San Lucas Tolimán,PESADO,12.13,25,208.59,804
San Lucas Tolimán,AUTOBUS,50.9,144,228.27,891
Santa Cruz La Laguna,LIVIANO,22.19,42,118.48,338
Santa Cruz La Laguna,PESADO,7.59,22,209.22,920
Santa Cruz La Laguna,AUTOBUS,12.24,26,266.08,1240
San Pablo La Laguna,LIVIANO,73.18,158,223.72,757
San Pablo La Laguna,PESADO,51.86,172,309.58,1510
San Pablo La Laguna,AUTOBUS,23.47,75,292.88,1393
San Marcos La Laguna,LIVIANO,28.27,50,296.05,568
San Marcos La Laguna,PESADO,77.95,138,266.52,803
San Marcos La Laguna,AUTOBUS,54.76,172,119.59,422
San Juan La Laguna,LIVIANO,10.94,21,188.48,505
San Juan La Laguna,PESADO,69.16,157,160.43,657
San Juan La Laguna,AUTOBUS,45.58,65,111.64,519
San Pedro La Laguna,LIVIANO,10.57,24,298.64,862
San Pedro La Laguna,PESADO,88.53,319,234.06,1225
San Pedro La Laguna,AUTOBUS,73.94,224,293.31,890
Santiago Atitlán,LIVIANO,6.64,7,110.28,277
Santiago Atitlán,PESADO,58.34,174,304.9,1692
Santiago Atitlán,AUTOBUS,58.32,174,174.95,576
Totonicapán,LIVIANO,22.79,51,254.28,460
Totonicapán,PESADO,90.37,205,250.61,950
Totonicapán,AUTOBUS,34.37,80,126.59,607
San Cristóbal Totonicapán,LIVIANO,66.29,93,167.2,571
San Cristóbal Totonicapán,PESADO,57.42,199,287.22,1401
San Cristóbal Totonicapán,AUTOBUS,51.95,149,285.51,923
San Francisco El Alto,LIVIANO,30.58,35,256.61,885
San Francisco El Alto,PESADO,70.71,240,223.28,712
San Francisco El Alto,AUTOBUS,89.56,165,200.86,862
San Andrés Xecul,LIVIANO,41.64,49,197.76,459
San Andrés Xecul,PESADO,92.55,186,296.61,1612
San Andrés Xecul,AUTOBUS,52.69,128,131.03,557
Momostenango,LIVIANO,44.51,98,195.89,421
Momostenango,PESADO,56.92,126,113.12,328
Momostenango,AUTOBUS,83.16,144,285.47,1390
Santa María Chiquimula,LIVIANO,93.29,113,306.58,870
Santa María Chiquimula,PESADO,20.84,61,203.63,872
Santa María Chiquimula,AUTOBUS,56.3,156,270.28,824
Santa Lucía La Reforma,LIVIANO,82.6,126,176.14,401
Santa Lucía La Reforma,PESADO,71.26,145,196.55,953
Santa Lucía La Reforma,AUTOBUS,48.49,71,179.83,677
San Bartolo,LIVIANO,9.75,19,124.17,409
San Bartolo,PESADO,54.93,133,212.41,1184
San Bartolo,AUTOBUS,22.59,53,233.77,992
Quetzaltenango,LIVIANO,49.89,119,289.8,861
Quetzaltenango,PESADO,6.05,21,224.48,824
Quetzaltenango,AUTOBUS,38.89,94,217.8,891
Salcajá,LIVIANO,43.54,89,138.89,289
Salcajá,PESADO,25.77,46,221.95,819
Salcajá,AUTOBUS,81.14,152,179.68,645
Olintepeque,LIVIANO,49.17,112,154.28,527
Olintepeque,PESADO,61.97,229,113.03,465
Olintepeque,AUTOBUS,48.05,143,279.27,923
San Carlos Sija,LIVIANO,19.31,27,123.51,381
San Carlos Sija,PESADO,41.22,94,226.84,656
San Carlos Sija,AUTOBUS,53.25,91,149.87,420
Sibilia,LIVIANO,47.64,103,171.68,557
Sibilia,PESADO,55.22,190,284.91,1284
Sibilia,AUTOBUS,65.81,166,124.52,560
Cabricán,LIVIANO,78.83,170,241.05,736
Cabricán,PESADO,66.48,220,219.57,667
Cabricán,AUTOBUS,75.72,154,187.34,541
Cajolá,LIVIANO,18.3,24,129.94,299
Cajolá,PESADO,20.46,46,292.39,1500
Cajolá,AUTOBUS,39.78,104,242.9,634
San Miguel Sigüila,LIVIANO,40.83,53,226.79,586
San Miguel Sigüila,PESADO,83.68,193,303.8,1025
San Miguel Sigüila,AUTOBUS,43.62,124,252.15,719
Ostuncalco,LIVIANO,31.74,63,294.08,736
Ostuncalco,PESADO,41.78,73,246.7,932
Ostuncalco,AUTOBUS,68.34,131,173.62,627
San Mateo,LIVIANO,37.74,85,182.31,365
San Mateo,PESADO,56.6,114,121.0,540
San Mateo,AUTOBUS,33.56,50,181.79,778
Concepción Chiquirichapa,LIVIANO,39.1,48,131.46,265
Concepción Chiquirichapa,PESADO,51.27,135,161.75,524
Concepción Chiquirichapa,AUTOBUS,5.59,11,165.13,600
San Martín Sacatepéquez,LIVIANO,91.84,215,137.06,300
San Martín Sacatepéquez,PESADO,12.98,30,279.54,1273
San Martín Sacatepéquez,AUTOBUS,80.42,120,180.77,485
Almolonga,LIVIANO,35.79,81,237.59,645
Almolonga,PESADO,21.33,67,173.51,846
Almolonga,AUTOBUS,69.16,109,131.08,623
Cantel,LIVIANO,68.06,149,179.6,559
Cantel,PESADO,52.64,193,303.47,1568
Cantel,AUTOBUS,81.61,161,140.81,669
Huitán,LIVIANO,87.56,183,184.97,531
Huitán,PESADO,35.4,78,235.76,1222
Huitán,AUTOBUS,56.22,135,180.55,740
Zunil,LIVIANO,56.07,61,241.17,598
Zunil,PESADO,65.32,154,267.06,1232
Zunil,AUTOBUS,19.69,48,172.52,683
Colomba,LIVIANO,11.84,28,145.24,473
Colomba,PESADO,75.38,276,127.46,635
Colomba,AUTOBUS,67.35,118,196.01,732
San Francisco La Unión,LIVIANO,77.27,101,129.76,292
San Francisco La Unión,PESADO,24.53,54,300.69,904
San Francisco La Unión,AUTOBUS,80.89,253,177.81,684
El Palmar,LIVIANO,56.87,120,278.2,902
El Palmar,PESADO,64.64,232,181.17,688
El Palmar,AUTOBUS,89.39,132,127.27,334
Coatepeque,LIVIANO,39.2,63,181.73,464
Coatepeque,PESADO,50.53,171,243.85,1268
Coatepeque,AUTOBUS,43.96,84,218.01,686
Génova,LIVIANO,74.45,109,117.79,237
Génova,PESADO,62.21,184,297.88,963
Génova,AUTOBUS,50.34,88,286.26,1055
Flores Costa Cuca,LIVIANO,92.34,164,301.95,1039
Flores Costa Cuca,PESADO,66.32,147,214.63,982
Flores Costa Cuca,AUTOBUS,25.68,80,250.96,929
La Esperanza,LIVIANO,41.64,58,216.52,465
La Esperanza,PESADO,84.98,243,306.75,1406
La Esperanza,AUTOBUS,84.51,166,110.59,422
Palestina de Los Altos,LIVIANO,71.31,81,245.85,629
Palestina de Los Altos,PESADO,77.65,153,280.61,1225
Palestina de Los Altos,AUTOBUS,89.91,267,306.12,1149
Mazatenango,LIVIANO,77.88,104,136.88,422
Mazatenango,PESADO,93.39,319,220.48,688
Mazatenango,AUTOBUS,64.42,140,242.21,979
Cuyotenango,LIVIANO,24.85,54,259.57,820
Cuyotenango,PESADO,90.29,274,259.84,1411
Cuyotenango,AUTOBUS,80.19,217,256.29,688
San Francisco Zapotitlán,LIVIANO,49.75,116,225.47,555
San Francisco Zapotitlán,PESADO,40.03,82,195.86,633
San Francisco Zapotitlán,AUTOBUS,41.55,115,198.29,831
San Bernardino,LIVIANO,46.05,58,138.45,325
San Bernardino,PESADO,5.27,13,148.83,668
San Bernardino,AUTOBUS,22.28,39,180.87,536
San José El Ídolo,LIVIANO,66.17,123,139.31,326
San José El Ídolo,PESADO,80.39,160,116.45,456
San José El Ídolo,AUTOBUS,83.1,136,152.21,611
Santo Domingo Suchitepéquez,LIVIANO,17.64,26,159.74,301
Santo Domingo Suchitepéquez,PESADO,42.6,84,119.37,665
Santo Domingo Suchitepéquez,AUTOBUS,34.36,52,238.73,1006
San Lorenzo,LIVIANO,13.68,21,241.31,637
San Lorenzo,PESADO,8.99,30,186.04,764
San Lorenzo,AUTOBUS,93.6,163,299.51,1324
Samayac,LIVIANO,76.24,130,160.22,542
Samayac,PESADO,73.39,205,226.88,798
Samayac,AUTOBUS,6.0,18,223.69,1073
San Pablo Jocopilas,LIVIANO,86.04,137,275.8,750
San Pablo Jocopilas,PESADO,83.47,151,184.13,856
San Pablo Jocopilas,AUTOBUS,78.46,184,171.05,722
San Antonio Suchitepéquez,LIVIANO,10.75,23,284.97,713
San Antonio Suchitepéquez,PESADO,41.01,127,252.52,1208
San Antonio Suchitepéquez,AUTOBUS,56.59,127,184.58,837
San Miguel Panán,LIVIANO,69.47,161,237.43,569
San Miguel Panán,PESADO,27.75,51,207.49,1139
San Miguel Panán,AUTOBUS,20.35,39,146.57,673
San Gabriel,LIVIANO,4.88,11,285.47,713
San Gabriel,PESADO,89.33,264,254.88,1264
San Gabriel,AUTOBUS,21.5,41,126.71,471
Chicacao,LIVIANO,72.67,136,265.34,505
Chicacao,PESADO,44.91,136,141.73,569
Chicacao,AUTOBUS,31.43,54,161.74,471
Patulul,LIVIANO,57.01,129,271.64,903
Patulul,PESADO,55.26,180,241.92,702
Patulul,AUTOBUS,26.79,59,202.84,576
Santa Bárbara,LIVIANO,73.4,117,205.02,457
Santa Bárbara,PESADO,34.13,66,249.46,1168
Santa Bárbara,AUTOBUS,85.3,234,194.39,648
San Juan Bautista,LIVIANO,77.0,166,213.41,710
San Juan Bautista,PESADO,33.31,109,292.92,1516
San Juan Bautista,AUTOBUS,4.09,6,186.78,712
Santo Tomás La Unión,LIVIANO,64.81,125,265.16,590
Santo Tomás La Unión,PESADO,64.02,109,179.73,729
Santo Tomás La Unión,AUTOBUS,25.34,44,203.63,935
Zunilito,LIVIANO,46.84,56,166.12,389
Zunilito,PESADO,9.57,28,204.13,681
Zunilito,AUTOBUS,26.33,83,120.88,557
Pueblo Nuevo,LIVIANO,46.68,60,233.04,752
Pueblo Nuevo,PESADO,80.09,234,176.11,825
Pueblo Nuevo,AUTOBUS,77.82,141,235.25,930
Río Bravo,LIVIANO,90.96,223,295.2,611
Río Bravo,PESADO,37.52,103,248.81,830
Río Bravo,AUTOBUS,44.46,128,220.53,590
San José La Máquina,LIVIANO,89.56,146,137.54,343
San José La Máquina,PESADO,36.03,82,204.82,952
San José La Máquina,AUTOBUS,65.27,169,236.76,785
Retalhuleu,LIVIANO,86.52,161,155.43,502
Retalhuleu,PESADO,6.64,24,287.53,1404
Retalhuleu,AUTOBUS,52.89,120,217.83,1051
San Sebastián,LIVIANO,14.61,28,270.64,590
San Sebastián,PESADO,76.98,210,160.68,764
San Sebastián,AUTOBUS,80.92,245,116.17,519
Santa Cruz Muluá,LIVIANO,35.61,42,308.6,730
Santa Cruz Muluá,PESADO,26.1,52,201.89,756
Santa Cruz Muluá,AUTOBUS,20.14,42,216.78,824
San Martín Zapotitlán,LIVIANO,90.06,161,155.6,512
San Martín Zapotitlán,PESADO,67.39,166,166.62,499
San Martín Zapotitlán,AUTOBUS,79.35,240,278.06,1303
San Felipe,LIVIANO,56.57,127,214.86,407
San Felipe,PESADO,7.5,16,219.24,704
San Felipe,AUTOBUS,30.95,87,244.52,1176
San Andrés Villa Seca,LIVIANO,56.06,96,252.6,669
San Andrés Villa Seca,PESADO,10.08,25,260.48,1310
San Andrés Villa Seca,AUTOBUS,45.86,91,263.33,1054
Champerico,LIVIANO,8.22,14,231.24,641
Champerico,PESADO,68.08,156,238.91,1238
Champerico,AUTOBUS,45.47,140,198.1,819
Nuevo San Carlos,LIVIANO,6.36,15,165.16,480
Nuevo San Carlos,PESADO,91.84,228,292.02,1212
Nuevo San Carlos,AUTOBUS,58.81,148,237.47,729
El Asintal,LIVIANO,62.28,89,271.38,511
El Asintal,PESADO,48.53,123,203.85,892
El Asintal,AUTOBUS,3.33,7,257.63,972
San Marcos,LIVIANO,16.74,40,192.98,589
San Marcos,PESADO,38.71,117,280.86,817
San Marcos,AUTOBUS,84.28,249,273.07,1178
San Pedro Sacatepéquez,LIVIANO,60.14,87,134.41,246
San Pedro Sacatepéquez,PESADO,30.92,58,234.94,833
San Pedro Sacatepéquez,AUTOBUS,7.5,23,160.58,763
San Antonio Sacatepéquez,LIVIANO,65.23,108,300.21,719
San Antonio Sacatepéquez,PESADO,75.36,240,155.98,833
San Antonio Sacatepéquez,AUTOBUS,78.1,179,182.68,501
Comitancillo,LIVIANO,7.91,9,148.9,481
Comitancillo,PESADO,88.48,196,215.42,691
Comitancillo,AUTOBUS,78.95,130,134.78,456
San Miguel Ixtahuacán,LIVIANO,56.39,110,160.66,482
San Miguel Ixtahuacán,PESADO,80.38,166,254.49,992
San Miguel Ixtahuacán,AUTOBUS,28.84,67,167.53,473
Concepción Tutuapa,LIVIANO,70.95,122,154.57,389
Concepción Tutuapa,PESADO,79.94,196,239.33,1131
Concepción Tutuapa,AUTOBUS,25.26,65,192.33,491
Tacaná,LIVIANO,73.85,156,297.6,873
Tacaná,PESADO,20.86,46,304.63,1126
Tacaná,AUTOBUS,22.97,48,243.28,1092
Sibinal,LIVIANO,84.21,109,132.92,275
Sibinal,PESADO,17.2,39,305.24,1387
Sibinal,AUTOBUS,94.98,232,133.3,389
Tajumulco,LIVIANO,75.65,151,303.21,991
Tajumulco,PESADO,5.87,10,219.22,820
Tajumulco,AUTOBUS,2.31,5,123.16,466
Tejutla,LIVIANO,69.96,79,308.02,780
Tejutla,PESADO,92.9,277,173.74,814
Tejutla,AUTOBUS,14.32,37,142.54,638
San Rafael Pie de la Cuesta,LIVIANO,84.71,207,244.58,552
San Rafael Pie de la Cuesta,PESADO,34.2,97,236.65,1081
San Rafael Pie de la Cuesta,AUTOBUS,52.63,102,144.85,655
Nuevo Progreso,LIVIANO,78.56,149,309.99,962
Nuevo Progreso,PESADO,72.85,199,208.21,1006
Nuevo Progreso,AUTOBUS,9.03,18,234.46,1034
El Tumbador,LIVIANO,68.68,118,237.06,597
El Tumbador,PESADO,82.14,135,201.15,596
El Tumbador,AUTOBUS,84.34,210,151.56,534
El Rodeo,LIVIANO,94.93,162,182.23,406
El Rodeo,PESADO,20.89,45,218.83,993
El Rodeo,AUTOBUS,89.21,152,232.99,923
Malacatán,LIVIANO,10.33,19,280.99,948
Malacatán,PESADO,94.19,289,113.47,545
Malacatán,AUTOBUS,73.3,222,179.23,791
Catarina,LIVIANO,48.85,88,204.97,710
Catarina,PESADO,85.1,282,123.4,376
Catarina,AUTOBUS,47.97,88,214.1,978
Ayutla,LIVIANO,66.86,164,252.2,573
Ayutla,PESADO,38.47,91,263.64,1078
Ayutla,AUTOBUS,56.97,81,271.31,786
Ocós,LIVIANO,61.33,138,176.41,415
Ocós,PESADO,68.82,181,234.63,1094
Ocós,AUTOBUS,55.97,131,125.91,537
San Pablo,LIVIANO,70.41,158,155.58,354
San Pablo,PESADO,56.87,159,306.52,928
San Pablo,AUTOBUS,57.25,156,110.54,422
El Quetzal,LIVIANO,17.49,23,247.72,577
El Quetzal,PESADO,60.23,163,276.14,886
El Quetzal,AUTOBUS,17.27,29,281.25,798
La Reforma,LIVIANO,85.2,165,151.47,344
La Reforma,PESADO,19.38,54,276.97,1270
La Reforma,AUTOBUS,47.03,146,176.02,513
Pajapita,LIVIANO,51.03,96,160.42,310
Pajapita,PESADO,89.32,198,157.38,502
Pajapita,AUTOBUS,18.4,54,291.71,1092
Ixchiguán,LIVIANO,89.26,213,217.44,439
Ixchiguán,PESADO,53.71,190,199.31,956
Ixchiguán,AUTOBUS,11.18,24,271.09,1043
San José Ojetenam,LIVIANO,19.51,47,296.34,667
San José Ojetenam,PESADO,66.62,129,259.7,1052
San José Ojetenam,AUTOBUS,91.55,269,127.9,562
San Cristóbal Cucho,LIVIANO,58.85,134,263.56,661
San Cristóbal Cucho,PESADO,34.96,94,193.24,800
San Cristóbal Cucho,AUTOBUS,10.0,23,308.08,1370
Sipacapa,LIVIANO,44.15,84,204.88,661
Sipacapa,PESADO,86.56,166,239.21,843
Sipacapa,AUTOBUS,17.2,29,187.96,586
Esquipulas Palo Gordo,LIVIANO,2.41,5,281.6,634
Esquipulas Palo Gordo,PESADO,45.28,117,290.41,841
Esquipulas Palo Gordo,AUTOBUS,78.7,179,155.61,550
Río Blanco,LIVIANO,73.65,114,282.13,842
Río Blanco,PESADO,48.77,154,222.45,1201
Río Blanco,AUTOBUS,58.49,130,204.12,926
San Lorenzo,LIVIANO,7.85,14,296.58,762
San Lorenzo,PESADO,30.0,64,127.89,516
San Lorenzo,AUTOBUS,19.93,55,226.17,578
La Blanca,LIVIANO,42.51,51,306.78,715
La Blanca,PESADO,26.96,49,214.5,894
La Blanca,AUTOBUS,29.87,54,270.58,875
Huehuetenango,LIVIANO,47.39,103,151.68,295
Huehuetenango,PESADO,61.49,148,167.75,662
Huehuetenango,AUTOBUS,67.83,179,154.26,508
Chiantla,LIVIANO,8.63,10,157.51,315
Chiantla,PESADO,12.64,37,236.1,1067
Chiantla,AUTOBUS,85.33,270,265.88,939
Malacatancito,LIVIANO,55.79,91,140.0,485
Malacatancito,PESADO,90.92,280,158.33,804
Malacatancito,AUTOBUS,43.9,139,249.15,893
Cuilco,LIVIANO,28.01,44,137.29,335
Cuilco,PESADO,16.38,30,265.52,1097
Cuilco,AUTOBUS,31.48,66,223.67,1093
Nentón,LIVIANO,56.87,89,234.72,542
Nentón,PESADO,42.53,85,280.41,1360
Nentón,AUTOBUS,40.42,62,303.77,911
San Pedro Necta,LIVIANO,29.25,40,217.99,675
San Pedro Necta,PESADO,50.96,189,113.29,361
San Pedro Necta,AUTOBUS,75.62,144,135.41,415
Jacaltenango,LIVIANO,92.79,132,298.0,769
Jacaltenango,PESADO,57.1,102,240.65,1289
Jacaltenango,AUTOBUS,2.13,6,167.61,431
Soloma,LIVIANO,70.85,159,126.79,432
Soloma,PESADO,31.67,87,263.16,1080
Soloma,AUTOBUS,53.29,143,249.45,1080
Ixtahuacán,LIVIANO,57.03,110,125.51,392
Ixtahuacán,PESADO,70.25,139,306.75,1640
Ixtahuacán,AUTOBUS,44.9,88,161.63,571
Santa Bárbara,LIVIANO,74.92,86,169.87,563
Santa Bárbara,PESADO,64.81,231,159.84,630
Santa Bárbara,AUTOBUS,58.71,144,215.76,649
La Libertad,LIVIANO,37.78,58,243.01,828
La Libertad,PESADO,45.72,87,295.38,1451
La Libertad,AUTOBUS,84.37,214,135.0,532
La Democracia,LIVIANO,32.08,68,301.09,786
La Democracia,PESADO,89.34,285,266.26,1070
La Democracia,AUTOBUS,47.29,135,178.28,768
San Miguel Acatán,LIVIANO,93.46,202,289.42,823
San Miguel Acatán,PESADO,33.36,115,130.49,705
San Miguel Acatán,AUTOBUS,76.53,182,202.67,970
San Rafael La Independencia,LIVIANO,37.5,85,224.02,500
San Rafael La Independencia,PESADO,44.19,94,239.12,700
San Rafael La Independencia,AUTOBUS,50.12,145,194.82,882
Todos Santos Cuchumatán,LIVIANO,69.99,156,239.77,733
Todos Santos Cuchumatán,PESADO,76.83,271,278.94,1160
Todos Santos Cuchumatán,AUTOBUS,77.77,215,260.77,1264
San Juan Atitán,LIVIANO,80.8,107,233.49,799
San Juan Atitán,PESADO,84.62,291,295.11,1265
San Juan Atitán,AUTOBUS,20.35,49,209.73,901
Santa Eulalia,LIVIANO,28.24,60,175.1,573
Santa Eulalia,PESADO,56.09,174,261.93,1009
Santa Eulalia,AUTOBUS,53.32,157,266.71,781
San Mateo Ixtatán,LIVIANO,41.56,46,117.7,371
San Mateo Ixtatán,PESADO,51.57,168,121.47,571
San Mateo Ixtatán,AUTOBUS,64.42,202,220.98,730
Colotenango,LIVIANO,48.4,111,150.04,302
Colotenango,PESADO,22.18,48,263.78,1347
Colotenango,AUTOBUS,59.74,96,248.11,1183
San Sebastián Huehuetenango,LIVIANO,30.38,48,286.17,916
San Sebastián Huehuetenango,PESADO,76.32,250,115.46,608
San Sebastián Huehuetenango,AUTOBUS,28.81,80,189.26,648
Tectitán,LIVIANO,59.19,102,268.59,840
Tectitán,PESADO,18.33,39,206.4,944
Tectitán,AUTOBUS,92.8,230,243.88,1097
Concepción Huista,LIVIANO,64.6,131,247.7,564
Concepción Huista,PESADO,53.95,172,132.46,408
Concepción Huista,AUTOBUS,6.71,16,146.03,502
San Juan Ixcoy,LIVIANO,35.14,47,197.22,423
San Juan Ixcoy,PESADO,15.19,43,303.55,963
San Juan Ixcoy,AUTOBUS,44.6,132,187.5,627
San Antonio Huista,LIVIANO,69.71,77,163.88,335
San Antonio Huista,PESADO,34.49,61,157.85,529
San Antonio Huista,AUTOBUS,40.46,80,220.26,930
San Sebastián Coatán,LIVIANO,44.86,89,301.44,977
San Sebastián Coatán,PESADO,31.4,55,207.73,859
San Sebastián Coatán,AUTOBUS,37.65,78,271.96,770
Barillas,LIVIANO,29.63,65,181.64,353
Barillas,PESADO,28.23,72,216.24,748
Barillas,AUTOBUS,26.75,44,239.44,660
Aguacatán,LIVIANO,76.54,162,260.18,673
Aguacatán,PESADO,41.56,100,277.63,904
Aguacatán,AUTOBUS,34.63,84,256.22,902
San Rafael Petzal,LIVIANO,79.97,149,290.69,752
San Rafael Petzal,PESADO,7.06,12,145.23,792
San Rafael Petzal,AUTOBUS,92.36,245,266.78,1213
San Gaspar Ixchil,LIVIANO,2.65,6,277.94,878
San Gaspar Ixchil,PESADO,36.77,63,157.84,512
San Gaspar Ixchil,AUTOBUS,87.96,171,194.17,627
Santiago Chimaltenango,LIVIANO,30.54,42,287.06,609
Santiago Chimaltenango,PESADO,69.41,258,270.96,1428
Santiago Chimaltenango,AUTOBUS,32.1,85,112.8,432
Santa Ana Huista,LIVIANO,78.0,96,113.88,309
Santa Ana Huista,PESADO,67.63,211,206.56,926
Santa Ana Huista,AUTOBUS,48.5,81,247.64,639
Unión Cantinil,LIVIANO,88.45,170,285.43,664
Unión Cantinil,PESADO,2.84,5,150.77,612
Unión Cantinil,AUTOBUS,62.13,107,219.39,614
Petatán,LIVIANO,65.66,84,242.89,750
Petatán,PESADO,74.83,151,236.7,1104
Petatán,AUTOBUS,61.11,96,232.77,617
Santa Cruz del Quiché,LIVIANO,79.75,96,263.58,598
Santa Cruz del Quiché,PESADO,85.47,229,309.45,1641
Santa Cruz del Quiché,AUTOBUS,60.02,159,263.43,861
Chiché,LIVIANO,24.03,34,185.26,406
Chiché,PESADO,10.62,34,309.67,1614
Chiché,AUTOBUS,5.47,9,162.24,565
Chinique,LIVIANO,84.15,124,156.64,536
Chinique,PESADO,65.2,216,240.67,732
Chinique,AUTOBUS,68.79,139,274.16,1163
Zacualpa,LIVIANO,82.31,123,197.02,445
Zacualpa,PESADO,54.23,181,127.7,596
Zacualpa,AUTOBUS,12.73,39,137.99,568
Chajul,LIVIANO,45.63,61,146.21,314
Chajul,PESADO,8.37,25,157.6,673
Chajul,AUTOBUS,20.8,57,224.17,946
Chichicastenango,LIVIANO,91.19,213,150.03,355
Chichicastenango,PESADO,21.49,36,122.77,496
Chichicastenango,AUTOBUS,4.28,10,307.57,1474
Patzité,LIVIANO,74.68,180,141.52,265
Patzité,PESADO,92.9,213,281.5,1286
Patzité,AUTOBUS,23.76,71,193.55,909
San Antonio Ilotenango,LIVIANO,4.15,7,172.19,389
San Antonio Ilotenango,PESADO,39.96,136,186.71,1019
San Antonio Ilotenango,AUTOBUS,5.43,15,120.03,403
San Pedro Jocopilas,LIVIANO,40.19,75,177.6,319
San Pedro Jocopilas,PESADO,71.45,163,191.64,552
San Pedro Jocopilas,AUTOBUS,38.17,105,221.38,868
Cunén,LIVIANO,54.19,86,176.11,576
Cunén,PESADO,25.48,55,205.66,798
Cunén,AUTOBUS,78.25,137,238.28,844
San Juan Cotzal,LIVIANO,76.9,105,127.09,432
San Juan Cotzal,PESADO,86.95,310,240.84,1177
San Juan Cotzal,AUTOBUS,44.87,91,192.07,704
Joyabaj,LIVIANO,83.18,139,219.28,557
Joyabaj,PESADO,23.43,81,240.01,1099
Joyabaj,AUTOBUS,87.07,153,156.62,404
Nebaj,LIVIANO,83.89,122,170.52,374
Nebaj,PESADO,68.31,121,296.57,1377
Nebaj,AUTOBUS,38.69,58,214.61,922
San Andrés Sajcabajá,LIVIANO,13.39,19,299.99,654
San Andrés Sajcabajá,PESADO,94.43,165,299.88,1584
San Andrés Sajcabajá,AUTOBUS,5.44,13,113.34,392
Uspantán,LIVIANO,87.55,187,143.45,406
Uspantán,PESADO,76.2,228,235.81,756
Uspantán,AUTOBUS,44.44,136,149.66,631
Sacapulas,LIVIANO,29.21,69,174.8,400
Sacapulas,PESADO,22.36,67,274.96,985
Sacapulas,AUTOBUS,59.37,101,137.7,652
San Bartolomé Jocotenango,LIVIANO,15.55,31,217.25,442
San Bartolomé Jocotenango,PESADO,68.62,210,149.3,580
San Bartolomé Jocotenango,AUTOBUS,76.72,146,292.47,1202
Canillá,LIVIANO,69.66,157,191.05,514
Canillá,PESADO,78.63,252,158.64,732
Canillá,AUTOBUS,33.34,59,267.01,802
Chicamán,LIVIANO,51.5,128,292.61,658
Chicamán,PESADO,71.04,153,214.61,684
Chicamán,AUTOBUS,10.93,20,245.08,799
Ixcán,LIVIANO,14.03,24,307.23,1050
Ixcán,PESADO,85.66,255,289.32,1425
Ixcán,AUTOBUS,49.83,150,237.07,951
Pachalum,LIVIANO,70.77,129,264.13,811
Pachalum,PESADO,56.04,96,278.77,1412
Pachalum,AUTOBUS,79.27,232,290.4,1373
Salamá,LIVIANO,22.42,30,199.56,366
Salamá,PESADO,15.04,55,248.1,851
Salamá,AUTOBUS,81.3,192,137.25,438
San Miguel Chicaj,LIVIANO,54.92,136,187.47,461
San Miguel Chicaj,PESADO,15.11,30,138.4,584
San Miguel Chicaj,AUTOBUS,88.68,253,246.85,784
Rabinal,LIVIANO,89.94,141,239.1,594
Rabinal,PESADO,45.29,142,259.9,1414
Rabinal,AUTOBUS,7.75,16,124.06,436
Cubulco,LIVIANO,18.94,23,171.96,320
Cubulco,PESADO,7.49,15,141.74,516
Cubulco,AUTOBUS,47.69,144,243.8,970
Granados,LIVIANO,73.32,103,164.63,371
Granados,PESADO,91.53,310,299.78,1524
Granados,AUTOBUS,11.92,27,249.33,894
El Chol,LIVIANO,55.88,79,117.9,284
El Chol,PESADO,47.51,99,117.83,531
El Chol,AUTOBUS,67.87,141,293.04,1311
San Jerónimo,LIVIANO,90.56,104,250.92,456
San Jerónimo,PESADO,53.45,93,145.16,603
San Jerónimo,AUTOBUS,17.17,33,203.15,530
Purulhá,LIVIANO,54.61,66,144.03,497
Purulhá,PESADO,21.61,51,120.43,600
Purulhá,AUTOBUS,83.74,145,250.96,814
Cobán,LIVIANO,27.89,52,215.3,460
Cobán,PESADO,15.59,51,128.68,556
Cobán,AUTOBUS,47.08,126,266.93,1234
Santa Cruz Verapaz,LIVIANO,71.09,128,122.66,333
Santa Cruz Verapaz,PESADO,61.29,172,218.4,1076
Santa Cruz Verapaz,AUTOBUS,20.22,37,275.6,1036
San Cristóbal Verapaz,LIVIANO,16.22,27,226.14,635
San Cristóbal Verapaz,PESADO,84.19,139,224.21,740
San Cristóbal Verapaz,AUTOBUS,85.6,178,194.76,520
Tactic,LIVIANO,41.41,87,159.03,351
Tactic,PESADO,53.81,201,160.11,540
Tactic,AUTOBUS,6.21,13,120.67,347
Tamahú,LIVIANO,82.78,95,237.48,570
Tamahú,PESADO,85.39,205,261.67,1371
Tamahú,AUTOBUS,42.55,78,297.26,1171
Tucurú,LIVIANO,10.22,14,261.35,897
Tucurú,PESADO,81.05,277,179.55,704
Tucurú,AUTOBUS,77.63,150,171.26,536
Panzós,LIVIANO,94.94,126,156.96,519
Panzós,PESADO,3.67,6,182.81,684
Panzós,AUTOBUS,22.63,57,278.97,1281
Senahú,LIVIANO,35.29,63,147.5,463
Senahú,PESADO,5.75,12,259.87,1198
Senahú,AUTOBUS,68.13,136,221.72,958
San Pedro Carchá,LIVIANO,2.81,5,174.23,454
San Pedro Carchá,PESADO,64.19,118,114.17,414
San Pedro Carchá,AUTOBUS,32.83,46,266.81,1037
San Juan Chamelco,LIVIANO,84.71,144,268.79,615
San Juan Chamelco,PESADO,85.86,280,117.68,460
San Juan Chamelco,AUTOBUS,5.05,11,265.67,923
Lanquín,LIVIANO,34.03,57,295.85,584
Lanquín,PESADO,56.94,198,166.52,838
Lanquín,AUTOBUS,20.07,45,248.38,841
Cahabón,LIVIANO,9.64,17,249.64,795
Cahabón,PESADO,9.59,16,269.18,932
Cahabón,AUTOBUS,57.76,158,203.33,810
Chisec,LIVIANO,56.52,97,297.16,581
Chisec,PESADO,62.95,228,189.57,859
Chisec,AUTOBUS,4.44,7,257.53,1012
Chahal,LIVIANO,17.92,29,208.21,416
Chahal,PESADO,8.44,18,280.19,985
Chahal,AUTOBUS,36.06,68,227.67,852
Fray Bartolomé de Las Casas,LIVIANO,79.35,160,253.38,879
Fray Bartolomé de Las Casas,PESADO,75.53,259,123.36,681
Fray Bartolomé de Las Casas,AUTOBUS,56.96,174,273.91,791
Santa Catalina La Tinta,LIVIANO,39.1,97,271.51,679
Santa Catalina La Tinta,PESADO,86.23,162,245.82,1241
Santa Catalina La Tinta,AUTOBUS,9.62,18,291.47,893
Raxruhá,LIVIANO,42.57,89,289.04,869
Raxruhá,PESADO,88.01,172,212.18,1126
Raxruhá,AUTOBUS,23.67,62,246.53,943
Flores,LIVIANO,27.89,45,288.98,681
Flores,PESADO,35.09,124,152.88,601
Flores,AUTOBUS,50.53,102,175.09,806
San José,LIVIANO,64.21,134,162.39,527
San José,PESADO,20.74,51,140.42,753
San José,AUTOBUS,24.98,54,207.85,673
San Benito,LIVIANO,65.74,95,144.08,301
San Benito,PESADO,58.1,105,205.48,675
San Benito,AUTOBUS,51.6,118,188.64,757
San Andrés,LIVIANO,2.22,5,138.69,375
San Andrés,PESADO,72.56,243,284.4,1248
San Andrés,AUTOBUS,65.6,93,223.85,863
La Libertad,LIVIANO,75.81,94,142.2,449
La Libertad,PESADO,3.83,10,140.29,752
La Libertad,AUTOBUS,84.33,163,304.29,1262
San Francisco,LIVIANO,51.62,104,141.89,303
San Francisco,PESADO,79.43,294,292.54,952
San Francisco,AUTOBUS,35.84,63,120.77,406
Santa Ana,LIVIANO,51.5,71,300.31,834
Santa Ana,PESADO,94.86,184,168.49,540
Santa Ana,AUTOBUS,42.82,78,262.44,1023
Dolores,LIVIANO,66.45,117,220.88,736
Dolores,PESADO,26.83,54,220.81,1072
Dolores,AUTOBUS,26.54,48,250.12,1218
San Luis,LIVIANO,5.01,12,199.43,624
San Luis,PESADO,31.67,93,254.18,817
San Luis,AUTOBUS,33.79,91,110.1,292
Sayaxché,LIVIANO,83.06,189,174.17,483
Sayaxché,PESADO,73.19,189,289.64,1169
Sayaxché,AUTOBUS,61.78,197,309.41,1304
Melchor de Mencos,LIVIANO,53.66,95,264.86,708
Melchor de Mencos,PESADO,17.33,48,271.87,929
Melchor de Mencos,AUTOBUS,52.55,89,133.65,543
Poptún,LIVIANO,5.07,9,287.95,519
Poptún,PESADO,28.5,93,225.42,1096
Poptún,AUTOBUS,66.25,191,295.31,972
Las Cruces,LIVIANO,93.78,206,287.9,630
Las Cruces,PESADO,52.99,178,157.81,774
Las Cruces,AUTOBUS,84.39,158,276.51,1020
El Chal,LIVIANO,74.82,153,191.08,650
El Chal,PESADO,12.8,39,272.45,1196
El Chal,AUTOBUS,66.33,143,222.2,984
Puerto Barrios,LIVIANO,30.53,71,227.68,507
Puerto Barrios,PESADO,39.43,81,307.28,1238
Puerto Barrios,AUTOBUS,15.24,36,174.27,558
Lívingston,LIVIANO,13.28,27,119.82,357
Lívingston,PESADO,61.29,204,260.64,1334
Lívingston,AUTOBUS,90.65,217,193.35,739
El Estor,LIVIANO,63.49,150,192.54,466
El Estor,PESADO,74.23,249,280.04,1003
El Estor,AUTOBUS,83.9,130,201.05,676
Morales,LIVIANO,64.68,80,195.94,358
Morales,PESADO,75.62,253,112.16,531
Morales,AUTOBUS,59.91,126,289.78,792
Los Amates,LIVIANO,4.99,10,202.96,642
Los Amates,PESADO,70.17,162,142.09,411
Los Amates,AUTOBUS,41.94,71,126.07,456
Zacapa,LIVIANO,70.03,111,305.92,1017
Zacapa,PESADO,10.49,21,262.14,804
Zacapa,AUTOBUS,14.04,37,300.89,1446
Estanzuela,LIVIANO,59.62,67,121.47,318
Estanzuela,PESADO,34.17,60,134.88,412
Estanzuela,AUTOBUS,73.84,162,186.81,708
Río Hondo,LIVIANO,80.54,128,125.69,234
Río Hondo,PESADO,18.13,49,252.98,1185
Río Hondo,AUTOBUS,52.29,128,139.8,630
Gualán,LIVIANO,81.37,178,217.06,747
Gualán,PESADO,51.26,186,267.52,1088
Gualán,AUTOBUS,36.87,89,116.83,471
Teculután,LIVIANO,83.87,110,148.14,388
Teculután,PESADO,87.72,258,271.24,1104
Teculután,AUTOBUS,86.98,200,146.19,386
Usumatlán,LIVIANO,15.26,30,132.43,273
Usumatlán,PESADO,70.98,129,300.97,1054
Usumatlán,AUTOBUS,66.88,209,290.68,1330
Cabañas,LIVIANO,51.27,114,257.82,710
Cabañas,PESADO,47.27,174,133.72,444
Cabañas,AUTOBUS,78.9,243,232.66,859
San Diego,LIVIANO,25.48,55,216.97,484
San Diego,PESADO,76.79,153,143.56,777
San Diego,AUTOBUS,23.95,65,239.01,648
La Unión,LIVIANO,78.54,90,270.05,672
La Unión,PESADO,65.7,115,215.43,1078
La Unión,AUTOBUS,91.85,283,303.33,1064
Huité,LIVIANO,69.57,84,241.56,440
Huité,PESADO,72.61,190,185.46,995
Huité,AUTOBUS,66.23,148,115.09,302
San Jorge,LIVIANO,17.74,40,300.9,957
San Jorge,PESADO,50.17,124,292.15,1462
San Jorge,AUTOBUS,83.17,219,209.99,688
Chiquimula,LIVIANO,5.07,5,264.02,645
Chiquimula,PESADO,78.45,186,212.24,1038
Chiquimula,AUTOBUS,69.33,104,201.29,634
San José La Arada,LIVIANO,64.08,103,262.36,652
San José La Arada,PESADO,4.05,13,220.41,840
San José La Arada,AUTOBUS,13.69,39,284.64,782
San Juan Ermita,LIVIANO,20.36,24,286.26,618
San Juan Ermita,PESADO,22.93,75,205.59,812
San Juan Ermita,AUTOBUS,23.13,45,184.31,534
Jocotán,LIVIANO,85.0,99,280.95,668
Jocotán,PESADO,66.81,228,276.47,1264
Jocotán,AUTOBUS,4.83,7,115.78,550
Camotán,LIVIANO,66.05,155,261.79,675
Camotán,PESADO,85.45,234,279.16,1054
Camotán,AUTOBUS,82.8,252,130.95,561
Olopa,LIVIANO,6.13,13,303.78,736
Olopa,PESADO,76.72,234,277.55,936
Olopa,AUTOBUS,60.56,152,271.51,1089
Esquipulas,LIVIANO,87.86,114,159.09,401
Esquipulas,PESADO,35.98,85,116.17,419
Esquipulas,AUTOBUS,31.75,66,192.41,730
Concepción Las Minas,LIVIANO,81.81,141,272.8,693
Concepción Las Minas,PESADO,17.08,31,214.48,958
Concepción Las Minas,AUTOBUS,78.32,156,208.02,859
Quezaltepeque,LIVIANO,16.58,27,131.45,443
Quezaltepeque,PESADO,85.97,234,199.19,1099
Quezaltepeque,AUTOBUS,88.44,284,253.49,660
San Jacinto,LIVIANO,91.81,222,220.29,450
San Jacinto,PESADO,90.24,156,238.55,1256
San Jacinto,AUTOBUS,16.23,23,125.85,595
Ipala,LIVIANO,56.94,66,212.62,599
Ipala,PESADO,51.85,193,126.13,510
Ipala,AUTOBUS,30.49,50,305.85,1145
Jalapa,LIVIANO,35.67,76,247.58,827
Jalapa,PESADO,4.13,15,191.33,873
Jalapa,AUTOBUS,35.52,88,279.03,1313
San Pedro Pinula,LIVIANO,2.25,5,265.58,714
San Pedro Pinula,PESADO,55.07,192,228.44,918
San Pedro Pinula,AUTOBUS,7.65,16,224.58,607
San Luis Jilotepeque,LIVIANO,45.65,94,308.33,989
San Luis Jilotepeque,PESADO,4.91,10,266.23,859
San Luis Jilotepeque,AUTOBUS,59.8,166,307.35,855
San Manuel Chaparrón,LIVIANO,85.91,208,198.26,404
San Manuel Chaparrón,PESADO,53.78,165,267.1,1259
San Manuel Chaparrón,AUTOBUS,45.47,114,241.06,807
San Carlos Alzatate,LIVIANO,65.78,141,275.61,604
San Carlos Alzatate,PESADO,56.22,172,152.84,508
San Carlos Alzatate,AUTOBUS,85.0,133,258.53,849
Monjas,LIVIANO,11.4,14,115.93,293
Monjas,PESADO,74.79,151,119.32,377
Monjas,AUTOBUS,85.0,224,127.43,357
Mataquescuintla,LIVIANO,74.36,129,245.5,851
Mataquescuintla,PESADO,43.61,120,138.03,625
Mataquescuintla,AUTOBUS,17.35,35,194.29,539
Jutiapa,LIVIANO,74.63,183,225.04,438
Jutiapa,PESADO,69.52,244,200.18,601
Jutiapa,AUTOBUS,38.17,57,296.24,1075
El Progreso,LIVIANO,72.7,112,156.02,450
El Progreso,PESADO,40.63,147,179.63,792
El Progreso,AUTOBUS,8.28,24,112.78,411
Santa Catarina Mita,LIVIANO,32.43,45,218.45,503
Santa Catarina Mita,PESADO,48.46,171,284.2,1224
Santa Catarina Mita,AUTOBUS,48.99,110,268.8,725
Agua Blanca,LIVIANO,90.26,168,184.48,607
Agua Blanca,PESADO,39.18,85,268.01,1062
Agua Blanca,AUTOBUS,81.67,118,260.73,779
Asunción Mita,LIVIANO,13.25,20,118.15,286
Asunción Mita,PESADO,29.48,103,248.26,1350
Asunción Mita,AUTOBUS,16.48,33,249.29,1029
Yupiltepeque,LIVIANO,90.14,219,221.02,486
Yupiltepeque,PESADO,16.03,25,174.56,510
Yupiltepeque,AUTOBUS,48.81,140,222.04,879
Atescatempa,LIVIANO,8.56,20,295.85,575
Atescatempa,PESADO,75.68,183,142.06,496
Atescatempa,AUTOBUS,45.98,127,206.21,919
Jerez,LIVIANO,93.91,232,307.71,983
Jerez,PESADO,71.27,165,275.37,1020
Jerez,AUTOBUS,9.71,27,149.43,669
El Adelanto,LIVIANO,72.69,148,274.78,685
El Adelanto,PESADO,38.67,67,164.6,788
El Adelanto,AUTOBUS,70.87,204,182.89,789
Zapotitlán,LIVIANO,20.29,49,190.42,447
Zapotitlán,PESADO,32.72,103,283.26,1216
Zapotitlán,AUTOBUS,90.43,287,207.75,978
Comapa,LIVIANO,31.32,60,160.16,346
Comapa,PESADO,84.58,202,161.26,721
Comapa,AUTOBUS,58.24,118,278.3,1282
Jalpatagua,LIVIANO,88.22,194,300.18,759
Jalpatagua,PESADO,13.8,36,125.48,571
Jalpatagua,AUTOBUS,32.18,70,225.96,838
Conguaco,LIVIANO,37.04,85,170.95,405
Conguaco,PESADO,31.24,103,292.8,1216
Conguaco,AUTOBUS,14.38,32,232.3,960
Moyuta,LIVIANO,68.89,107,139.11,459
Moyuta,PESADO,16.15,51,280.05,985
Moyuta,AUTOBUS,14.56,40,201.53,632
Pasaco,LIVIANO,66.29,150,204.73,638
Pasaco,PESADO,19.08,45,135.51,508
Pasaco,AUTOBUS,39.1,59,133.05,533
San José Acatempa,LIVIANO,51.29,108,194.99,538
San José Acatempa,PESADO,56.54,96,259.31,907
San José Acatempa,AUTOBUS,78.92,219,299.76,1209
Quesada,LIVIANO,88.63,171,163.98,347
Quesada,PESADO,17.29,43,285.47,1166
Quesada,AUTOBUS,69.03,149,307.59,1446
