ruta_transporte_codigo,proveedor_codigo,hora_salida,frecuencia,tarifa_q,duracion_estimada_minutos
RUT_1_48_0000,PROV_GT01_0009,05:00:00,Diario,46.46,63
RUT_2_49_0001,PROV_GT01_0010,06:15:00,Cada 30 minutos,19.4,69
RUT_3_50_0002,PROV_GT01_0011,07:30:00,Cada hora,118.65,229
RUT_4_51_0003,PROV_GT01_0012,08:45:00,Lunes a Viernes,48.02,103
RUT_5_52_0004,PROV_GT01_0013,09:00:00,Solo fines de semana,60.29,195
RUT_6_53_0005,PROV_GT01_0014,10:15:00,Cada 15 minutos,122.8,68
RUT_7_54_0006,PROV_GT01_0015,11:30:00,Diario,29.28,164
RUT_8_55_0007,PROV_GT01_0016,12:45:00,Cada 30 minutos,124.01,128
RUT_9_56_0008,PROV_GT01_0017,13:00:00,Cada hora,87.0,105
RUT_10_57_0009,PROV_GT02_0018,14:15:00,Lunes a Viernes,39.42,235
RUT_11_58_0010,PROV_GT02_0019,15:30:00,Solo fines de semana,37.2,44
RUT_12_59_0011,PROV_GT02_0020,16:45:00,Cada 15 minutos,22.75,87
RUT_13_60_0012,PROV_GT02_0021,17:00:00,Diario,86.01,104
RUT_14_61_0013,PROV_GT02_0022,18:15:00,Cada 30 minutos,33.75,64
RUT_15_62_0014,PROV_GT02_0023,05:30:00,Cada hora,66.18,183
RUT_16_63_0015,PROV_GT02_0024,06:45:00,Lunes a Viernes,29.62,179
RUT_17_64_0016,PROV_GT02_0025,07:00:00,Solo fines de semana,32.72,81
RUT_18_65_0017,PROV_GT03_0026,08:15:00,Cada 15 minutos,36.29,29
RUT_19_66_0018,PROV_GT03_0027,09:30:00,Diario,145.23,194
RUT_20_67_0019,PROV_GT03_0028,10:45:00,Cada 30 minutos,105.38,204
RUT_21_68_0020,PROV_GT03_0029,11:00:00,Cada hora,99.08,150
RUT_22_69_0021,PROV_GT03_0030,12:15:00,Lunes a Viernes,33.46,67
RUT_23_70_0022,PROV_GT03_0031,13:30:00,Solo fines de semana,29.68,169
RUT_24_71_0023,PROV_GT03_0032,14:45:00,Cada 15 minutos,108.59,240
RUT_25_72_0024,PROV_GT03_0033,15:00:00,Diario,144.15,20
RUT_26_73_0025,PROV_GT03_0034,16:15:00,Cada 30 minutos,137.41,30
RUT_27_74_0026,PROV_GT03_0035,17:30:00,Cada hora,26.49,208
RUT_28_75_0027,PROV_GT03_0036,18:45:00,Lunes a Viernes,59.36,65
RUT_29_76_0028,PROV_GT03_0037,05:00:00,Solo fines de semana,43.82,82
RUT_30_77_0029,PROV_GT03_0038,06:15:00,Cada 15 minutos,5.53,146
RUT_31_78_0030,PROV_GT03_0039,07:30:00,Diario,37.19,208
RUT_32_79_0031,PROV_GT03_0040,08:45:00,Cada 30 minutos,107.0,58
RUT_33_80_0032,PROV_GT03_0041,09:00:00,Cada hora,35.56,89
RUT_34_81_0033,PROV_GT04_0042,10:15:00,Lunes a Viernes,120.84,126
RUT_35_82_0034,PROV_GT04_0043,11:30:00,Solo fines de semana,103.28,81
RUT_36_83_0035,PROV_GT04_0044,12:45:00,Cada 15 minutos,38.98,180
RUT_37_84_0036,PROV_GT04_0045,13:00:00,Diario,35.05,76
RUT_38_85_0037,PROV_GT04_0046,14:15:00,Cada 30 minutos,142.7,230
RUT_39_86_0038,PROV_GT04_0047,15:30:00,Cada hora,131.95,78
RUT_40_87_0039,PROV_GT04_0048,16:45:00,Lunes a Viernes,22.5,184
RUT_41_88_0040,PROV_GT04_0049,17:00:00,Solo fines de semana,126.93,89
RUT_42_89_0041,PROV_GT04_0050,18:15:00,Cada 15 minutos,119.72,108
RUT_43_90_0042,PROV_GT04_0051,05:30:00,Diario,101.01,206
RUT_44_91_0043,PROV_GT04_0052,06:45:00,Cada 30 minutos,131.85,175
RUT_45_92_0044,PROV_GT04_0053,07:00:00,Cada hora,130.55,63
RUT_46_93_0045,PROV_GT04_0054,08:15:00,Lunes a Viernes,46.99,170
RUT_47_94_0046,PROV_GT04_0055,09:30:00,Solo fines de semana,139.56,193
RUT_48_95_0047,PROV_GT04_0056,10:45:00,Cada 15 minutos,143.99,148
RUT_49_96_0048,PROV_GT04_0057,11:00:00,Diario,83.11,114
RUT_50_97_0049,PROV_GT05_0058,12:15:00,Cada 30 minutos,38.98,35
RUT_51_98_0050,PROV_GT05_0059,13:30:00,Cada hora,137.58,20
RUT_52_99_0051,PROV_GT05_0060,14:45:00,Lunes a Viernes,26.66,198
RUT_53_100_0052,PROV_GT05_0061,15:00:00,Solo fines de semana,59.44,103
RUT_54_101_0053,PROV_GT05_0062,16:15:00,Cada 15 minutos,122.92,130
RUT_55_102_0054,PROV_GT05_0063,17:30:00,Diario,147.1,37
RUT_56_103_0055,PROV_GT05_0064,18:45:00,Cada 30 minutos,120.58,190
RUT_57_104_0056,PROV_GT05_0065,05:00:00,Cada hora,30.17,161
RUT_58_105_0057,PROV_GT05_0066,06:15:00,Lunes a Viernes,107.59,189
RUT_59_106_0058,PROV_GT05_0067,07:30:00,Solo fines de semana,76.22,124
RUT_60_107_0059,PROV_GT05_0068,08:45:00,Cada 15 minutos,130.7,118
RUT_61_108_0060,PROV_GT05_0069,09:00:00,Diario,35.24,152
RUT_62_109_0061,PROV_GT05_0070,10:15:00,Cada 30 minutos,5.27,212
RUT_63_110_0062,PROV_GT05_0071,11:30:00,Cada hora,105.41,38
RUT_64_111_0063,PROV_GT06_0072,12:45:00,Lunes a Viernes,70.44,95
RUT_65_112_0064,PROV_GT06_0073,13:00:00,Solo fines de semana,70.13,127
RUT_66_113_0065,PROV_GT06_0074,14:15:00,Cada 15 minutos,28.79,87
RUT_67_114_0066,PROV_GT06_0075,15:30:00,Diario,114.68,18
RUT_68_115_0067,PROV_GT06_0076,16:45:00,Cada 30 minutos,114.03,22
RUT_69_116_0068,PROV_GT06_0077,17:00:00,Cada hora,143.81,130
RUT_70_117_0069,PROV_GT06_0078,18:15:00,Lunes a Viernes,86.49,137
RUT_71_118_0070,PROV_GT06_0079,05:30:00,Solo fines de semana,91.76,105
RUT_72_119_0071,PROV_GT06_0080,06:45:00,Cada 15 minutos,133.03,31
RUT_73_120_0072,PROV_GT06_0081,07:00:00,Diario,87.56,184
RUT_74_121_0073,PROV_GT06_0082,08:15:00,Cada 30 minutos,131.91,123
RUT_75_122_0074,PROV_GT06_0083,09:30:00,Cada hora,35.05,168
RUT_76_123_0075,PROV_GT06_0084,10:45:00,Lunes a Viernes,86.23,149
RUT_77_124_0076,PROV_GT06_0085,11:00:00,Solo fines de semana,25.11,158
RUT_78_125_0077,PROV_GT07_0086,12:15:00,Cada 15 minutos,48.88,166
RUT_79_126_0078,PROV_GT07_0087,13:30:00,Diario,42.08,118
RUT_80_127_0079,PROV_GT07_0088,14:45:00,Cada 30 minutos,132.49,89
RUT_81_128_0080,PROV_GT07_0089,15:00:00,Cada hora,18.05,87
RUT_82_129_0081,PROV_GT07_0090,16:15:00,Lunes a Viernes,116.86,20
RUT_83_130_0082,PROV_GT07_0091,17:30:00,Solo fines de semana,16.64,117
RUT_84_131_0083,PROV_GT07_0092,18:45:00,Cada 15 minutos,113.42,35
RUT_85_132_0084,PROV_GT07_0093,05:00:00,Diario,131.41,53
RUT_86_133_0085,PROV_GT07_0094,06:15:00,Cada 30 minutos,47.03,170
RUT_87_134_0086,PROV_GT07_0095,07:30:00,Cada hora,58.55,237
RUT_88_135_0087,PROV_GT07_0096,08:45:00,Lunes a Viernes,119.62,55
RUT_89_136_0088,PROV_GT07_0097,09:00:00,Solo fines de semana,42.19,159
RUT_90_137_0089,PROV_GT07_0098,10:15:00,Cada 15 minutos,139.34,199
RUT_91_138_0090,PROV_GT07_0099,11:30:00,Diario,145.95,196
RUT_92_139_0091,PROV_GT07_0100,12:45:00,Cada 30 minutos,126.1,47
RUT_93_140_0092,PROV_GT07_0101,13:00:00,Cada hora,121.37,209
RUT_94_141_0093,PROV_GT07_0102,14:15:00,Lunes a Viernes,58.18,169
RUT_95_142_0094,PROV_GT07_0103,15:30:00,Solo fines de semana,146.42,25
RUT_96_143_0095,PROV_GT07_0104,16:45:00,Cada 15 minutos,32.5,123
RUT_97_144_0096,PROV_GT07_0105,17:00:00,Diario,133.24,61
RUT_98_145_0097,PROV_GT08_0106,18:15:00,Cada 30 minutos,131.35,177
RUT_99_146_0098,PROV_GT08_0107,05:30:00,Cada hora,135.38,164
RUT_100_147_0099,PROV_GT08_0108,06:45:00,Lunes a Viernes,73.27,107
RUT_101_148_0100,PROV_GT08_0109,07:00:00,Solo fines de semana,12.52,95
RUT_102_149_0101,PROV_GT08_0110,08:15:00,Cada 15 minutos,27.84,162
RUT_103_150_0102,PROV_GT08_0111,09:30:00,Diario,98.83,221
RUT_104_151_0103,PROV_GT08_0112,10:45:00,Cada 30 minutos,43.14,138
RUT_105_152_0104,PROV_GT08_0113,11:00:00,Cada hora,58.92,59
RUT_106_153_0105,PROV_GT09_0114,12:15:00,Lunes a Viernes,47.02,190
RUT_107_154_0106,PROV_GT09_0115,13:30:00,Solo fines de semana,132.27,19
RUT_108_155_0107,PROV_GT09_0116,14:45:00,Cada 15 minutos,138.31,55
RUT_109_156_0108,PROV_GT09_0117,15:00:00,Diario,108.23,99
RUT_110_157_0109,PROV_GT09_0118,16:15:00,Cada 30 minutos,105.83,177
RUT_111_158_0110,PROV_GT09_0119,17:30:00,Cada hora,94.81,90
RUT_112_159_0111,PROV_GT09_0120,18:45:00,Lunes a Viernes,94.29,161
RUT_113_160_0112,PROV_GT09_0121,05:00:00,Solo fines de semana,108.57,238
RUT_114_161_0113,PROV_GT09_0122,06:15:00,Cada 15 minutos,18.76,197
RUT_115_162_0114,PROV_GT09_0123,07:30:00,Diario,71.79,96
RUT_116_163_0115,PROV_GT09_0124,08:45:00,Cada 30 minutos,112.34,24
RUT_117_164_0116,PROV_GT09_0125,09:00:00,Cada hora,88.17,226
RUT_118_165_0117,PROV_GT09_0126,10:15:00,Lunes a Viernes,100.49,217
RUT_119_166_0118,PROV_GT09_0127,11:30:00,Solo fines de semana,76.31,207
RUT_120_167_0119,PROV_GT09_0128,12:45:00,Cada 15 minutos,64.16,80
RUT_121_168_0120,PROV_GT09_0129,13:00:00,Diario,138.86,51
RUT_122_169_0121,PROV_GT09_0130,14:15:00,Cada 30 minutos,104.52,103
RUT_123_170_0122,PROV_GT09_0131,15:30:00,Cada hora,56.26,172
RUT_124_171_0123,PROV_GT09_0132,16:45:00,Lunes a Viernes,36.78,135
RUT_125_172_0124,PROV_GT09_0133,17:00:00,Solo fines de semana,54.39,173
RUT_126_173_0125,PROV_GT09_0134,18:15:00,Cada 15 minutos,40.05,92
RUT_127_174_0126,PROV_GT09_0135,05:30:00,Diario,93.29,24
RUT_128_175_0127,PROV_GT09_0136,06:45:00,Cada 30 minutos,144.46,82
RUT_129_176_0128,PROV_GT09_0137,07:00:00,Cada hora,8.25,23
RUT_130_177_0129,PROV_GT10_0138,08:15:00,Lunes a Viernes,6.8,124
RUT_131_178_0130,PROV_GT10_0139,09:30:00,Solo fines de semana,24.15,237
RUT_132_179_0131,PROV_GT10_0140,10:45:00,Cada 15 minutos,12.73,223
RUT_133_180_0132,PROV_GT10_0141,11:00:00,Diario,66.7,239
RUT_134_181_0133,PROV_GT10_0142,12:15:00,Cada 30 minutos,6.07,15
RUT_135_182_0134,PROV_GT10_0143,13:30:00,Cada hora,119.91,179
RUT_136_183_0135,PROV_GT10_0144,14:45:00,Lunes a Viernes,123.49,232
RUT_137_184_0136,PROV_GT10_0145,15:00:00,Solo fines de semana,20.64,238
RUT_138_185_0137,PROV_GT10_0146,16:15:00,Cada 15 minutos,82.87,141
RUT_139_186_0138,PROV_GT10_0147,17:30:00,Diario,112.35,51
RUT_140_187_0139,PROV_GT10_0148,18:45:00,Cada 30 minutos,91.51,126
RUT_141_188_0140,PROV_GT10_0149,05:00:00,Cada hora,83.48,15
RUT_142_189_0141,PROV_GT10_0150,06:15:00,Lunes a Viernes,6.26,62
RUT_143_190_0142,PROV_GT10_0151,07:30:00,Solo fines de semana,45.68,233
RUT_144_191_0143,PROV_GT10_0152,08:45:00,Cada 15 minutos,134.5,135
RUT_145_192_0144,PROV_GT10_0153,09:00:00,Diario,119.06,171
RUT_146_193_0145,PROV_GT10_0154,10:15:00,Cada 30 minutos,8.09,193
RUT_147_194_0146,PROV_GT10_0155,11:30:00,Cada hora,129.76,111
RUT_148_195_0147,PROV_GT10_0156,12:45:00,Lunes a Viernes,6.7,17
RUT_149_196_0148,PROV_GT10_0157,13:00:00,Solo fines de semana,61.02,35
RUT_150_197_0149,PROV_GT10_0158,14:15:00,Cada 15 minutos,142.97,64
RUT_151_198_0150,PROV_GT11_0159,15:30:00,Diario,70.78,135
RUT_152_199_0151,PROV_GT11_0160,16:45:00,Cada 30 minutos,119.26,53
RUT_153_200_0152,PROV_GT11_0161,17:00:00,Cada hora,101.31,36
RUT_154_201_0153,PROV_GT11_0162,18:15:00,Lunes a Viernes,16.64,211
RUT_155_202_0154,PROV_GT11_0163,05:30:00,Solo fines de semana,133.2,153
RUT_156_203_0155,PROV_GT11_0164,06:45:00,Cada 15 minutos,140.09,144
RUT_157_204_0156,PROV_GT11_0165,07:00:00,Diario,77.08,15
RUT_158_205_0157,PROV_GT11_0166,08:15:00,Cada 30 minutos,61.74,104
RUT_159_206_0158,PROV_GT11_0167,09:30:00,Cada hora,103.45,238
RUT_160_207_0159,PROV_GT12_0168,10:45:00,Lunes a Viernes,45.0,104
RUT_161_208_0160,PROV_GT12_0169,11:00:00,Solo fines de semana,59.19,30
RUT_162_209_0161,PROV_GT12_0170,12:15:00,Cada 15 minutos,38.62,141
RUT_163_210_0162,PROV_GT12_0171,13:30:00,Diario,85.62,88
RUT_164_211_0163,PROV_GT12_0172,14:45:00,Cada 30 minutos,24.15,50
RUT_165_212_0164,PROV_GT12_0173,15:00:00,Cada hora,44.71,109
RUT_166_213_0165,PROV_GT12_0174,16:15:00,Lunes a Viernes,41.14,143
RUT_167_214_0166,PROV_GT12_0175,17:30:00,Solo fines de semana,141.5,35
RUT_168_215_0167,PROV_GT12_0176,18:45:00,Cada 15 minutos,130.51,128
RUT_169_216_0168,PROV_GT12_0177,05:00:00,Diario,50.89,63
RUT_170_217_0169,PROV_GT12_0178,06:15:00,Cada 30 minutos,143.66,34
RUT_171_218_0170,PROV_GT12_0179,07:30:00,Cada hora,110.07,22
RUT_172_219_0171,PROV_GT12_0180,08:45:00,Lunes a Viernes,133.85,22
RUT_173_220_0172,PROV_GT12_0181,09:00:00,Solo fines de semana,123.02,224
RUT_174_221_0173,PROV_GT12_0182,10:15:00,Cada 15 minutos,75.14,41
RUT_175_222_0174,PROV_GT12_0183,11:30:00,Diario,102.64,88
RUT_176_223_0175,PROV_GT12_0184,12:45:00,Cada 30 minutos,57.46,16
RUT_177_224_0176,PROV_GT12_0185,13:00:00,Cada hora,46.2,109
RUT_178_225_0177,PROV_GT12_0186,14:15:00,Lunes a Viernes,75.97,91
RUT_179_226_0178,PROV_GT12_0187,15:30:00,Solo fines de semana,14.28,115
RUT_180_227_0179,PROV_GT12_0188,16:45:00,Cada 15 minutos,18.53,21
RUT_181_228_0180,PROV_GT12_0189,17:00:00,Diario,74.52,114
RUT_182_229_0181,PROV_GT12_0190,18:15:00,Cada 30 minutos,47.66,80
RUT_183_230_0182,PROV_GT12_0191,05:30:00,Cada hora,85.84,150
RUT_184_231_0183,PROV_GT12_0192,06:45:00,Lunes a Viernes,5.97,80
RUT_185_232_0184,PROV_GT12_0193,07:00:00,Solo fines de semana,96.57,215
RUT_186_233_0185,PROV_GT12_0194,08:15:00,Cada 15 minutos,103.95,73
RUT_187_234_0186,PROV_GT12_0195,09:30:00,Diario,28.32,36
RUT_188_235_0187,PROV_GT12_0196,10:45:00,Cada 30 minutos,12.46,197
RUT_189_236_0188,PROV_GT12_0197,11:00:00,Cada hora,58.12,94
RUT_190_237_0189,PROV_GT13_0198,12:15:00,Lunes a Viernes,132.05,113
RUT_191_238_0190,PROV_GT13_0199,13:30:00,Solo fines de semana,124.35,18
RUT_192_239_0191,PROV_GT13_0200,14:45:00,Cada 15 minutos,89.21,115
RUT_193_240_0192,PROV_GT13_0201,15:00:00,Diario,32.36,109
RUT_194_241_0193,PROV_GT13_0202,16:15:00,Cada 30 minutos,76.33,225
RUT_195_242_0194,PROV_GT13_0203,17:30:00,Cada hora,22.7,59
RUT_196_243_0195,PROV_GT13_0204,18:45:00,Lunes a Viernes,87.03,26
RUT_197_244_0196,PROV_GT13_0205,05:00:00,Solo fines de semana,77.43,73
RUT_198_245_0197,PROV_GT13_0206,06:15:00,Cada 15 minutos,20.07,61
RUT_199_246_0198,PROV_GT13_0207,07:30:00,Diario,39.22,107
RUT_200_247_0199,PROV_GT13_0208,08:45:00,Cada 30 minutos,54.9,55
RUT_201_248_0200,PROV_GT13_0209,09:00:00,Cada hora,102.78,87
RUT_202_249_0201,PROV_GT13_0210,10:15:00,Lunes a Viernes,120.73,104
RUT_203_250_0202,PROV_GT13_0211,11:30:00,Solo fines de semana,84.74,186
RUT_204_251_0203,PROV_GT13_0212,12:45:00,Cada 15 minutos,99.83,65
RUT_205_252_0204,PROV_GT13_0213,13:00:00,Diario,122.66,237
RUT_206_253_0205,PROV_GT13_0214,14:15:00,Cada 30 minutos,139.46,234
RUT_207_254_0206,PROV_GT13_0215,15:30:00,Cada hora,19.48,163
RUT_208_255_0207,PROV_GT13_0216,16:45:00,Lunes a Viernes,35.5,191
RUT_209_256_0208,PROV_GT13_0217,17:00:00,Solo fines de semana,133.44,218
RUT_210_257_0209,PROV_GT13_0218,18:15:00,Cada 15 minutos,74.76,203
RUT_211_258_0210,PROV_GT13_0219,05:30:00,Diario,141.51,187
RUT_212_259_0211,PROV_GT13_0220,06:45:00,Cada 30 minutos,108.71,51
RUT_213_260_0212,PROV_GT13_0221,07:00:00,Cada hora,92.78,179
RUT_214_261_0213,PROV_GT13_0222,08:15:00,Lunes a Viernes,67.37,37
RUT_215_262_0214,PROV_GT13_0223,09:30:00,Solo fines de semana,42.29,176
RUT_216_263_0215,PROV_GT13_0224,10:45:00,Cada 15 minutos,49.08,57
RUT_217_264_0216,PROV_GT13_0225,11:00:00,Diario,48.03,45
RUT_218_265_0217,PROV_GT13_0226,12:15:00,Cada 30 minutos,20.06,157
RUT_219_266_0218,PROV_GT13_0227,13:30:00,Cada hora,142.29,50
RUT_220_267_0219,PROV_GT13_0228,14:45:00,Lunes a Viernes,116.11,65
RUT_221_268_0220,PROV_GT13_0229,15:00:00,Solo fines de semana,58.71,166
RUT_222_269_0221,PROV_GT13_0230,16:15:00,Cada 15 minutos,22.92,33
RUT_223_270_0222,PROV_GT14_0231,17:30:00,Diario,132.79,126
RUT_224_271_0223,PROV_GT14_0232,18:45:00,Cada 30 minutos,59.96,34
RUT_225_272_0224,PROV_GT14_0233,05:00:00,Cada hora,76.25,81
RUT_226_273_0225,PROV_GT14_0234,06:15:00,Lunes a Viernes,86.14,144
RUT_227_274_0226,PROV_GT14_0235,07:30:00,Solo fines de semana,82.22,227
RUT_228_275_0227,PROV_GT14_0236,08:45:00,Cada 15 minutos,25.63,35
RUT_229_276_0228,PROV_GT14_0237,09:00:00,Diario,111.66,39
RUT_230_277_0229,PROV_GT14_0238,10:15:00,Cada 30 minutos,38.55,181
RUT_231_278_0230,PROV_GT14_0239,11:30:00,Cada hora,68.65,148
RUT_232_279_0231,PROV_GT14_0240,12:45:00,Lunes a Viernes,79.18,227
RUT_233_280_0232,PROV_GT14_0241,13:00:00,Solo fines de semana,126.64,165
RUT_234_281_0233,PROV_GT14_0242,14:15:00,Cada 15 minutos,38.81,168
RUT_235_282_0234,PROV_GT14_0243,15:30:00,Diario,76.8,216
RUT_236_283_0235,PROV_GT14_0244,16:45:00,Cada 30 minutos,63.19,152
RUT_237_284_0236,PROV_GT14_0245,17:00:00,Cada hora,37.37,156
RUT_238_285_0237,PROV_GT14_0246,18:15:00,Lunes a Viernes,6.37,27
RUT_239_286_0238,PROV_GT14_0247,05:30:00,Solo fines de semana,9.74,174
RUT_240_287_0239,PROV_GT14_0248,06:45:00,Cada 15 minutos,54.65,158
RUT_241_288_0240,PROV_GT14_0249,07:00:00,Diario,110.42,27
RUT_242_289_0241,PROV_GT14_0250,08:15:00,Cada 30 minutos,41.48,186
RUT_243_290_0242,PROV_GT14_0251,09:30:00,Cada hora,114.57,164
RUT_244_291_0243,PROV_GT15_0252,10:45:00,Lunes a Viernes,28.9,127
RUT_245_292_0244,PROV_GT15_0253,11:00:00,Solo fines de semana,49.63,100
RUT_246_293_0245,PROV_GT15_0254,12:15:00,Cada 15 minutos,56.43,100
RUT_247_294_0246,PROV_GT15_0255,13:30:00,Diario,141.98,219
RUT_248_295_0247,PROV_GT15_0256,14:45:00,Cada 30 minutos,84.48,144
RUT_249_296_0248,PROV_GT15_0257,15:00:00,Cada hora,43.83,116
RUT_250_297_0249,PROV_GT15_0258,16:15:00,Lunes a Viernes,116.49,234
RUT_251_298_0250,PROV_GT15_0259,17:30:00,Solo fines de semana,18.57,169
RUT_252_299_0251,PROV_GT16_0260,18:45:00,Cada 15 minutos,24.93,164
RUT_253_300_0252,PROV_GT16_0261,05:00:00,Diario,34.69,190
RUT_254_301_0253,PROV_GT16_0262,06:15:00,Cada 30 minutos,22.44,78
RUT_255_302_0254,PROV_GT16_0263,07:30:00,Cada hora,48.35,98
RUT_256_303_0255,PROV_GT16_0264,08:45:00,Lunes a Viernes,109.66,201
RUT_257_304_0256,PROV_GT16_0265,09:00:00,Solo fines de semana,111.86,140
RUT_258_305_0257,PROV_GT16_0266,10:15:00,Cada 15 minutos,105.48,27
RUT_259_306_0258,PROV_GT16_0267,11:30:00,Diario,93.9,162
RUT_260_307_0259,PROV_GT16_0268,12:45:00,Cada 30 minutos,103.54,125
RUT_261_308_0260,PROV_GT16_0269,13:00:00,Cada hora,84.24,119
RUT_262_309_0261,PROV_GT16_0270,14:15:00,Lunes a Viernes,33.89,77
RUT_263_310_0262,PROV_GT16_0271,15:30:00,Solo fines de semana,125.9,166
RUT_264_311_0263,PROV_GT16_0272,16:45:00,Cada 15 minutos,85.54,52
RUT_265_312_0264,PROV_GT16_0273,17:00:00,Diario,147.97,86
RUT_266_313_0265,PROV_GT16_0274,18:15:00,Cada 30 minutos,6.49,86
RUT_267_314_0266,PROV_GT16_0275,05:30:00,Cada hora,56.47,125
RUT_268_315_0267,PROV_GT16_0276,06:45:00,Lunes a Viernes,103.79,64
RUT_269_316_0268,PROV_GT17_0277,07:00:00,Solo fines de semana,107.51,96
RUT_270_317_0269,PROV_GT17_0278,08:15:00,Cada 15 minutos,35.62,232
RUT_271_318_0270,PROV_GT17_0279,09:30:00,Diario,108.57,102
RUT_272_319_0271,PROV_GT17_0280,10:45:00,Cada 30 minutos,105.32,240
RUT_273_320_0272,PROV_GT17_0281,11:00:00,Cada hora,6.64,126
RUT_274_321_0273,PROV_GT17_0282,12:15:00,Lunes a Viernes,149.88,117
RUT_275_322_0274,PROV_GT17_0283,13:30:00,Solo fines de semana,128.15,225
RUT_276_323_0275,PROV_GT17_0284,14:45:00,Cada 15 minutos,83.78,207
RUT_277_324_0276,PROV_GT17_0285,15:00:00,Diario,18.34,144
RUT_278_325_0277,PROV_GT17_0286,16:15:00,Cada 30 minutos,9.14,104
RUT_279_326_0278,PROV_GT17_0287,17:30:00,Cada hora,100.4,182
RUT_280_327_0279,PROV_GT17_0288,18:45:00,Lunes a Viernes,139.92,208
RUT_281_328_0280,PROV_GT17_0289,05:00:00,Solo fines de semana,83.71,74
RUT_282_329_0281,PROV_GT17_0290,06:15:00,Cada 15 minutos,84.73,56
RUT_283_330_0282,PROV_GT18_0291,07:30:00,Diario,95.63,52
RUT_284_331_0283,PROV_GT18_0292,08:45:00,Cada 30 minutos,64.83,87
RUT_285_332_0284,PROV_GT18_0293,09:00:00,Cada hora,10.98,25
RUT_286_333_0285,PROV_GT18_0294,10:15:00,Lunes a Viernes,54.69,106
RUT_287_334_0286,PROV_GT18_0295,11:30:00,Solo fines de semana,38.03,96
RUT_288_335_0287,PROV_GT19_0296,12:45:00,Cada 15 minutos,85.87,50
RUT_289_336_0288,PROV_GT19_0297,13:00:00,Diario,125.64,55
RUT_290_337_0289,PROV_GT19_0298,14:15:00,Cada 30 minutos,70.64,80
RUT_291_338_0290,PROV_GT19_0299,15:30:00,Cada hora,129.87,35
RUT_292_339_0291,PROV_GT19_0300,16:45:00,Lunes a Viernes,31.93,71
RUT_293_340_0292,PROV_GT19_0301,17:00:00,Solo fines de semana,5.22,97
RUT_294_341_0293,PROV_GT19_0302,18:15:00,Cada 15 minutos,45.14,27
RUT_295_342_0294,PROV_GT19_0303,05:30:00,Diario,41.29,121
RUT_296_1_0295,PROV_GT19_0304,06:45:00,Cada 30 minutos,104.99,30
RUT_297_2_0296,PROV_GT19_0305,07:00:00,Cada hora,30.38,166
RUT_298_3_0297,PROV_GT19_0306,08:15:00,Lunes a Viernes,128.95,64
RUT_299_4_0298,PROV_GT20_0307,09:30:00,Solo fines de semana,97.45,44
RUT_300_5_0299,PROV_GT20_0308,10:45:00,Cada 15 minutos,109.29,140
RUT_301_6_0300,PROV_GT20_0309,11:00:00,Diario,87.87,74
RUT_302_7_0301,PROV_GT20_0310,12:15:00,Cada 30 minutos,90.84,143
RUT_303_8_0302,PROV_GT20_0311,13:30:00,Cada hora,16.45,162
RUT_304_9_0303,PROV_GT20_0312,14:45:00,Lunes a Viernes,133.19,33
RUT_305_10_0304,PROV_GT20_0313,15:00:00,Solo fines de semana,126.21,72
RUT_306_11_0305,PROV_GT20_0314,16:15:00,Cada 15 minutos,147.3,136
RUT_307_12_0306,PROV_GT20_0315,17:30:00,Diario,38.42,166
RUT_308_13_0307,PROV_GT20_0316,18:45:00,Cada 30 minutos,134.13,48
RUT_309_14_0308,PROV_GT20_0317,05:00:00,Cada hora,44.79,102
RUT_310_15_0309,PROV_GT21_0318,06:15:00,Lunes a Viernes,119.5,222
RUT_311_16_0310,PROV_GT21_0319,07:30:00,Solo fines de semana,91.95,90
RUT_312_17_0311,PROV_GT21_0320,08:45:00,Cada 15 minutos,88.39,92
RUT_313_18_0312,PROV_GT21_0321,09:00:00,Diario,55.57,138
RUT_314_19_0313,PROV_GT21_0322,10:15:00,Cada 30 minutos,85.94,236
RUT_315_20_0314,PROV_GT21_0323,11:30:00,Cada hora,140.88,61
RUT_316_21_0315,PROV_GT21_0324,12:45:00,Lunes a Viernes,12.53,149
RUT_317_22_0316,PROV_GT22_0325,13:00:00,Solo fines de semana,11.67,89
RUT_318_23_0317,PROV_GT22_0326,14:15:00,Cada 15 minutos,65.75,45
RUT_319_24_0318,PROV_GT22_0327,15:30:00,Diario,137.75,205
RUT_320_25_0319,PROV_GT22_0328,16:45:00,Cada 30 minutos,73.19,80
RUT_321_26_0320,PROV_GT22_0329,17:00:00,Cada hora,8.55,37
RUT_322_27_0321,PROV_GT22_0330,18:15:00,Lunes a Viernes,28.34,41
RUT_323_28_0322,PROV_GT22_0331,05:30:00,Solo fines de semana,25.04,176
RUT_324_29_0323,PROV_GT22_0332,06:45:00,Cada 15 minutos,64.99,55
RUT_325_30_0324,PROV_GT22_0333,07:00:00,Diario,129.52,237
RUT_326_31_0325,PROV_GT22_0334,08:15:00,Cada 30 minutos,46.24,103
RUT_327_32_0326,PROV_GT22_0335,09:30:00,Cada hora,40.55,55
RUT_328_33_0327,PROV_GT22_0336,10:45:00,Lunes a Viernes,145.04,126
RUT_329_34_0328,PROV_GT22_0337,11:00:00,Solo fines de semana,31.15,30
RUT_330_35_0329,PROV_GT22_0338,12:15:00,Cada 15 minutos,52.53,214
RUT_331_36_0330,PROV_GT22_0339,13:30:00,Diario,139.05,85
RUT_332_37_0331,PROV_GT22_0340,14:45:00,Cada 30 minutos,19.23,140
RUT_333_38_0332,PROV_GT22_0341,15:00:00,Cada hora,46.68,147
RUT_334_39_0333,PROV_GT01_0342,16:15:00,Lunes a Viernes,131.49,105
RUT_335_40_0334,PROV_GT01_0343,17:30:00,Solo fines de semana,13.09,201
RUT_336_41_0335,PROV_GT01_0344,18:45:00,Cada 15 minutos,55.8,227
RUT_337_42_0336,PROV_GT01_0345,05:00:00,Diario,124.01,95
RUT_338_43_0337,PROV_GT01_0346,06:15:00,Cada 30 minutos,114.12,136
RUT_339_44_0338,PROV_GT01_0347,07:30:00,Cada hora,73.68,237
RUT_340_45_0339,PROV_GT01_0348,08:45:00,Lunes a Viernes,40.22,68
RUT_341_46_0340,PROV_GT01_0349,09:00:00,Solo fines de semana,63.65,230
RUT_342_47_0341,PROV_GT01_0350,10:15:00,Cada 15 minutos,97.54,32
RUT_1_48_0342,PROV_GT01_0351,11:30:00,Diario,29.38,201
RUT_2_49_0343,PROV_GT01_0352,12:45:00,Cada 30 minutos,34.26,202
RUT_3_50_0344,PROV_GT01_0353,13:00:00,Cada hora,105.67,166
RUT_4_51_0345,PROV_GT01_0354,14:15:00,Lunes a Viernes,103.15,61
RUT_5_52_0346,PROV_GT01_0355,15:30:00,Solo fines de semana,38.7,175
RUT_6_53_0347,PROV_GT01_0356,16:45:00,Cada 15 minutos,30.65,240
RUT_7_54_0348,PROV_GT01_0357,17:00:00,Diario,24.29,138
RUT_8_55_0349,PROV_GT01_0358,18:15:00,Cada 30 minutos,115.09,179
RUT_9_56_0350,PROV_GT01_0359,05:30:00,Cada hora,32.82,173
RUT_10_57_0351,PROV_GT02_0360,06:45:00,Lunes a Viernes,35.62,149
RUT_11_58_0352,PROV_GT02_0361,07:00:00,Solo fines de semana,85.25,89
RUT_12_59_0353,PROV_GT02_0362,08:15:00,Cada 15 minutos,101.1,62
RUT_13_60_0354,PROV_GT02_0363,09:30:00,Diario,89.5,43
RUT_14_61_0355,PROV_GT02_0364,10:45:00,Cada 30 minutos,65.84,55
RUT_15_62_0356,PROV_GT02_0365,11:00:00,Cada hora,57.19,39
RUT_16_63_0357,PROV_GT02_0366,12:15:00,Lunes a Viernes,61.29,102
RUT_17_64_0358,PROV_GT02_0367,13:30:00,Solo fines de semana,115.32,240
RUT_18_65_0359,PROV_GT03_0368,14:45:00,Cada 15 minutos,126.11,84
RUT_19_66_0360,PROV_GT03_0369,15:00:00,Diario,18.47,113
RUT_20_67_0361,PROV_GT03_0370,16:15:00,Cada 30 minutos,18.7,43
RUT_21_68_0362,PROV_GT03_0371,17:30:00,Cada hora,105.58,36
RUT_22_69_0363,PROV_GT03_0372,18:45:00,Lunes a Viernes,103.73,191
RUT_23_70_0364,PROV_GT03_0373,05:00:00,Solo fines de semana,7.46,43
RUT_24_71_0365,PROV_GT03_0374,06:15:00,Cada 15 minutos,140.19,139
RUT_25_72_0366,PROV_GT03_0375,07:30:00,Diario,108.08,107
RUT_26_73_0367,PROV_GT03_0376,08:45:00,Cada 30 minutos,37.76,173
RUT_27_74_0368,PROV_GT03_0377,09:00:00,Cada hora,118.89,40
RUT_28_75_0369,PROV_GT03_0378,10:15:00,Lunes a Viernes,116.1,104
RUT_29_76_0370,PROV_GT03_0379,11:30:00,Solo fines de semana,133.62,131
RUT_30_77_0371,PROV_GT03_0380,12:45:00,Cada 15 minutos,45.26,99
RUT_31_78_0372,PROV_GT03_0381,13:00:00,Diario,33.98,162
RUT_32_79_0373,PROV_GT03_0382,14:15:00,Cada 30 minutos,127.32,116
RUT_33_80_0374,PROV_GT03_0383,15:30:00,Cada hora,32.35,174
RUT_34_81_0375,PROV_GT04_0384,16:45:00,Lunes a Viernes,126.17,108
RUT_35_82_0376,PROV_GT04_0385,17:00:00,Solo fines de semana,60.24,56
RUT_36_83_0377,PROV_GT04_0386,18:15:00,Cada 15 minutos,123.67,125
RUT_37_84_0378,PROV_GT04_0387,05:30:00,Diario,31.45,164
RUT_38_85_0379,PROV_GT04_0388,06:45:00,Cada 30 minutos,89.71,215
RUT_39_86_0380,PROV_GT04_0389,07:00:00,Cada hora,16.77,228
RUT_40_87_0381,PROV_GT04_0390,08:15:00,Lunes a Viernes,117.52,119
RUT_41_88_0382,PROV_GT04_0391,09:30:00,Solo fines de semana,130.57,93
RUT_42_89_0383,PROV_GT04_0392,10:45:00,Cada 15 minutos,133.41,163
RUT_43_90_0384,PROV_GT04_0393,11:00:00,Diario,97.97,56
RUT_44_91_0385,PROV_GT04_0394,12:15:00,Cada 30 minutos,67.15,48
RUT_45_92_0386,PROV_GT04_0395,13:30:00,Cada hora,71.19,132
RUT_46_93_0387,PROV_GT04_0396,14:45:00,Lunes a Viernes,57.49,229
RUT_47_94_0388,PROV_GT04_0397,15:00:00,Solo fines de semana,27.96,41
RUT_48_95_0389,PROV_GT04_0398,16:15:00,Cada 15 minutos,104.03,143
RUT_49_96_0390,PROV_GT04_0399,17:30:00,Diario,108.29,54
RUT_50_97_0391,PROV_GT05_0400,18:45:00,Cada 30 minutos,119.81,24
RUT_51_98_0392,PROV_GT05_0401,05:00:00,Cada hora,82.35,196
RUT_52_99_0393,PROV_GT05_0402,06:15:00,Lunes a Viernes,139.23,25
RUT_53_100_0394,PROV_GT05_0403,07:30:00,Solo fines de semana,137.85,184
RUT_54_101_0395,PROV_GT05_0404,08:45:00,Cada 15 minutos,63.38,76
RUT_55_102_0396,PROV_GT05_0405,09:00:00,Diario,7.25,216
RUT_56_103_0397,PROV_GT05_0406,10:15:00,Cada 30 minutos,24.65,175
RUT_57_104_0398,PROV_GT05_0407,11:30:00,Cada hora,25.36,78
RUT_58_105_0399,PROV_GT05_0408,12:45:00,Lunes a Viernes,115.64,206
RUT_59_106_0400,PROV_GT05_0409,13:00:00,Solo fines de semana,79.29,127
RUT_60_107_0401,PROV_GT05_0410,14:15:00,Cada 15 minutos,34.61,31
RUT_61_108_0402,PROV_GT05_0411,15:30:00,Diario,62.01,15
RUT_62_109_0403,PROV_GT05_0412,16:45:00,Cada 30 minutos,5.59,125
RUT_63_110_0404,PROV_GT05_0413,17:00:00,Cada hora,15.21,29
RUT_64_111_0405,PROV_GT06_0414,18:15:00,Lunes a Viernes,69.37,208
RUT_65_112_0406,PROV_GT06_0415,05:30:00,Solo fines de semana,113.88,132
RUT_66_113_0407,PROV_GT06_0416,06:45:00,Cada 15 minutos,115.28,132
RUT_67_114_0408,PROV_GT06_0417,07:00:00,Diario,51.16,52
RUT_68_115_0409,PROV_GT06_0418,08:15:00,Cada 30 minutos,17.31,232
RUT_69_116_0410,PROV_GT06_0419,09:30:00,Cada hora,94.29,140
RUT_70_117_0411,PROV_GT06_0420,10:45:00,Lunes a Viernes,38.32,178
RUT_71_118_0412,PROV_GT06_0421,11:00:00,Solo fines de semana,63.99,104
RUT_72_119_0413,PROV_GT06_0422,12:15:00,Cada 15 minutos,104.2,176
RUT_73_120_0414,PROV_GT06_0423,13:30:00,Diario,82.91,180
RUT_74_121_0415,PROV_GT06_0424,14:45:00,Cada 30 minutos,113.06,154
RUT_75_122_0416,PROV_GT06_0425,15:00:00,Cada hora,120.75,91
RUT_76_123_0417,PROV_GT06_0426,16:15:00,Lunes a Viernes,70.38,129
RUT_77_124_0418,PROV_GT06_0427,17:30:00,Solo fines de semana,60.73,143
RUT_78_125_0419,PROV_GT07_0428,18:45:00,Cada 15 minutos,88.18,89
RUT_79_126_0420,PROV_GT07_0429,05:00:00,Diario,122.44,183
RUT_80_127_0421,PROV_GT07_0430,06:15:00,Cada 30 minutos,85.26,40
RUT_81_128_0422,PROV_GT07_0431,07:30:00,Cada hora,149.5,159
RUT_82_129_0423,PROV_GT07_0432,08:45:00,Lunes a Viernes,82.82,57
RUT_83_130_0424,PROV_GT07_0433,09:00:00,Solo fines de semana,100.2,65
RUT_84_131_0425,PROV_GT07_0434,10:15:00,Cada 15 minutos,59.96,185
RUT_85_132_0426,PROV_GT07_0435,11:30:00,Diario,34.38,130
RUT_86_133_0427,PROV_GT07_0436,12:45:00,Cada 30 minutos,27.18,128
RUT_87_134_0428,PROV_GT07_0437,13:00:00,Cada hora,122.22,15
RUT_88_135_0429,PROV_GT07_0438,14:15:00,Lunes a Viernes,76.12,114
RUT_89_136_0430,PROV_GT07_0439,15:30:00,Solo fines de semana,141.93,53
RUT_90_137_0431,PROV_GT07_0440,16:45:00,Cada 15 minutos,129.36,189
RUT_91_138_0432,PROV_GT07_0441,17:00:00,Diario,8.63,94
RUT_92_139_0433,PROV_GT07_0442,18:15:00,Cada 30 minutos,133.04,191
RUT_93_140_0434,PROV_GT07_0443,05:30:00,Cada hora,40.04,129
RUT_94_141_0435,PROV_GT07_0444,06:45:00,Lunes a Viernes,99.21,232
RUT_95_142_0436,PROV_GT07_0445,07:00:00,Solo fines de semana,93.31,195
RUT_96_143_0437,PROV_GT07_0446,08:15:00,Cada 15 minutos,133.54,214
RUT_97_144_0438,PROV_GT07_0447,09:30:00,Diario,36.92,98
RUT_98_145_0439,PROV_GT08_0448,10:45:00,Cada 30 minutos,76.64,32
RUT_99_146_0440,PROV_GT08_0449,11:00:00,Cada hora,39.46,225
RUT_100_147_0441,PROV_GT08_0450,12:15:00,Lunes a Viernes,39.85,219
RUT_101_148_0442,PROV_GT08_0451,13:30:00,Solo fines de semana,109.22,193
RUT_102_149_0443,PROV_GT08_0452,14:45:00,Cada 15 minutos,142.58,21
RUT_103_150_0444,PROV_GT08_0453,15:00:00,Diario,111.01,101
RUT_104_151_0445,PROV_GT08_0454,16:15:00,Cada 30 minutos,143.12,39
RUT_105_152_0446,PROV_GT08_0455,17:30:00,Cada hora,47.63,177
RUT_106_153_0447,PROV_GT09_0456,18:45:00,Lunes a Viernes,53.72,63
RUT_107_154_0448,PROV_GT09_0457,05:00:00,Solo fines de semana,132.56,214
RUT_108_155_0449,PROV_GT09_0458,06:15:00,Cada 15 minutos,37.59,105
RUT_109_156_0450,PROV_GT09_0459,07:30:00,Diario,99.78,195
RUT_110_157_0451,PROV_GT09_0460,08:45:00,Cada 30 minutos,20.37,166
RUT_111_158_0452,PROV_GT09_0461,09:00:00,Cada hora,95.18,80
RUT_112_159_0453,PROV_GT09_0462,10:15:00,Lunes a Viernes,34.0,67
RUT_113_160_0454,PROV_GT09_0463,11:30:00,Solo fines de semana,110.28,226
RUT_114_161_0455,PROV_GT09_0464,12:45:00,Cada 15 minutos,88.0,134
RUT_115_162_0456,PROV_GT09_0465,13:00:00,Diario,126.86,187
RUT_116_163_0457,PROV_GT09_0466,14:15:00,Cada 30 minutos,144.93,236
RUT_117_164_0458,PROV_GT09_0467,15:30:00,Cada hora,7.72,176
RUT_118_165_0459,PROV_GT09_0468,16:45:00,Lunes a Viernes,130.99,58
RUT_119_166_0460,PROV_GT09_0469,17:00:00,Solo fines de semana,104.77,100
RUT_120_167_0461,PROV_GT09_0470,18:15:00,Cada 15 minutos,63.56,28
RUT_121_168_0462,PROV_GT09_0471,05:30:00,Diario,11.47,166
RUT_122_169_0463,PROV_GT09_0472,06:45:00,Cada 30 minutos,45.4,188
RUT_123_170_0464,PROV_GT09_0473,07:00:00,Cada hora,121.21,183
RUT_124_171_0465,PROV_GT09_0474,08:15:00,Lunes a Viernes,142.38,30
RUT_125_172_0466,PROV_GT09_0475,09:30:00,Solo fines de semana,56.58,71
RUT_126_173_0467,PROV_GT09_0476,10:45:00,Cada 15 minutos,122.51,143
RUT_127_174_0468,PROV_GT09_0477,11:00:00,Diario,60.41,231
RUT_128_175_0469,PROV_GT09_0478,12:15:00,Cada 30 minutos,28.02,222
RUT_129_176_0470,PROV_GT09_0479,13:30:00,Cada hora,51.6,144
RUT_130_177_0471,PROV_GT10_0480,14:45:00,Lunes a Viernes,117.54,201
RUT_131_178_0472,PROV_GT10_0481,15:00:00,Solo fines de semana,84.12,20
RUT_132_179_0473,PROV_GT10_0482,16:15:00,Cada 15 minutos,7.21,99
RUT_133_180_0474,PROV_GT10_0483,17:30:00,Diario,107.11,37
RUT_134_181_0475,PROV_GT10_0484,18:45:00,Cada 30 minutos,12.93,111
RUT_135_182_0476,PROV_GT10_0485,05:00:00,Cada hora,16.86,133
RUT_136_183_0477,PROV_GT10_0486,06:15:00,Lunes a Viernes,69.27,160
RUT_137_184_0478,PROV_GT10_0487,07:30:00,Solo fines de semana,62.91,114
RUT_138_185_0479,PROV_GT10_0488,08:45:00,Cada 15 minutos,99.43,47
RUT_139_186_0480,PROV_GT10_0489,09:00:00,Diario,137.41,97
RUT_140_187_0481,PROV_GT10_0490,10:15:00,Cada 30 minutos,111.66,166
RUT_141_188_0482,PROV_GT10_0491,11:30:00,Cada hora,21.01,104
RUT_142_189_0483,PROV_GT10_0492,12:45:00,Lunes a Viernes,53.63,229
RUT_143_190_0484,PROV_GT10_0493,13:00:00,Solo fines de semana,6.23,15
RUT_144_191_0485,PROV_GT10_0494,14:15:00,Cada 15 minutos,100.47,25
RUT_145_192_0486,PROV_GT10_0495,15:30:00,Diario,76.78,208
RUT_146_193_0487,PROV_GT10_0496,16:45:00,Cada 30 minutos,115.08,70
RUT_147_194_0488,PROV_GT10_0497,17:00:00,Cada hora,34.02,30
RUT_148_195_0489,PROV_GT10_0498,18:15:00,Lunes a Viernes,63.63,35
RUT_149_196_0490,PROV_GT10_0499,05:30:00,Solo fines de semana,9.77,165
RUT_150_197_0491,PROV_GT10_0500,06:45:00,Cada 15 minutos,38.93,136
RUT_151_198_0492,PROV_GT11_0501,07:00:00,Diario,57.02,184
RUT_152_199_0493,PROV_GT11_0502,08:15:00,Cada 30 minutos,62.2,167
RUT_153_200_0494,PROV_GT11_0503,09:30:00,Cada hora,51.88,25
RUT_154_201_0495,PROV_GT11_0504,10:45:00,Lunes a Viernes,64.28,157
RUT_155_202_0496,PROV_GT11_0505,11:00:00,Solo fines de semana,37.99,169
RUT_156_203_0497,PROV_GT11_0506,12:15:00,Cada 15 minutos,119.1,126
RUT_157_204_0498,PROV_GT11_0507,13:30:00,Diario,35.7,39
RUT_158_205_0499,PROV_GT11_0508,14:45:00,Cada 30 minutos,101.3,21
RUT_159_206_0500,PROV_GT11_0509,15:00:00,Cada hora,108.35,203
RUT_160_207_0501,PROV_GT12_0510,16:15:00,Lunes a Viernes,79.05,235
RUT_161_208_0502,PROV_GT12_0511,17:30:00,Solo fines de semana,134.01,128
RUT_162_209_0503,PROV_GT12_0512,18:45:00,Cada 15 minutos,85.49,38
RUT_163_210_0504,PROV_GT12_0513,05:00:00,Diario,18.55,64
RUT_164_211_0505,PROV_GT12_0514,06:15:00,Cada 30 minutos,89.02,93
RUT_165_212_0506,PROV_GT12_0515,07:30:00,Cada hora,67.12,170
RUT_166_213_0507,PROV_GT12_0516,08:45:00,Lunes a Viernes,14.31,16
RUT_167_214_0508,PROV_GT12_0517,09:00:00,Solo fines de semana,137.65,134
RUT_168_215_0509,PROV_GT12_0518,10:15:00,Cada 15 minutos,46.46,77
RUT_169_216_0510,PROV_GT12_0519,11:30:00,Diario,134.46,107
RUT_170_217_0511,PROV_GT12_0520,12:45:00,Cada 30 minutos,64.16,111
RUT_171_218_0512,PROV_GT12_0521,13:00:00,Cada hora,100.77,61
RUT_172_219_0513,PROV_GT12_0522,14:15:00,Lunes a Viernes,6.41,173
RUT_173_220_0514,PROV_GT12_0523,15:30:00,Solo fines de semana,107.86,43
RUT_174_221_0515,PROV_GT12_0524,16:45:00,Cada 15 minutos,90.44,142
RUT_175_222_0516,PROV_GT12_0525,17:00:00,Diario,50.24,172
RUT_176_223_0517,PROV_GT12_0526,18:15:00,Cada 30 minutos,50.42,17
RUT_177_224_0518,PROV_GT12_0527,05:30:00,Cada hora,100.77,154
RUT_178_225_0519,PROV_GT12_0528,06:45:00,Lunes a Viernes,144.87,17
RUT_179_226_0520,PROV_GT12_0529,07:00:00,Solo fines de semana,148.67,35
RUT_180_227_0521,PROV_GT12_0530,08:15:00,Cada 15 minutos,139.57,237
RUT_181_228_0522,PROV_GT12_0531,09:30:00,Diario,105.64,124
RUT_182_229_0523,PROV_GT12_0532,10:45:00,Cada 30 minutos,129.97,193
RUT_183_230_0524,PROV_GT12_0533,11:00:00,Cada hora,64.95,161
RUT_184_231_0525,PROV_GT12_0534,12:15:00,Lunes a Viernes,72.37,172
RUT_185_232_0526,PROV_GT12_0535,13:30:00,Solo fines de semana,5.66,65
RUT_186_233_0527,PROV_GT12_0536,14:45:00,Cada 15 minutos,106.76,50
RUT_187_234_0528,PROV_GT12_0537,15:00:00,Diario,133.75,73
RUT_188_235_0529,PROV_GT12_0538,16:15:00,Cada 30 minutos,54.47,154
RUT_189_236_0530,PROV_GT12_0539,17:30:00,Cada hora,50.86,36
RUT_190_237_0531,PROV_GT13_0540,18:45:00,Lunes a Viernes,100.87,221
RUT_191_238_0532,PROV_GT13_0541,05:00:00,Solo fines de semana,115.02,76
RUT_192_239_0533,PROV_GT13_0542,06:15:00,Cada 15 minutos,146.02,159
RUT_193_240_0534,PROV_GT13_0543,07:30:00,Diario,63.64,228
RUT_194_241_0535,PROV_GT13_0544,08:45:00,Cada 30 minutos,30.22,66
RUT_195_242_0536,PROV_GT13_0545,09:00:00,Cada hora,149.02,183
RUT_196_243_0537,PROV_GT13_0546,10:15:00,Lunes a Viernes,43.99,17
RUT_197_244_0538,PROV_GT13_0547,11:30:00,Solo fines de semana,115.89,180
RUT_198_245_0539,PROV_GT13_0548,12:45:00,Cada 15 minutos,103.95,32
RUT_199_246_0540,PROV_GT13_0549,13:00:00,Diario,79.4,39
RUT_200_247_0541,PROV_GT13_0550,14:15:00,Cada 30 minutos,26.03,150
RUT_201_248_0542,PROV_GT13_0551,15:30:00,Cada hora,66.51,226
RUT_202_249_0543,PROV_GT13_0552,16:45:00,Lunes a Viernes,60.78,221
RUT_203_250_0544,PROV_GT13_0553,17:00:00,Solo fines de semana,72.76,215
RUT_204_251_0545,PROV_GT13_0554,18:15:00,Cada 15 minutos,13.54,90
RUT_205_252_0546,PROV_GT13_0555,05:30:00,Diario,142.97,100
RUT_206_253_0547,PROV_GT13_0556,06:45:00,Cada 30 minutos,126.11,56
RUT_207_254_0548,PROV_GT13_0557,07:00:00,Cada hora,68.95,221
RUT_208_255_0549,PROV_GT13_0558,08:15:00,Lunes a Viernes,95.93,140
RUT_209_256_0550,PROV_GT13_0559,09:30:00,Solo fines de semana,124.25,135
RUT_210_257_0551,PROV_GT13_0560,10:45:00,Cada 15 minutos,42.47,29
RUT_211_258_0552,PROV_GT13_0561,11:00:00,Diario,110.15,146
RUT_212_259_0553,PROV_GT13_0562,12:15:00,Cada 30 minutos,106.13,44
RUT_213_260_0554,PROV_GT13_0563,13:30:00,Cada hora,134.68,240
RUT_214_261_0555,PROV_GT13_0564,14:45:00,Lunes a Viernes,73.5,118
RUT_215_262_0556,PROV_GT13_0565,15:00:00,Solo fines de semana,95.88,158
RUT_216_263_0557,PROV_GT13_0566,16:15:00,Cada 15 minutos,19.91,187
RUT_217_264_0558,PROV_GT13_0567,17:30:00,Diario,56.78,199
RUT_218_265_0559,PROV_GT13_0568,18:45:00,Cada 30 minutos,37.53,186
RUT_219_266_0560,PROV_GT13_0569,05:00:00,Cada hora,32.38,28
RUT_220_267_0561,PROV_GT13_0570,06:15:00,Lunes a Viernes,17.23,52
RUT_221_268_0562,PROV_GT13_0571,07:30:00,Solo fines de semana,5.8,174
RUT_222_269_0563,PROV_GT13_0572,08:45:00,Cada 15 minutos,7.89,121
RUT_223_270_0564,PROV_GT14_0573,09:00:00,Diario,125.09,228
RUT_224_271_0565,PROV_GT14_0574,10:15:00,Cada 30 minutos,90.27,66
RUT_225_272_0566,PROV_GT14_0575,11:30:00,Cada hora,39.44,181
RUT_226_273_0567,PROV_GT14_0576,12:45:00,Lunes a Viernes,145.66,150
RUT_227_274_0568,PROV_GT14_0577,13:00:00,Solo fines de semana,9.12,175
RUT_228_275_0569,PROV_GT14_0578,14:15:00,Cada 15 minutos,92.79,157
RUT_229_276_0570,PROV_GT14_0579,15:30:00,Diario,67.99,229
RUT_230_277_0571,PROV_GT14_0580,16:45:00,Cada 30 minutos,134.63,202
RUT_231_278_0572,PROV_GT14_0581,17:00:00,Cada hora,19.57,120
RUT_232_279_0573,PROV_GT14_0582,18:15:00,Lunes a Viernes,43.92,29
RUT_233_280_0574,PROV_GT14_0583,05:30:00,Solo fines de semana,110.66,219
RUT_234_281_0575,PROV_GT14_0584,06:45:00,Cada 15 minutos,17.28,155
RUT_235_282_0576,PROV_GT14_0585,07:00:00,Diario,64.95,61
RUT_236_283_0577,PROV_GT14_0586,08:15:00,Cada 30 minutos,69.09,92
RUT_237_284_0578,PROV_GT14_0587,09:30:00,Cada hora,66.56,28
RUT_238_285_0579,PROV_GT14_0588,10:45:00,Lunes a Viernes,83.37,224
RUT_239_286_0580,PROV_GT14_0589,11:00:00,Solo fines de semana,53.66,199
RUT_240_287_0581,PROV_GT14_0590,12:15:00,Cada 15 minutos,26.45,110
RUT_241_288_0582,PROV_GT14_0591,13:30:00,Diario,60.54,210
RUT_242_289_0583,PROV_GT14_0592,14:45:00,Cada 30 minutos,47.45,19
RUT_243_290_0584,PROV_GT14_0593,15:00:00,Cada hora,81.76,123
RUT_244_291_0585,PROV_GT15_0594,16:15:00,Lunes a Viernes,74.99,20
RUT_245_292_0586,PROV_GT15_0595,17:30:00,Solo fines de semana,88.87,70
RUT_246_293_0587,PROV_GT15_0596,18:45:00,Cada 15 minutos,138.62,72
RUT_247_294_0588,PROV_GT15_0597,05:00:00,Diario,94.81,28
RUT_248_295_0589,PROV_GT15_0598,06:15:00,Cada 30 minutos,29.31,46
RUT_249_296_0590,PROV_GT15_0599,07:30:00,Cada hora,113.36,40
RUT_250_297_0591,PROV_GT15_0600,08:45:00,Lunes a Viernes,17.69,178
RUT_251_298_0592,PROV_GT15_0601,09:00:00,Solo fines de semana,23.09,35
RUT_252_299_0593,PROV_GT16_0602,10:15:00,Cada 15 minutos,34.53,75
RUT_253_300_0594,PROV_GT16_0603,11:30:00,Diario,24.93,171
RUT_254_301_0595,PROV_GT16_0604,12:45:00,Cada 30 minutos,136.3,154
RUT_255_302_0596,PROV_GT16_0605,13:00:00,Cada hora,67.55,110
RUT_256_303_0597,PROV_GT16_0606,14:15:00,Lunes a Viernes,22.46,83
RUT_257_304_0598,PROV_GT16_0607,15:30:00,Solo fines de semana,76.31,128
RUT_258_305_0599,PROV_GT16_0608,16:45:00,Cada 15 minutos,123.9,48
RUT_259_306_0600,PROV_GT16_0609,17:00:00,Diario,89.43,152
RUT_260_307_0601,PROV_GT16_0610,18:15:00,Cada 30 minutos,73.09,131
RUT_261_308_0602,PROV_GT16_0611,05:30:00,Cada hora,54.06,17
RUT_262_309_0603,PROV_GT16_0612,06:45:00,Lunes a Viernes,66.0,44
RUT_263_310_0604,PROV_GT16_0613,07:00:00,Solo fines de semana,46.53,150
RUT_264_311_0605,PROV_GT16_0614,08:15:00,Cada 15 minutos,39.35,223
RUT_265_312_0606,PROV_GT16_0615,09:30:00,Diario,89.08,161
RUT_266_313_0607,PROV_GT16_0616,10:45:00,Cada 30 minutos,126.65,236
RUT_267_314_0608,PROV_GT16_0617,11:00:00,Cada hora,145.24,125
RUT_268_315_0609,PROV_GT16_0618,12:15:00,Lunes a Viernes,118.05,117
RUT_269_316_0610,PROV_GT17_0619,13:30:00,Solo fines de semana,45.77,190
RUT_270_317_0611,PROV_GT17_0620,14:45:00,Cada 15 minutos,22.84,119
RUT_271_318_0612,PROV_GT17_0621,15:00:00,Diario,39.69,82
RUT_272_319_0613,PROV_GT17_0622,16:15:00,Cada 30 minutos,60.19,37
RUT_273_320_0614,PROV_GT17_0623,17:30:00,Cada hora,105.4,68
RUT_274_321_0615,PROV_GT17_0624,18:45:00,Lunes a Viernes,32.67,102
RUT_275_322_0616,PROV_GT17_0625,05:00:00,Solo fines de semana,147.2,192
RUT_276_323_0617,PROV_GT17_0626,06:15:00,Cada 15 minutos,49.94,98
RUT_277_324_0618,PROV_GT17_0627,07:30:00,Diario,70.46,216
RUT_278_325_0619,PROV_GT17_0628,08:45:00,Cada 30 minutos,65.9,180
RUT_279_326_0620,PROV_GT17_0629,09:00:00,Cada hora,52.94,157
RUT_280_327_0621,PROV_GT17_0630,10:15:00,Lunes a Viernes,146.67,121
RUT_281_328_0622,PROV_GT17_0631,11:30:00,Solo fines de semana,146.97,69
RUT_282_329_0623,PROV_GT17_0632,12:45:00,Cada 15 minutos,47.36,103
RUT_283_330_0624,PROV_GT18_0633,13:00:00,Diario,34.56,144
RUT_284_331_0625,PROV_GT18_0634,14:15:00,Cada 30 minutos,62.75,104
RUT_285_332_0626,PROV_GT18_0635,15:30:00,Cada hora,27.43,30
RUT_286_333_0627,PROV_GT18_0636,16:45:00,Lunes a Viernes,17.79,179
RUT_287_334_0628,PROV_GT18_0637,17:00:00,Solo fines de semana,44.77,64
RUT_288_335_0629,PROV_GT19_0638,18:15:00,Cada 15 minutos,109.23,163
RUT_289_336_0630,PROV_GT19_0639,05:30:00,Diario,79.51,228
RUT_290_337_0631,PROV_GT19_0640,06:45:00,Cada 30 minutos,105.22,171
RUT_291_338_0632,PROV_GT19_0641,07:00:00,Cada hora,49.38,225
RUT_292_339_0633,PROV_GT19_0642,08:15:00,Lunes a Viernes,76.76,26
RUT_293_340_0634,PROV_GT19_0643,09:30:00,Solo fines de semana,15.88,172
RUT_294_341_0635,PROV_GT19_0644,10:45:00,Cada 15 minutos,12.54,69
RUT_295_342_0636,PROV_GT19_0645,11:00:00,Diario,90.45,196
RUT_296_1_0637,PROV_GT19_0646,12:15:00,Cada 30 minutos,125.64,214
RUT_297_2_0638,PROV_GT19_0647,13:30:00,Cada hora,59.48,198
RUT_298_3_0639,PROV_GT19_0648,14:45:00,Lunes a Viernes,50.57,215
RUT_299_4_0640,PROV_GT20_0649,15:00:00,Solo fines de semana,20.84,164
RUT_300_5_0641,PROV_GT20_0650,16:15:00,Cada 15 minutos,131.91,158
RUT_301_6_0642,PROV_GT20_0651,17:30:00,Diario,25.46,198
RUT_302_7_0643,PROV_GT20_0652,18:45:00,Cada 30 minutos,130.87,124
RUT_303_8_0644,PROV_GT20_0653,05:00:00,Cada hora,128.72,154
RUT_304_9_0645,PROV_GT20_0654,06:15:00,Lunes a Viernes,59.45,194
RUT_305_10_0646,PROV_GT20_0655,07:30:00,Solo fines de semana,43.53,60
RUT_306_11_0647,PROV_GT20_0656,08:45:00,Cada 15 minutos,145.61,53
RUT_307_12_0648,PROV_GT20_0657,09:00:00,Diario,8.07,106
RUT_308_13_0649,PROV_GT20_0658,10:15:00,Cada 30 minutos,77.59,226
RUT_309_14_0650,PROV_GT20_0659,11:30:00,Cada hora,10.0,180
RUT_310_15_0651,PROV_GT21_0660,12:45:00,Lunes a Viernes,24.78,33
RUT_311_16_0652,PROV_GT21_0661,13:00:00,Solo fines de semana,127.65,122
RUT_312_17_0653,PROV_GT21_0662,14:15:00,Cada 15 minutos,22.43,179
RUT_313_18_0654,PROV_GT21_0663,15:30:00,Diario,18.2,198
RUT_314_19_0655,PROV_GT21_0664,16:45:00,Cada 30 minutos,5.15,22
RUT_315_20_0656,PROV_GT21_0665,17:00:00,Cada hora,124.73,233
RUT_316_21_0657,PROV_GT21_0666,18:15:00,Lunes a Viernes,46.79,99
RUT_317_22_0658,PROV_GT22_0667,05:30:00,Solo fines de semana,20.93,120
RUT_318_23_0659,PROV_GT22_0668,06:45:00,Cada 15 minutos,63.65,143
RUT_319_24_0660,PROV_GT22_0669,07:00:00,Diario,110.65,86
RUT_320_25_0661,PROV_GT22_0670,08:15:00,Cada 30 minutos,112.42,57
RUT_321_26_0662,PROV_GT22_0671,09:30:00,Cada hora,35.41,34
RUT_322_27_0663,PROV_GT22_0672,10:45:00,Lunes a Viernes,119.72,30
RUT_323_28_0664,PROV_GT22_0673,11:00:00,Solo fines de semana,16.67,126
RUT_324_29_0665,PROV_GT22_0674,12:15:00,Cada 15 minutos,99.54,129
RUT_325_30_0666,PROV_GT22_0675,13:30:00,Diario,60.31,162
RUT_326_31_0667,PROV_GT22_0676,14:45:00,Cada 30 minutos,59.37,187
RUT_327_32_0668,PROV_GT22_0677,15:00:00,Cada hora,107.06,233
RUT_328_33_0669,PROV_GT22_0678,16:15:00,Lunes a Viernes,124.88,181
RUT_329_34_0670,PROV_GT22_0679,17:30:00,Solo fines de semana,97.82,118
RUT_330_35_0671,PROV_GT22_0680,18:45:00,Cada 15 minutos,85.44,175
RUT_331_36_0672,PROV_GT22_0681,05:00:00,Diario,40.31,33
RUT_332_37_0673,PROV_GT22_0682,06:15:00,Cada 30 minutos,31.31,51
RUT_333_38_0674,PROV_GT22_0683,07:30:00,Cada hora,95.11,29
RUT_334_39_0675,PROV_GT01_0684,08:45:00,Lunes a Viernes,19.32,146
RUT_335_40_0676,PROV_GT01_0685,09:00:00,Solo fines de semana,128.54,148
RUT_336_41_0677,PROV_GT01_0686,10:15:00,Cada 15 minutos,107.3,179
RUT_337_42_0678,PROV_GT01_0687,11:30:00,Diario,136.01,201
RUT_338_43_0679,PROV_GT01_0688,12:45:00,Cada 30 minutos,134.92,44
RUT_339_44_0680,PROV_GT01_0689,13:00:00,Cada hora,126.01,60
RUT_340_45_0681,PROV_GT01_0690,14:15:00,Lunes a Viernes,15.99,219
RUT_341_46_0682,PROV_GT01_0691,15:30:00,Solo fines de semana,118.85,106
RUT_342_47_0683,PROV_GT01_0692,16:45:00,Cada 15 minutos,61.62,222
RUT_1_48_0684,PROV_GT01_0693,17:00:00,Diario,28.93,33
RUT_2_49_0685,PROV_GT01_0694,18:15:00,Cada 30 minutos,145.7,99
RUT_3_50_0686,PROV_GT01_0695,05:30:00,Cada hora,79.96,50
RUT_4_51_0687,PROV_GT01_0696,06:45:00,Lunes a Viernes,27.89,150
RUT_5_52_0688,PROV_GT01_0697,07:00:00,Solo fines de semana,59.14,138
RUT_6_53_0689,PROV_GT01_0698,08:15:00,Cada 15 minutos,74.7,138
RUT_7_54_0690,PROV_GT01_0699,09:30:00,Diario,139.56,77
RUT_8_55_0691,PROV_GT01_0700,10:45:00,Cada 30 minutos,105.5,238
RUT_9_56_0692,PROV_GT01_0701,11:00:00,Cada hora,89.66,233
RUT_10_57_0693,PROV_GT02_0702,12:15:00,Lunes a Viernes,26.47,152
RUT_11_58_0694,PROV_GT02_0703,13:30:00,Solo fines de semana,16.42,164
RUT_12_59_0695,PROV_GT02_0704,14:45:00,Cada 15 minutos,31.11,92
RUT_13_60_0696,PROV_GT02_0705,15:00:00,Diario,10.54,102
RUT_14_61_0697,PROV_GT02_0706,16:15:00,Cada 30 minutos,103.43,35
RUT_15_62_0698,PROV_GT02_0707,17:30:00,Cada hora,144.5,79
RUT_16_63_0699,PROV_GT02_0708,18:45:00,Lunes a Viernes,147.34,28
RUT_17_64_0700,PROV_GT02_0709,05:00:00,Solo fines de semana,50.45,64
RUT_18_65_0701,PROV_GT03_0710,06:15:00,Cada 15 minutos,57.16,62
RUT_19_66_0702,PROV_GT03_0711,07:30:00,Diario,8.17,26
RUT_20_67_0703,PROV_GT03_0712,08:45:00,Cada 30 minutos,72.24,170
RUT_21_68_0704,PROV_GT03_0713,09:00:00,Cada hora,119.78,120
RUT_22_69_0705,PROV_GT03_0714,10:15:00,Lunes a Viernes,20.78,151
RUT_23_70_0706,PROV_GT03_0715,11:30:00,Solo fines de semana,107.7,149
RUT_24_71_0707,PROV_GT03_0716,12:45:00,Cada 15 minutos,52.22,36
RUT_25_72_0708,PROV_GT03_0717,13:00:00,Diario,124.44,110
RUT_26_73_0709,PROV_GT03_0718,14:15:00,Cada 30 minutos,17.91,231
RUT_27_74_0710,PROV_GT03_0719,15:30:00,Cada hora,53.17,83
RUT_28_75_0711,PROV_GT03_0720,16:45:00,Lunes a Viernes,35.41,172
RUT_29_76_0712,PROV_GT03_0721,17:00:00,Solo fines de semana,68.42,20
RUT_30_77_0713,PROV_GT03_0722,18:15:00,Cada 15 minutos,21.34,84
RUT_31_78_0714,PROV_GT03_0723,05:30:00,Diario,111.47,154
RUT_32_79_0715,PROV_GT03_0724,06:45:00,Cada 30 minutos,77.07,143
RUT_33_80_0716,PROV_GT03_0725,07:00:00,Cada hora,19.43,167
RUT_34_81_0717,PROV_GT04_0726,08:15:00,Lunes a Viernes,136.61,44
RUT_35_82_0718,PROV_GT04_0727,09:30:00,Solo fines de semana,112.37,61
RUT_36_83_0719,PROV_GT04_0728,10:45:00,Cada 15 minutos,56.85,67
RUT_37_84_0720,PROV_GT04_0729,11:00:00,Diario,54.35,141
RUT_38_85_0721,PROV_GT04_0730,12:15:00,Cada 30 minutos,6.07,170
RUT_39_86_0722,PROV_GT04_0731,13:30:00,Cada hora,129.65,113
RUT_40_87_0723,PROV_GT04_0732,14:45:00,Lunes a Viernes,49.61,236
RUT_41_88_0724,PROV_GT04_0733,15:00:00,Solo fines de semana,30.24,129
RUT_42_89_0725,PROV_GT04_0734,16:15:00,Cada 15 minutos,66.63,86
RUT_43_90_0726,PROV_GT04_0735,17:30:00,Diario,115.42,161
RUT_44_91_0727,PROV_GT04_0736,18:45:00,Cada 30 minutos,102.55,101
RUT_45_92_0728,PROV_GT04_0737,05:00:00,Cada hora,51.32,51
RUT_46_93_0729,PROV_GT04_0738,06:15:00,Lunes a Viernes,133.63,175
RUT_47_94_0730,PROV_GT04_0739,07:30:00,Solo fines de semana,137.84,110
RUT_48_95_0731,PROV_GT04_0740,08:45:00,Cada 15 minutos,72.35,121
RUT_49_96_0732,PROV_GT04_0741,09:00:00,Diario,42.72,39
RUT_50_97_0733,PROV_GT05_0742,10:15:00,Cada 30 minutos,101.4,179
RUT_51_98_0734,PROV_GT05_0743,11:30:00,Cada hora,95.17,44
RUT_52_99_0735,PROV_GT05_0744,12:45:00,Lunes a Viernes,88.99,103
RUT_53_100_0736,PROV_GT05_0745,13:00:00,Solo fines de semana,6.6,180
RUT_54_101_0737,PROV_GT05_0746,14:15:00,Cada 15 minutos,134.71,131
RUT_55_102_0738,PROV_GT05_0747,15:30:00,Diario,35.27,62
RUT_56_103_0739,PROV_GT05_0748,16:45:00,Cada 30 minutos,7.35,60
RUT_57_104_0740,PROV_GT05_0749,17:00:00,Cada hora,136.55,21
RUT_58_105_0741,PROV_GT05_0750,18:15:00,Lunes a Viernes,110.14,147
RUT_59_106_0742,PROV_GT05_0751,05:30:00,Solo fines de semana,42.1,61
RUT_60_107_0743,PROV_GT05_0752,06:45:00,Cada 15 minutos,149.77,165
RUT_61_108_0744,PROV_GT05_0753,07:00:00,Diario,30.02,93
RUT_62_109_0745,PROV_GT05_0754,08:15:00,Cada 30 minutos,98.22,197
RUT_63_110_0746,PROV_GT05_0755,09:30:00,Cada hora,50.53,31
RUT_64_111_0747,PROV_GT06_0756,10:45:00,Lunes a Viernes,127.51,69
RUT_65_112_0748,PROV_GT06_0757,11:00:00,Solo fines de semana,32.57,54
RUT_66_113_0749,PROV_GT06_0758,12:15:00,Cada 15 minutos,30.23,38
RUT_67_114_0750,PROV_GT06_0759,13:30:00,Diario,111.06,40
RUT_68_115_0751,PROV_GT06_0760,14:45:00,Cada 30 minutos,100.91,132
RUT_69_116_0752,PROV_GT06_0761,15:00:00,Cada hora,9.21,48
RUT_70_117_0753,PROV_GT06_0762,16:15:00,Lunes a Viernes,30.11,110
RUT_71_118_0754,PROV_GT06_0763,17:30:00,Solo fines de semana,21.06,230
RUT_72_119_0755,PROV_GT06_0764,18:45:00,Cada 15 minutos,47.33,135
RUT_73_120_0756,PROV_GT06_0765,05:00:00,Diario,124.62,191
RUT_74_121_0757,PROV_GT06_0766,06:15:00,Cada 30 minutos,100.51,52
RUT_75_122_0758,PROV_GT06_0767,07:30:00,Cada hora,32.85,77
RUT_76_123_0759,PROV_GT06_0768,08:45:00,Lunes a Viernes,86.39,126
RUT_77_124_0760,PROV_GT06_0769,09:00:00,Solo fines de semana,148.95,69
RUT_78_125_0761,PROV_GT07_0770,10:15:00,Cada 15 minutos,14.3,162
RUT_79_126_0762,PROV_GT07_0771,11:30:00,Diario,147.08,181
RUT_80_127_0763,PROV_GT07_0772,12:45:00,Cada 30 minutos,92.05,225
RUT_81_128_0764,PROV_GT07_0773,13:00:00,Cada hora,57.65,233
RUT_82_129_0765,PROV_GT07_0774,14:15:00,Lunes a Viernes,90.61,100
RUT_83_130_0766,PROV_GT07_0775,15:30:00,Solo fines de semana,45.06,31
RUT_84_131_0767,PROV_GT07_0776,16:45:00,Cada 15 minutos,115.78,48
RUT_85_132_0768,PROV_GT07_0777,17:00:00,Diario,29.11,145
RUT_86_133_0769,PROV_GT07_0778,18:15:00,Cada 30 minutos,60.58,171
RUT_87_134_0770,PROV_GT07_0779,05:30:00,Cada hora,47.51,224
RUT_88_135_0771,PROV_GT07_0780,06:45:00,Lunes a Viernes,96.73,166
RUT_89_136_0772,PROV_GT07_0781,07:00:00,Solo fines de semana,22.32,226
RUT_90_137_0773,PROV_GT07_0782,08:15:00,Cada 15 minutos,101.88,213
RUT_91_138_0774,PROV_GT07_0783,09:30:00,Diario,116.5,43
RUT_92_139_0775,PROV_GT07_0784,10:45:00,Cada 30 minutos,122.31,186
RUT_93_140_0776,PROV_GT07_0785,11:00:00,Cada hora,125.25,232
RUT_94_141_0777,PROV_GT07_0786,12:15:00,Lunes a Viernes,33.97,129
RUT_95_142_0778,PROV_GT07_0787,13:30:00,Solo fines de semana,109.9,123
RUT_96_143_0779,PROV_GT07_0788,14:45:00,Cada 15 minutos,117.99,138
RUT_97_144_0780,PROV_GT07_0789,15:00:00,Diario,134.05,240
RUT_98_145_0781,PROV_GT08_0790,16:15:00,Cada 30 minutos,96.54,72
RUT_99_146_0782,PROV_GT08_0791,17:30:00,Cada hora,118.41,186
RUT_100_147_0783,PROV_GT08_0792,18:45:00,Lunes a Viernes,137.32,194
RUT_101_148_0784,PROV_GT08_0793,05:00:00,Solo fines de semana,107.66,121
RUT_102_149_0785,PROV_GT08_0794,06:15:00,Cada 15 minutos,131.36,201
RUT_103_150_0786,PROV_GT08_0795,07:30:00,Diario,109.04,136
RUT_104_151_0787,PROV_GT08_0796,08:45:00,Cada 30 minutos,147.69,186
RUT_105_152_0788,PROV_GT08_0797,09:00:00,Cada hora,95.19,167
RUT_106_153_0789,PROV_GT09_0798,10:15:00,Lunes a Viernes,57.1,167
RUT_107_154_0790,PROV_GT09_0799,11:30:00,Solo fines de semana,115.94,144
RUT_108_155_0791,PROV_GT09_0800,12:45:00,Cada 15 minutos,149.81,42
RUT_109_156_0792,PROV_GT09_0801,13:00:00,Diario,19.59,71
RUT_110_157_0793,PROV_GT09_0802,14:15:00,Cada 30 minutos,86.5,124
RUT_111_158_0794,PROV_GT09_0803,15:30:00,Cada hora,81.69,37
RUT_112_159_0795,PROV_GT09_0804,16:45:00,Lunes a Viernes,134.16,196
RUT_113_160_0796,PROV_GT09_0805,17:00:00,Solo fines de semana,41.87,60
RUT_114_161_0797,PROV_GT09_0806,18:15:00,Cada 15 minutos,36.34,206
RUT_115_162_0798,PROV_GT09_0807,05:30:00,Diario,7.34,111
RUT_116_163_0799,PROV_GT09_0808,06:45:00,Cada 30 minutos,5.86,229
RUT_117_164_0800,PROV_GT09_0809,07:00:00,Cada hora,141.97,68
RUT_118_165_0801,PROV_GT09_0810,08:15:00,Lunes a Viernes,43.41,204
RUT_119_166_0802,PROV_GT09_0811,09:30:00,Solo fines de semana,112.56,77
RUT_120_167_0803,PROV_GT09_0812,10:45:00,Cada 15 minutos,58.01,221
RUT_121_168_0804,PROV_GT09_0813,11:00:00,Diario,39.56,69
RUT_122_169_0805,PROV_GT09_0814,12:15:00,Cada 30 minutos,85.29,76
RUT_123_170_0806,PROV_GT09_0815,13:30:00,Cada hora,135.48,203
RUT_124_171_0807,PROV_GT09_0816,14:45:00,Lunes a Viernes,29.04,204
RUT_125_172_0808,PROV_GT09_0817,15:00:00,Solo fines de semana,25.45,63
RUT_126_173_0809,PROV_GT09_0818,16:15:00,Cada 15 minutos,113.14,220
RUT_127_174_0810,PROV_GT09_0819,17:30:00,Diario,123.87,193
RUT_128_175_0811,PROV_GT09_0820,18:45:00,Cada 30 minutos,50.78,174
RUT_129_176_0812,PROV_GT09_0821,05:00:00,Cada hora,41.37,204
RUT_130_177_0813,PROV_GT10_0822,06:15:00,Lunes a Viernes,6.02,33
RUT_131_178_0814,PROV_GT10_0823,07:30:00,Solo fines de semana,15.18,152
RUT_132_179_0815,PROV_GT10_0824,08:45:00,Cada 15 minutos,80.0,170
RUT_133_180_0816,PROV_GT10_0825,09:00:00,Diario,102.28,152
RUT_134_181_0817,PROV_GT10_0826,10:15:00,Cada 30 minutos,134.73,149
RUT_135_182_0818,PROV_GT10_0827,11:30:00,Cada hora,108.52,40
RUT_136_183_0819,PROV_GT10_0828,12:45:00,Lunes a Viernes,36.49,164
RUT_137_184_0820,PROV_GT10_0829,13:00:00,Solo fines de semana,18.63,120
RUT_138_185_0821,PROV_GT10_0830,14:15:00,Cada 15 minutos,66.67,67
RUT_139_186_0822,PROV_GT10_0831,15:30:00,Diario,98.97,30
RUT_140_187_0823,PROV_GT10_0832,16:45:00,Cada 30 minutos,52.31,146
RUT_141_188_0824,PROV_GT10_0833,17:00:00,Cada hora,137.66,189
RUT_142_189_0825,PROV_GT10_0834,18:15:00,Lunes a Viernes,98.07,24
RUT_143_190_0826,PROV_GT10_0835,05:30:00,Solo fines de semana,16.05,45
RUT_144_191_0827,PROV_GT10_0836,06:45:00,Cada 15 minutos,47.49,38
RUT_145_192_0828,PROV_GT10_0837,07:00:00,Diario,112.82,74
RUT_146_193_0829,PROV_GT10_0838,08:15:00,Cada 30 minutos,80.59,16
RUT_147_194_0830,PROV_GT10_0839,09:30:00,Cada hora,95.8,110
RUT_148_195_0831,PROV_GT10_0840,10:45:00,Lunes a Viernes,51.0,83
RUT_149_196_0832,PROV_GT10_0841,11:00:00,Solo fines de semana,76.55,106
RUT_150_197_0833,PROV_GT10_0842,12:15:00,Cada 15 minutos,101.35,147
RUT_151_198_0834,PROV_GT11_0843,13:30:00,Diario,118.99,72
RUT_152_199_0835,PROV_GT11_0844,14:45:00,Cada 30 minutos,111.76,130
RUT_153_200_0836,PROV_GT11_0845,15:00:00,Cada hora,35.55,75
RUT_154_201_0837,PROV_GT11_0846,16:15:00,Lunes a Viernes,136.13,190
RUT_155_202_0838,PROV_GT11_0847,17:30:00,Solo fines de semana,44.91,185
RUT_156_203_0839,PROV_GT11_0848,18:45:00,Cada 15 minutos,7.62,239
RUT_157_204_0840,PROV_GT11_0849,05:00:00,Diario,139.02,45
RUT_158_205_0841,PROV_GT11_0850,06:15:00,Cada 30 minutos,72.93,118
RUT_159_206_0842,PROV_GT11_0851,07:30:00,Cada hora,5.01,86
RUT_160_207_0843,PROV_GT12_0852,08:45:00,Lunes a Viernes,133.69,178
RUT_161_208_0844,PROV_GT12_0853,09:00:00,Solo fines de semana,140.4,238
RUT_162_209_0845,PROV_GT12_0854,10:15:00,Cada 15 minutos,144.81,144
RUT_163_210_0846,PROV_GT12_0855,11:30:00,Diario,97.54,154
RUT_164_211_0847,PROV_GT12_0856,12:45:00,Cada 30 minutos,70.95,113
RUT_165_212_0848,PROV_GT12_0857,13:00:00,Cada hora,97.25,87
RUT_166_213_0849,PROV_GT12_0858,14:15:00,Lunes a Viernes,45.04,28
RUT_167_214_0850,PROV_GT12_0859,15:30:00,Solo fines de semana,28.71,126
RUT_168_215_0851,PROV_GT12_0860,16:45:00,Cada 15 minutos,109.76,134
RUT_169_216_0852,PROV_GT12_0861,17:00:00,Diario,38.88,106
RUT_170_217_0853,PROV_GT12_0862,18:15:00,Cada 30 minutos,125.93,192
RUT_171_218_0854,PROV_GT12_0863,05:30:00,Cada hora,76.13,77
RUT_172_219_0855,PROV_GT12_0864,06:45:00,Lunes a Viernes,76.04,164
RUT_173_220_0856,PROV_GT12_0865,07:00:00,Solo fines de semana,78.76,149
RUT_174_221_0857,PROV_GT12_0866,08:15:00,Cada 15 minutos,137.27,134
RUT_175_222_0858,PROV_GT12_0867,09:30:00,Diario,98.65,56
RUT_176_223_0859,PROV_GT12_0868,10:45:00,Cada 30 minutos,64.38,139
RUT_177_224_0860,PROV_GT12_0869,11:00:00,Cada hora,81.14,139
RUT_178_225_0861,PROV_GT12_0870,12:15:00,Lunes a Viernes,96.53,138
RUT_179_226_0862,PROV_GT12_0871,13:30:00,Solo fines de semana,134.88,198
RUT_180_227_0863,PROV_GT12_0872,14:45:00,Cada 15 minutos,32.73,20
RUT_181_228_0864,PROV_GT12_0873,15:00:00,Diario,73.52,230
RUT_182_229_0865,PROV_GT12_0874,16:15:00,Cada 30 minutos,45.62,164
RUT_183_230_0866,PROV_GT12_0875,17:30:00,Cada hora,109.38,94
RUT_184_231_0867,PROV_GT12_0876,18:45:00,Lunes a Viernes,32.8,239
RUT_185_232_0868,PROV_GT12_0877,05:00:00,Solo fines de semana,58.43,225
RUT_186_233_0869,PROV_GT12_0878,06:15:00,Cada 15 minutos,10.24,108
RUT_187_234_0870,PROV_GT12_0879,07:30:00,Diario,97.22,190
RUT_188_235_0871,PROV_GT12_0880,08:45:00,Cada 30 minutos,10.32,94
RUT_189_236_0872,PROV_GT12_0881,09:00:00,Cada hora,61.61,201
RUT_190_237_0873,PROV_GT13_0882,10:15:00,Lunes a Viernes,118.57,122
RUT_191_238_0874,PROV_GT13_0883,11:30:00,Solo fines de semana,104.68,218
RUT_192_239_0875,PROV_GT13_0884,12:45:00,Cada 15 minutos,123.18,165
RUT_193_240_0876,PROV_GT13_0885,13:00:00,Diario,113.42,100
RUT_194_241_0877,PROV_GT13_0886,14:15:00,Cada 30 minutos,7.69,140
RUT_195_242_0878,PROV_GT13_0887,15:30:00,Cada hora,94.41,61
RUT_196_243_0879,PROV_GT13_0888,16:45:00,Lunes a Viernes,60.58,90
RUT_197_244_0880,PROV_GT13_0889,17:00:00,Solo fines de semana,147.98,172
RUT_198_245_0881,PROV_GT13_0890,18:15:00,Cada 15 minutos,54.37,105
RUT_199_246_0882,PROV_GT13_0891,05:30:00,Diario,116.67,32
RUT_200_247_0883,PROV_GT13_0892,06:45:00,Cada 30 minutos,124.31,138
RUT_201_248_0884,PROV_GT13_0893,07:00:00,Cada hora,114.27,239
RUT_202_249_0885,PROV_GT13_0894,08:15:00,Lunes a Viernes,62.43,21
RUT_203_250_0886,PROV_GT13_0895,09:30:00,Solo fines de semana,44.82,19
RUT_204_251_0887,PROV_GT13_0896,10:45:00,Cada 15 minutos,121.69,159
RUT_205_252_0888,PROV_GT13_0897,11:00:00,Diario,27.06,236
RUT_206_253_0889,PROV_GT13_0898,12:15:00,Cada 30 minutos,6.4,48
RUT_207_254_0890,PROV_GT13_0899,13:30:00,Cada hora,24.81,199
RUT_208_255_0891,PROV_GT13_0900,14:45:00,Lunes a Viernes,115.69,143
RUT_209_256_0892,PROV_GT13_0901,15:00:00,Solo fines de semana,70.76,60
RUT_210_257_0893,PROV_GT13_0902,16:15:00,Cada 15 minutos,126.07,133
RUT_211_258_0894,PROV_GT13_0903,17:30:00,Diario,121.79,231
RUT_212_259_0895,PROV_GT13_0904,18:45:00,Cada 30 minutos,118.9,171
RUT_213_260_0896,PROV_GT13_0905,05:00:00,Cada hora,36.34,20
RUT_214_261_0897,PROV_GT13_0906,06:15:00,Lunes a Viernes,120.52,38
RUT_215_262_0898,PROV_GT13_0907,07:30:00,Solo fines de semana,146.07,228
RUT_216_263_0899,PROV_GT13_0908,08:45:00,Cada 15 minutos,30.35,88
RUT_217_264_0900,PROV_GT13_0909,09:00:00,Diario,48.84,78
RUT_218_265_0901,PROV_GT13_0910,10:15:00,Cada 30 minutos,96.47,206
RUT_219_266_0902,PROV_GT13_0911,11:30:00,Cada hora,16.0,62
RUT_220_267_0903,PROV_GT13_0912,12:45:00,Lunes a Viernes,117.33,113
RUT_221_268_0904,PROV_GT13_0913,13:00:00,Solo fines de semana,108.55,160
RUT_222_269_0905,PROV_GT13_0914,14:15:00,Cada 15 minutos,85.59,101
RUT_223_270_0906,PROV_GT14_0915,15:30:00,Diario,9.14,128
RUT_224_271_0907,PROV_GT14_0916,16:45:00,Cada 30 minutos,16.7,170
RUT_225_272_0908,PROV_GT14_0917,17:00:00,Cada hora,83.1,131
RUT_226_273_0909,PROV_GT14_0918,18:15:00,Lunes a Viernes,65.41,79
RUT_227_274_0910,PROV_GT14_0919,05:30:00,Solo fines de semana,147.14,203
RUT_228_275_0911,PROV_GT14_0920,06:45:00,Cada 15 minutos,73.42,154
RUT_229_276_0912,PROV_GT14_0921,07:00:00,Diario,8.42,99
RUT_230_277_0913,PROV_GT14_0922,08:15:00,Cada 30 minutos,108.99,239
RUT_231_278_0914,PROV_GT14_0923,09:30:00,Cada hora,123.45,233
RUT_232_279_0915,PROV_GT14_0924,10:45:00,Lunes a Viernes,138.95,62
RUT_233_280_0916,PROV_GT14_0925,11:00:00,Solo fines de semana,56.73,224
RUT_234_281_0917,PROV_GT14_0926,12:15:00,Cada 15 minutos,121.07,31
RUT_235_282_0918,PROV_GT14_0927,13:30:00,Diario,80.49,76
RUT_236_283_0919,PROV_GT14_0928,14:45:00,Cada 30 minutos,48.09,160
RUT_237_284_0920,PROV_GT14_0929,15:00:00,Cada hora,12.35,201
RUT_238_285_0921,PROV_GT14_0930,16:15:00,Lunes a Viernes,72.86,210
RUT_239_286_0922,PROV_GT14_0931,17:30:00,Solo fines de semana,85.85,136
RUT_240_287_0923,PROV_GT14_0932,18:45:00,Cada 15 minutos,21.01,148
RUT_241_288_0924,PROV_GT14_0933,05:00:00,Diario,98.66,130
RUT_242_289_0925,PROV_GT14_0934,06:15:00,Cada 30 minutos,112.48,59
RUT_243_290_0926,PROV_GT14_0935,07:30:00,Cada hora,111.29,29
RUT_244_291_0927,PROV_GT15_0936,08:45:00,Lunes a Viernes,58.58,36
RUT_245_292_0928,PROV_GT15_0937,09:00:00,Solo fines de semana,142.3,227
RUT_246_293_0929,PROV_GT15_0938,10:15:00,Cada 15 minutos,64.04,130
RUT_247_294_0930,PROV_GT15_0939,11:30:00,Diario,43.35,183
RUT_248_295_0931,PROV_GT15_0940,12:45:00,Cada 30 minutos,106.71,215
RUT_249_296_0932,PROV_GT15_0941,13:00:00,Cada hora,73.41,194
RUT_250_297_0933,PROV_GT15_0942,14:15:00,Lunes a Viernes,102.12,107
RUT_251_298_0934,PROV_GT15_0943,15:30:00,Solo fines de semana,92.14,73
RUT_252_299_0935,PROV_GT16_0944,16:45:00,Cada 15 minutos,98.06,88
RUT_253_300_0936,PROV_GT16_0945,17:00:00,Diario,44.27,19
RUT_254_301_0937,PROV_GT16_0946,18:15:00,Cada 30 minutos,37.6,198
RUT_255_302_0938,PROV_GT16_0947,05:30:00,Cada hora,14.45,201
RUT_256_303_0939,PROV_GT16_0948,06:45:00,Lunes a Viernes,68.84,199
RUT_257_304_0940,PROV_GT16_0949,07:00:00,Solo fines de semana,112.64,158
RUT_258_305_0941,PROV_GT16_0950,08:15:00,Cada 15 minutos,130.76,89
RUT_259_306_0942,PROV_GT16_0951,09:30:00,Diario,35.33,181
RUT_260_307_0943,PROV_GT16_0952,10:45:00,Cada 30 minutos,131.83,18
RUT_261_308_0944,PROV_GT16_0953,11:00:00,Cada hora,31.51,161
RUT_262_309_0945,PROV_GT16_0954,12:15:00,Lunes a Viernes,83.55,112
RUT_263_310_0946,PROV_GT16_0955,13:30:00,Solo fines de semana,44.04,128
RUT_264_311_0947,PROV_GT16_0956,14:45:00,Cada 15 minutos,132.04,191
RUT_265_312_0948,PROV_GT16_0957,15:00:00,Diario,25.59,235
RUT_266_313_0949,PROV_GT16_0958,16:15:00,Cada 30 minutos,138.79,22
RUT_267_314_0950,PROV_GT16_0959,17:30:00,Cada hora,9.26,77
RUT_268_315_0951,PROV_GT16_0960,18:45:00,Lunes a Viernes,81.59,215
RUT_269_316_0952,PROV_GT17_0961,05:00:00,Solo fines de semana,9.96,222
RUT_270_317_0953,PROV_GT17_0962,06:15:00,Cada 15 minutos,98.53,33
RUT_271_318_0954,PROV_GT17_0963,07:30:00,Diario,76.25,134
RUT_272_319_0955,PROV_GT17_0964,08:45:00,Cada 30 minutos,92.15,162
RUT_273_320_0956,PROV_GT17_0965,09:00:00,Cada hora,120.5,220
RUT_274_321_0957,PROV_GT17_0966,10:15:00,Lunes a Viernes,32.57,112
RUT_275_322_0958,PROV_GT17_0967,11:30:00,Solo fines de semana,124.14,104
RUT_276_323_0959,PROV_GT17_0968,12:45:00,Cada 15 minutos,90.55,78
RUT_277_324_0960,PROV_GT17_0969,13:00:00,Diario,93.6,191
RUT_278_325_0961,PROV_GT17_0970,14:15:00,Cada 30 minutos,100.53,51
RUT_279_326_0962,PROV_GT17_0971,15:30:00,Cada hora,73.12,118
RUT_280_327_0963,PROV_GT17_0972,16:45:00,Lunes a Viernes,79.32,138
RUT_281_328_0964,PROV_GT17_0973,17:00:00,Solo fines de semana,88.04,181
RUT_282_329_0965,PROV_GT17_0974,18:15:00,Cada 15 minutos,140.4,61
RUT_283_330_0966,PROV_GT18_0975,05:30:00,Diario,40.42,149
RUT_284_331_0967,PROV_GT18_0976,06:45:00,Cada 30 minutos,48.35,81
RUT_285_332_0968,PROV_GT18_0977,07:00:00,Cada hora,11.16,223
RUT_286_333_0969,PROV_GT18_0978,08:15:00,Lunes a Viernes,42.02,181
RUT_287_334_0970,PROV_GT18_0979,09:30:00,Solo fines de semana,17.17,209
RUT_288_335_0971,PROV_GT19_0980,10:45:00,Cada 15 minutos,125.75,83
RUT_289_336_0972,PROV_GT19_0981,11:00:00,Diario,29.58,101
RUT_290_337_0973,PROV_GT19_0982,12:15:00,Cada 30 minutos,13.9,204
RUT_291_338_0974,PROV_GT19_0983,13:30:00,Cada hora,85.36,34
RUT_292_339_0975,PROV_GT19_0984,14:45:00,Lunes a Viernes,112.08,217
RUT_293_340_0976,PROV_GT19_0985,15:00:00,Solo fines de semana,125.32,39
RUT_294_341_0977,PROV_GT19_0986,16:15:00,Cada 15 minutos,14.34,210
RUT_295_342_0978,PROV_GT19_0987,17:30:00,Diario,131.37,102
RUT_296_1_0979,PROV_GT19_0988,18:45:00,Cada 30 minutos,138.0,64
RUT_297_2_0980,PROV_GT19_0989,05:00:00,Cada hora,6.15,110
RUT_298_3_0981,PROV_GT19_0990,06:15:00,Lunes a Viernes,98.21,182
RUT_299_4_0982,PROV_GT20_0991,07:30:00,Solo fines de semana,110.17,70
RUT_300_5_0983,PROV_GT20_0992,08:45:00,Cada 15 minutos,132.7,18
RUT_301_6_0984,PROV_GT20_0993,09:00:00,Diario,94.72,210
RUT_302_7_0985,PROV_GT20_0994,10:15:00,Cada 30 minutos,59.33,16
RUT_303_8_0986,PROV_GT20_0995,11:30:00,Cada hora,62.74,177
RUT_304_9_0987,PROV_GT20_0996,12:45:00,Lunes a Viernes,20.96,219
RUT_305_10_0988,PROV_GT20_0997,13:00:00,Solo fines de semana,111.74,178
RUT_306_11_0989,PROV_GT20_0998,14:15:00,Cada 15 minutos,122.5,159
RUT_307_12_0990,PROV_GT20_0999,15:30:00,Diario,108.82,136
RUT_308_13_0991,PROV_GT20_1000,16:45:00,Cada 30 minutos,61.64,219
RUT_309_14_0992,PROV_GT20_1001,17:00:00,Cada hora,120.17,213
RUT_310_15_0993,PROV_GT21_1002,18:15:00,Lunes a Viernes,64.45,188
RUT_311_16_0994,PROV_GT21_1003,05:30:00,Solo fines de semana,17.22,193
RUT_312_17_0995,PROV_GT21_1004,06:45:00,Cada 15 minutos,5.9,103
RUT_313_18_0996,PROV_GT21_1005,07:00:00,Diario,50.46,151
RUT_314_19_0997,PROV_GT21_1006,08:15:00,Cada 30 minutos,17.36,132
RUT_315_20_0998,PROV_GT21_1007,09:30:00,Cada hora,140.04,131
RUT_316_21_0999,PROV_GT21_1008,10:45:00,Lunes a Viernes,43.08,112
RUT_317_22_1000,PROV_GT22_1009,11:00:00,Solo fines de semana,121.05,26
RUT_318_23_1001,PROV_GT22_1010,12:15:00,Cada 15 minutos,107.22,123
RUT_319_24_1002,PROV_GT22_1011,13:30:00,Diario,137.48,17
RUT_320_25_1003,PROV_GT22_1012,14:45:00,Cada 30 minutos,30.31,155
RUT_321_26_1004,PROV_GT22_1013,15:00:00,Cada hora,138.54,57
RUT_322_27_1005,PROV_GT22_1014,16:15:00,Lunes a Viernes,88.7,153
RUT_323_28_1006,PROV_GT22_1015,17:30:00,Solo fines de semana,52.03,184
RUT_324_29_1007,PROV_GT22_1016,18:45:00,Cada 15 minutos,91.74,187
RUT_325_30_1008,PROV_GT22_1017,05:00:00,Diario,108.73,195
RUT_326_31_1009,PROV_GT22_1018,06:15:00,Cada 30 minutos,120.67,38
RUT_327_32_1010,PROV_GT22_1019,07:30:00,Cada hora,113.8,114
RUT_328_33_1011,PROV_GT01_0000,08:45:00,Lunes a Viernes,63.5,76
RUT_329_34_1012,PROV_GT01_0001,09:00:00,Solo fines de semana,12.57,32
RUT_330_35_1013,PROV_GT01_0002,10:15:00,Cada 15 minutos,31.56,171
RUT_331_36_1014,PROV_GT01_0003,11:30:00,Diario,124.41,45
RUT_332_37_1015,PROV_GT01_0004,12:45:00,Cada 30 minutos,53.8,109
RUT_333_38_1016,PROV_GT01_0005,13:00:00,Cada hora,132.06,73
RUT_334_39_1017,PROV_GT01_0006,14:15:00,Lunes a Viernes,103.03,24
RUT_335_40_1018,PROV_GT01_0007,15:30:00,Solo fines de semana,23.09,230
RUT_336_41_1019,PROV_GT01_0008,16:45:00,Cada 15 minutos,134.03,157
